-- phpMyAdmin SQL Dump
-- version 4.4.10
-- http://www.phpmyadmin.net
--
-- Host: bdlivre.ufrgs.br
-- Tempo de geração: 07/11/2018 às 14:31
-- Versão do servidor: 5.5.31
-- Versão do PHP: 5.6.20

SET SQL_MODE = "NO_AUTO_VALUE_ON_ZERO";
SET time_zone = "+00:00";


/*!40101 SET @OLD_CHARACTER_SET_CLIENT=@@CHARACTER_SET_CLIENT */;
/*!40101 SET @OLD_CHARACTER_SET_RESULTS=@@CHARACTER_SET_RESULTS */;
/*!40101 SET @OLD_COLLATION_CONNECTION=@@COLLATION_CONNECTION */;
/*!40101 SET NAMES utf8mb4 */;

--
-- Banco de dados: `pmmpub`
--

-- --------------------------------------------------------

--
-- Estrutura para tabela `Abrangencia`
--

CREATE TABLE IF NOT EXISTS `Abrangencia` (
  `CodAbrangencia` int(11) NOT NULL,
  `NomeAbrangencia` varchar(100) NOT NULL
) ENGINE=InnoDB DEFAULT CHARSET=utf8;

--
-- Fazendo dump de dados para tabela `Abrangencia`
--

INSERT INTO `Abrangencia` (`CodAbrangencia`, `NomeAbrangencia`) VALUES
(1, 'Local'),
(2, 'Regional'),
(3, 'Nacional'),
(4, 'Internacional');

-- --------------------------------------------------------

--
-- Estrutura para tabela `Artigo`
--

CREATE TABLE IF NOT EXISTS `Artigo` (
  `CodArtigo` int(11) NOT NULL,
  `NomeArtigo` varchar(300) NOT NULL,
  `NomeArtigoIngles` varchar(300) DEFAULT NULL,
  `Resumo` varchar(5000) NOT NULL,
  `NomeRevistaConferencia` varchar(300) DEFAULT NULL,
  `Volume` varchar(45) DEFAULT NULL,
  `Numero` varchar(10) DEFAULT NULL,
  `AnoPublicacao` year(4) NOT NULL,
  `Paginas` varchar(15) DEFAULT NULL,
  `IndicadorRevistaConferencia` varchar(1) NOT NULL,
  `DataInicioEstudo` date DEFAULT NULL,
  `DataFimEstudo` date DEFAULT NULL,
  `IndicadorMulticentrico` varchar(1) NOT NULL,
  `UrlArtigo` varchar(500) DEFAULT NULL,
  `CodObjetoPesquisa` int(11) NOT NULL,
  `CodAbrangencia` int(11) NOT NULL,
  `CodUsuarioInsercao` int(11) NOT NULL,
  `CodUsuarioUltimaAtu` int(11) NOT NULL,
  `DataInsercao` datetime NOT NULL,
  `DataUltimaAtu` datetime NOT NULL
) ENGINE=InnoDB DEFAULT CHARSET=utf8;

--
-- Fazendo dump de dados para tabela `Artigo`
--

INSERT INTO `Artigo` (`CodArtigo`, `NomeArtigo`, `NomeArtigoIngles`, `Resumo`, `NomeRevistaConferencia`, `Volume`, `Numero`, `AnoPublicacao`, `Paginas`, `IndicadorRevistaConferencia`, `DataInicioEstudo`, `DataFimEstudo`, `IndicadorMulticentrico`, `UrlArtigo`, `CodObjetoPesquisa`, `CodAbrangencia`, `CodUsuarioInsercao`, `CodUsuarioUltimaAtu`, `DataInsercao`, `DataUltimaAtu`) VALUES
(1, 'A contribuição do Programa Mais Médicos: análise a partir das recomendações da OMS para provimento de médicos', 'Mais Médicos (More Doctors) Program: its contribution in view of WHO recommendations for provision of doctors', 'Este estudo tem como objetivo analisar se o Programa Mais Médicos (PMM) contemplou as recomendações da Organização Mundial da\r\nSaúde (OMS) relacionadas ao aprimoramento da atração, do recrutamento e da retenção de profissionais de saúde em áreas remotas e rurais.\r\nTrata-se de um estudo descritivo, qualitativo, baseado em análise documental, no intuito de comparar se as recomendações publicadas em 2010 pela OMS foram contempladas na Lei 12.871/13, que instituiu o PMM. Ao total, foram sistematizadas 16 recomendações da OMS, para as quais o PMM atendeu a 37,5%. Entre as recomendações não contempladas, encontram-se a ausência de programas de desenvolvimento da carreira e de medidas de reconhecimento público. Algumas recomendações que não foram atendidas pela PMM já estavam sendo desenvolvidas, tais como o Programa Nacional de Bolsa Permanência para estudantes de nível superior e a inserção de diferentes profissionais de saúde no SUS (Estratégia Saúde da Família). O programa apresenta fatores inovadores, como a mudança curricular do curso\r\nde medicina e o serviço médico obrigatório, entretanto, poderia ter feito mais investimentos na categoria de apoio pessoal e profissional.', 'Ciência e Saúde Coletiva', '21', '9', 2016, '2773-2784', 'R', '2016-01-01', '2016-12-31', 'S', 'http://www.scielo.br/pdf/csc/v21n9/1413-8123-csc-21-09-2773.pdf', 1, 3, 1, 1, '2018-10-11 12:49:37', '2018-10-30 17:10:25'),
(2, 'Efetividade da Estratégia Saúde da Família em unidades com e sem Programa Mais Médicos em município no oeste do Paraná', 'Effectiveness of the Family Health Strategy in units with, and without, the Mais Médicos (More Doctors) Program in a municipality in the west of Paraná state, Brazil', 'Após dois anos de implantação do Programa Mais Médicos no país, estudar sua viabilidade faz-se necessário. Esta pesquisa teve como objetivo avaliar a efetividade da assistência oferecida na atenção primária, segundo a ótica dos profissionais de saúde, comparando-se unidades com e sem médicos do Programa Mais Médicos. Pesquisa quantitativa que utilizou para coleta de dados, o instrumento Primary Care Assesment Tool ? Brasil, versão para profissionais de saúde, na totalidade das unidades de saúde da família, em município de médio porte, no interior do Paraná, de novembro de 2015 a fevereiro de 2016. Abrangeu 72 profissionais, 47 alocados em unidades da estratégia saúde da família e 25 nessas unidades contendo o programa. Os resultados evidenciaram que os escores dos atributos essencial (6,93) e geral (7,10) obtiveram valores considerados orientados aos preceitos da atenção primária, em ambas as unidades. Contudo, a acessibilidade\r\n(4,17), em ambas as unidades e coordenação ? sistema de informações (6,57), em unidades com o Programa Mais Médicos, não atingiram avaliação satisfatória, o que remete à necessidade de alteração na organização da estratégia saúde da família, independente da implantação desse programa.', ' Ciência e Saúde Coletiva', '21', '9', 2016, '2849-2860', 'R', '2015-01-01', '2016-12-31', 'N', 'http://www.scielo.br/pdf/csc/v21n9/1413-8123-csc-21-09-2849.pdf', 2, 1, 1, 1, '2018-10-19 21:33:15', '2018-10-20 13:11:22'),
(3, 'Avaliação da satisfação dos usuários e da responsividade dos serviços em municípios inscritos no Programa Mais Médicos', 'Evaluation of user satisfaction and service responsiveness in municipalities enrolled in the Mais Médicos (More Doctors) Program', 'A finalidade do Programa Mais Médicos é diminuir a carência de médicos e reduzir as desigualdades regionais no acesso à atenção à saúde.\r\nO estudo objetivou avaliar a satisfação dos usuários com os médicos do Programa e a responsividade destes serviços de saúde. Estudo transversal descritivo realizado em 32 municípios com 20% ou mais de extrema pobreza com 263 usuários dos serviços de saúde. Aplicou-se um questionário estruturado com perguntas abertas e fechadas. Os usuários expressaram satisfação quanto ao atendimento médico, às informações recebidas sobre a doença e o tratamento, e a clareza e a compreensão das indicações. O bom desempenho técnico e\r\nhumanizado dos médicos contribuiu para a satisfação dos usuários que ressaltaram a importância da continuidade do programa. Na dimensão responsividade, a maioria dos usuários externou contentamento quanto aos aspectos não médicos do cuidado: rapidez no agendamento, tempo de espera inferior a uma hora e privacidade. As sugestões dos usuários de melhorias na infraestrutura, maior disponibilidade de medicamentos e presença de mais médicos, devem ser consideradas pelos gestores do Sistema Único de Saúde para\r\navançar na garantia do direito constitucional de acesso à saúde no Brasil.', 'Ciência e Saúde Coletiva', '21', '9', 2016, '2749-2759', 'R', '2014-01-01', '2015-12-31', 'S', 'http://www.scielo.br/pdf/csc/v21n9/1413-8123-csc-21-09-2749.pdf', 2, 3, 1, 1, '2018-10-19 21:41:00', '2018-10-20 13:11:59'),
(4, 'A implementação do Programa Mais Médicos e a integralidade nas práticas da Estratégia Saúde da Família', 'The implementation of the Mais Médicos (More Doctors) Program and comprehensiveness of care in the Family Health Strategy', 'O Programa Mais Médicos (PMM) é uma estratégia do governo do Brasil que visa à ampliação do acesso a profissionais médicos e,\r\nconsequentemente, melhorias na qualidade dos serviços de Atenção Primária à Saúde. Objetivou-se analisar a percepção dos outros membros das equipes de saúde da família acerca da integralidade nas práticas a partir da incorporação do médico do Programa. Estudo em 32 municípios pobres nas cinco regiões do Brasil, nos quais foram entrevistados 78 profissionais de saúde, não médicos,\r\ndas equipes que receberam médicos do PMM. As entrevistas foram submetidas à análise de conteúdo auxiliada pelo software Atlas.ti. Os principais achados revelaram o aumento do acesso e da acessibilidade ao serviço de saúde da Estratégia Saúde da Família; acolhimento humanizado e vínculo: compreensão, parceria, amizade e respeito; o resgate da clínica: tempo dedicado, escuta atenta, exame físico minucioso; o desejo e a disponibilidade para resolver problemas; a continuidade dos cuidados; a garantia de visitas domiciliares e as\r\nequipes multiprofissionais articuladas em redes. Conclui-se que o Programa Mais Médicos contribuiu na presença de traços de integralidade nas práticas de saúde, impactando positivamente na melhoria da Atenção Básica à Saúde.', 'Ciência e Saúde Coletiva', '21', '9', 2016, '2729-2738', 'R', '2014-01-01', '2015-12-31', 'S', 'http://www.scielo.br/pdf/csc/v21n9/1413-8123-csc-21-09-2729.pdf', 2, 3, 1, 1, '2018-10-19 21:41:01', '2018-10-20 13:12:29'),
(5, 'Narrativas e Memórias de Docentes Médicos sobre o Ensino Baseado na Comunidade no Sertão Nordestino', 'Narratives and Memories of Professors of Medicine on Community-Based Education in the Brazilian Northeast', 'O ensino baseado na comunidade trata-se de uma abordagem educacional voltada à inserção de estudantes em cenários de prática real desde os anos iniciais dos cursos, principalmente em comunidades urbanas e/ou rurais e em serviços da atenção primária à saúde, em que o planejamento, a execução e a avaliação das ações desenvolvidas partem das necessidades de saúde local e, idealmente, inclui a participação de pessoas da comunidade, das equipes de saúde e da própria universidade em todas as suas etapas. Este estudo problematizou o processo de implementação de um currículo baseado no ensino em comunidade em uma escola médica criada no âmbito do Programa Mais Médicos, no sertão nordestino. Para isto, trabalhou-se com interlocuções teóricas entre narrativas, memória e currículo. Teve-se por objetivo compreender como docentes médicos vivenciam o ensino baseado na comunidade, tendo em vista suas memórias da formação médica. Trata-se de estudo qualitativo, nos marcos da história oral. Para a produção das narrativas e contextualização dos sujeitos, utilizaram-se observações participantes, questionários socioeconômicos e entrevistas individuais semi-estruturadas. As informações foram  analisadas  pela  técnica  de  codificação  temática.  Os  resultados  são  apresentados  e  discutidos por  meio  de  duas  categorias  temáticas:  ?eles  serão  médicos  dentro  de  uma  comunidade?:  currículo, memória e formação médica; e ?na hora em que eu cheguei lá, quis ir embora?: atuação docente no ensino baseado na comunidade. As narrativas desvelaram as disparidades e incongruências entre uma formação  médica  modelada  nas  prescrições  do  currículo  ?tradicional?  e  as  expectativas  de  atuação docente num currículo ?inovador?, caracterizado pela centralidade do estudante e das necessidades de saúde locais que produzem arranjos pedagógicos diversos próprios do ensino baseado na comunidade. Nesse panorama, imbricam-se desafios, dificuldades e gratificações num movimento ainda amorfo e num espaço ainda com muitos vazios que esperam para serem preenchidos, descritos, narrados com futuras histórias de vida que poderão elucidar como se aprendeu a ser docente nesse horizonte que se espraia a nossa frente. Cumpre destacar a polissemia do termo ?comunidade? no contexto estudado e as dificuldades vivenciadas no início da carreira docente, o que evidencia a necessidade de investimentos em desenvolvimento docente nos cursos médicos, em geral, e nos recém-criados, em particular.', 'Revista Brasileira de Educação Médica', '42', '1', 2018, '142-151', 'R', '2013-01-01', '2015-12-31', 'N', 'http://www.scielo.br/pdf/rbem/v42n1/0100-5502-rbem-42-01-0142.pdf', 3, 2, 1, 1, '2018-10-19 21:55:41', '2018-10-30 12:03:25'),
(6, ' Cobertura universal em saúde e o Programa Mais Médicos no Brasil', 'Universal health coverage and the More Doctors physician recruitment program (Programa Mais Médicos) in Brazil', 'A cobertura universal pode ser entendida como uma meta que engloba diversas medidas que permitem a ampliação do acesso pelos sistemas de saúde. A atenção primária à saúde (APS) deve ser vista como um aspecto essencial desse processo, com papel de re-organização dos serviços com base nas necessidades em saúde. O Programa Mais Médicos no Brasil traz uma série de medidas para fortalecer a APS no país. A partir de uma revisão conceitual de cobertura universal em saúde e de uma análise do Programa Mais Médicos sob a ótica dos resultados obtidos em termos de fortalecimento da APS no Sistema Único de Saúde (SUS), o objetivo do artigo foi discutir a potencial contribuição do Programa Mais Médicos para o avanço do sistema de saúde brasileiro rumo à cobertura universal. Conclui-se que o Programa Mais Médicos é um propulsor para o alcance da cobertura universal no SUS.', 'SCIELO', NULL, NULL, 2018, NULL, 'R', NULL, NULL, 'N', 'http://iris.paho.org/xmlui/bitstream/handle/123456789/34589/v42e12018.pdf?sequence=1&isAllowed=y', 1, 3, 3, 1, '2018-10-31 16:11:46', '2018-10-31 20:26:19'),
(7, 'O Projeto Mais Médicos para o Brasil e a construção de mitos: uma leitura bartheana', NULL, 'O Projeto Mais Médicos para o Brasil \r\n(PMMB) tenciona prover recursos humanos \r\npara o Sistema Único de Saúde por meio \r\nda melhoria da infraestrutura da rede \r\nde saúde; da ampliação das reformas \r\neducacionais dos cursos de Medicina e \r\nresidência médica; e da provisão de médicos \r\npara áreas vulneráveis. A implantação do \r\nprojeto enfrentou reações contrárias à \r\nproposta, envolvendo principalmente as \r\ninstituições médicas do país. Inspirados no \r\nconceito de mito, realizamos uma leitura \r\ndos discursos com que o Conselho Federal \r\nde Medicina sustentou o debate, por meio \r\nda análise do Jornal Medicina durante \r\nos primeiros 24 meses da implantação \r\ndo PMMB. O mito é revelador de como \r\npráticas discursivas introduzem no \r\nimaginário coletivo alegorias que demarcam \r\nespaços ideológicos e permite analisar o \r\nprocesso de disputa social e das condições \r\nhistóricas de formulação e implantação de \r\num programa governamental.', NULL, NULL, NULL, 2017, NULL, 'R', '2013-02-04', '2014-08-05', 'N', 'http://www.scielo.br/pdf/icse/v21s1/1807-5762-icse-1807-576220160540.pdf', 1, 3, 3, 3, '2018-11-05 14:26:34', '2018-11-05 14:26:34'),
(8, ' O Programa Mas Médicos em Pernambuco: promoção da saúde e da cidadania em contextos sociais de vulnerabilidade', 'The Mais Medicos Program in Pernambuco: promotion of health and citizenship in social contexts of vulnerability ', 'Este trabalho traz os resultados de um estudo de casos múltiplos acerca do Programa\r\nMais Médicos (PMM) em três municípios de Pernambuco: Vitória de Santo Antão, Águas\r\nBelas e Ouricuri. Nesses locais, entre junho e agosto de 2016, foram selecionadas\r\nUnidades de Saúde da Família (USF), onde atuam médicos e médicas cubanos da\r\ncooperação entre o governo brasileiro e a Organização Pan-Americana da\r\nSaúde/Organização Mundial de Saúde (OPAS/OMS). O objetivo do PMM é reduzir os\r\nvazios assistenciais, por meio da expansão da rede de serviços da Atenção Básica, tendo\r\ncomo consequência a ampliação e a melhoria da atenção à saúde aos usuários do\r\nSistema Único de Saúde (SUS). A metodologia empregada abrangeu dados quantitativos\r\ndo Ministério da Saúde e do IBGE, e dados qualitativos obtidos por meio de entrevistas\r\nsemiestruturadas e grupos focais, envolvendo profissionais das Equipes de Saúde da\r\nFamília (eSF) e usuários dos serviços. Financiada pela OPAS/OMS, a pesquisa que\r\noriginou este estudo aponta não só uma melhoria da situação de saúde da população e a\r\nsatisfação dos usuários com os serviços prestados pelas eSFs, mas também identifica as\r\nbarreiras econômicas e sociais que impedem o acesso pleno às USFs como portas\r\npreferenciais de acesso ao SUS. Além disso, destaca-se que o PMM promoveu uma\r\ncultura do autocuidado entre as pessoas e o despertar de uma consciência a respeito do\r\nexercício da cidadania, que só pode ser efetivada por meio do usufruto de políticas\r\npúblicas bem estruturadas.', NULL, NULL, NULL, 2017, NULL, 'R', '2016-02-02', '2016-12-04', 'N', NULL, 1, 2, 3, 3, '2018-11-05 14:35:40', '2018-11-05 16:59:55'),
(9, ' Escala de Avaliação das Percepções sobre o Programa Mais Médicos', 'Scale for Assessment of Beliefs about the Program More Doctors ', 'A presente pesquisa objetivou criar um instrumento de avaliação da eficácia do Programa Mais Médicos (PMM), apreendendo as percepções de uma amostra não probabilística nacional estratificada de 643 brasileiros. Foi realizada análise fatorial na escala, e os dados de avaliação do PMM foram analisados por meio de estatística descritiva, bivariada e multivariada. Com indicação de melhores valores psicométricos e explicação teórica, o método Componentes Principais, com rotação varimax, estruturou os 35 itens da escala dicotômica em dois fatores, que explicam conjuntamente 56,92% da variância total: “Aspectos estruturais e organizacionais do Programa Mais Médicos” (α = 0,96) e “A atuação dos médicos no Programa Mais Médicos” (α = 0,74). Contempla-se, ainda, que a eficácia do PMM foi avaliada negativamente. Esses achados revelam que o instrumento é útil para avaliação do PMM, ainda escasso de instrumentos na literatura para sua avaliação, podendo ser adequadamente utilizada em estudos futuros.', NULL, NULL, NULL, 2017, NULL, 'R', NULL, NULL, 'N', 'http://www.scielo.br/pdf/pusf/v22n3/2175-3563-pusf-22-03-501.pdf ', 1, 3, 3, 3, '2018-11-05 14:43:49', '2018-11-05 14:43:49'),
(10, 'Efetividade da Estratégia Saúde da Família em unidades com e sem Programa Mais Médicos em município no oeste do Paraná, Brasil', 'Effectiveness of the Family Health Strategy in units with, and without, the Mais Médicos (More Doctors) Program in a municipality in the west of Paraná state, Brazil', 'Após dois anos de implantação do Programa Mais Médicos no país, estudar sua viabilidade faz-se necessário. Esta pesquisa teve como objetivo avaliar a efetividade da assistência oferecida na atenção primária, segundo a ótica dos profissionais de saúde, comparando-se unidades com e sem médicos do Programa Mais Médicos.Pesquisa quantitativa que utilizou para coleta de dados, o instrumento Primary Care Assesment Tool – Brasil, versão para profissionais de saúde, na totalidade das unidades de saúde da família, em município de médio porte, no interior do Paraná, de novembro de 2015 a fevereiro de 2016. Abrangeu 72 profissionais, 47 alocados em unidades da estratégia saúde da família e 25 nessas unidades contendo o programa. Os resultados evidenciaram que os escores dos atributos essencial (6,93) e geral (7,10) obtiveram valores considerados orientados aos preceitos da atenção primária, em ambas as unidades. Contudo, a acessibilidade (4,17), em ambas as unidades e coordenação – sistema de informações (6,57), em unidades com o Programa Mais Médicos, não atingiram avaliação satisfatória, o que remete à necessidade de alteração na organização da estratégia saúde da família, independente da implantação desse programa.', 'Ciência e Saúde Coletiva', '21', '9', 2016, '2849-2860', 'R', '2015-11-01', '2016-02-01', 'N', 'http://www.scielo.br/pdf/csc/v21n9/1413-8123-csc-21-09-2849.pdf ', 2, 1, 4, 4, '2018-11-05 14:53:06', '2018-11-05 14:53:06'),
(11, ' Programa Mais Médicos no Nordeste: avaliação das internações por condições sensíveis à Atenção Primária à Saúde ', 'The Mais Médicos (More Doctors) Program in Northeast: evaluation of hospitalizations for Primary Healthcare-sensitive conditions. ', 'Este artigo analisa o incremento de profissionais na Região Nordeste propiciado pelo Programa Mais Médicos. A efetividade do incremento foi analisada por meio do indicador internações por condições sensíveis à Atenção Primária. A metodologia utilizada foi a abordagem quantitativa, a partir de dados acerca da distribuição e do provimento de médicos nos estados, e das internações por diarreia e gastroenterite no período de setembro de 2012 a agosto de 2015. A seleção do agravo considerou os aspectos da sua elevada frequência no período, simplicidade de intervenção e ocorrência histórica no Nordeste. Os resultados mostram que o Programa Mais Médicos influenciou na redução das internações por essa condição sensível, que diminuíram 35% no período investigado, com diferenças importantes entre os estados. Apesar da importância do aporte de profissionais médicos para o sistema de saúde, sabe-se que isoladamente o efeito do incremento profissional de uma categoria é limitado para o aprimoramento da APS.', NULL, NULL, NULL, 2016, NULL, 'R', '2012-03-02', '2015-05-04', 'N', NULL, 1, 2, 3, 3, '2018-11-05 14:56:31', '2018-11-05 14:56:31'),
(12, 'Análise das emendas parlamentares ao Programa Mais Médicos: o modelo de formação médica em disputa', NULL, 'O conjunto dos interesses e disputas envolvidos no processo, seja aperfeiçoando ou desvirtuando. Ressalta os confrontos nas emendas que atendem a interesses corporativos e aquelas aliadas ao princípio constitucional da universalidade, resultando em mudanças principalmente no Capítulo da Formação Médica. Conclui que a polêmica e o acirramento entre posições ideológicas não comprometeram a iniciativa governamental de diminuir a carência de médicos e fixá-los em áreas prioritárias do Sistema Único de Saúde (SUS).', NULL, NULL, NULL, 2017, NULL, 'R', '2016-03-01', '2016-12-15', 'N', 'http://www.scielo.br/pdf/sdeb/v41nspe3/0103-1104-sdeb-41-spe3-0060.pdf ', 1, 3, 3, 3, '2018-11-05 15:07:09', '2018-11-05 15:07:09'),
(13, 'Programa Mais Médicos, aperfeiçoando o SUS e democratizando a saúde: um balanço analítico do programa', 'Mais Médicos Program, improving SUS and democratizing health: an analytic balance of the program', 'Este trabalho visa analisar o Programa Mais Médicos (PMM) enquanto política pública da saúde, descrevendo algumas de suas características principais e apresentando dados que permitam uma visão sobre seu desempenho, a fim de trazer à luz, além de outros aspectos, a discrepância entre os resultados alcançados e a oposição feita ao programa pelo Conselho Federal de Medicina e pelo Conselho Regional de Medicina do Estado de São Paulo. Tomando como referência o ciclo de políticas públicas, o trabalho trata com especial ênfase as etapas de formulação e implementação. Utilizando como referencial analítico os conceitos de insulamento burocrático e janela de oportunidades, argumenta-se que o PMM possui aspectos instigantes, seja pelas características insuladas que marcam seu processo de formulação – levando a crer que o programa se manteve alheio a pressões externas durante essa fase –, seja pelo caráter oportuno gerado pelas chamadas Jornadas de Junho de 2013, que criaram condições necessárias para o governo federal lançar uma iniciativa claramente polêmica. Essas características, associadas ao significativo impacto social do programa, propiciam reflexões com potenciais aprendizados para processos envolvendo políticas públicas.', NULL, NULL, NULL, 2017, NULL, 'R', '2016-03-02', '2016-12-15', 'N', 'http://www.scielo.br/pdf/sausoc/v26n4/1984-0470-sausoc-26-04-872.pdf ', 1, 3, 3, 3, '2018-11-05 15:11:37', '2018-11-05 15:11:37'),
(14, 'Análise do Programa Mais Médicos à luz dos arranjos institucionais: intersetorialidade, relações federativas, participação social e territorialidade', 'Analysis of the Mais Médicos (More Doctors) Program in terms of its institutional arrangements: sector cooperation, federative relations, social participations and territoriality', 'O artigo analisa o Programa Mais Médicos, adotando como referencial o conceito de arranjo institucional, compreendido como as regras, organizações e processos que definem o desenho específico de uma determinada política pública, estabelecendo a articulação entre os seus atores e interesses. A adoção desse conceito permite compreender a dinâmica dos atores participantes desse arranjo e como se articulam a governança, a construção da decisão e a governabilidade dos atores, bem como o reflexo de todos esses fatores no desempenho da política pública. O aprofundamento da análise baseou-se em quatro categorias, consideradas fundamentais, para se compreender um arranjo organizacional no caso brasileiro: a intersetorialidade, as relações federativas, a participação social e a territorialidade. ', 'Ciência e Saúde Coletiva', '21', '9', 2016, '2761-2772', 'R', '2013-06-01', '2016-03-11', 'N', 'http://www.scielo.br/pdf/csc/v21n9/1413-8123-csc-21-09-2761.pdf ', 2, 3, 4, 4, '2018-11-05 15:12:53', '2018-11-05 15:12:53'),
(15, ' "Programa Mais Médicos" e a saúde Brasil', ' "More Doctors" Program and Health care in Brazil', 'O artigo apresenta a discussão do autor acerca do funcionamento e eficácia do PMM', NULL, NULL, NULL, 2013, NULL, 'R', NULL, NULL, 'N', 'http://www.sbcm.org.br/revistas/RBCM/RBCM-2013-04.pdf', 1, 3, 3, 3, '2018-11-05 15:18:04', '2018-11-05 15:18:04'),
(16, 'Jornais Folha de São Paulo e Correio Braziliense: o que dizem sobre o programa mais médicos?', 'Newspapers Folha de São Paulo and Correio Braziliense: what they say about the program More Doctors?', 'Analisa as publicações relacionadas ao Programa Mais Médicos de julho a setembro \r\nde 2013 e sua repercussão no Correio Braziliense e Folha de São Paulo. Trata-se de \r\num  estudo  descritivo  que  utilizou  de  metodologia qualiquantitativa. Os dados analisados e relacionados representam o que \r\no Programa assume na mídia impressa. Foram encontradas 363 publicações, sendo \r\n262 na Folha de São Paulo e 101 no Correio \r\nBraziliense. A palavra “Médicos” mais apareceu nos títulos, e na Folha de São Paulo \r\nforam 110 dos títulos negativos; no Correio \r\nBraziliense o caráter neutro esteve em 50 \r\ndas  publicações.  No  caráter  da  notícia, \r\n178  destas  são  pessimistas.  As  “neutras” \r\nrepresentaram  101  e  as  “otimistas”  83. \r\nVerificou-se  que  a  mídia  é  fundamental \r\npara a repercussão do Programa, mas não \r\ntransparece  a  verdade,  mas  a  opinião  de \r\njornalistas que escreveram as notícias relacionadas ao tema.', NULL, NULL, NULL, 2014, NULL, 'R', '2013-03-20', '2013-12-15', 'N', 'http://www.scielo.br/pdf/reeusp/v48nspe2/pt_0080-6234-reeusp-48-nspe2-00107.pdf', 1, 3, 3, 3, '2018-11-05 15:23:35', '2018-11-05 15:23:35'),
(17, 'Uma análise da luta das entidades médicas brasileiras diante do Programa Mais Médicos', ' An analysis of the Brazilian medical associations struggles confronting the Mor', 'Buscamos analisar a agenda política das principais entidades médicas nacionais brasileiras e suas lutas em torno do Programa Mais Médicos do Ministério da Saúde do Brasil. Trata-se de pesquisa de natureza qualitativa, de nível exploratório e de caráter analítico, baseada em diversas fontes que veicularam posições dessas entidades, de maio de 2010 a dezembro de 2014, e em publicações da imprensa, de junho de 2013 a dezembro de 2014, que foram sistematizadas segundo categorias elaboradas a partir da própria análise. Identificamos que as entidades médicas brasileiras realizaram intensa atuação conjunta, integrando interesses voltados aos setores público e privado. O apogeu se deu entre junho e outubro de 2013, nas mobilizações de resistência ao Programa Mais Médicos. Entretanto, registramos que divergências em torno das lutas contra este Programa fragilizaram as articulações políticas dessas entidades que haviam sido construídas nos últimos anos.', NULL, NULL, NULL, 2017, NULL, 'R', '2011-06-04', '2016-12-03', 'N', 'http://www.scielo.br/pdf/icse/v21s1/1807-5762-icse-1807-576220160363.pdf ', 1, 3, 3, 3, '2018-11-05 15:28:33', '2018-11-05 15:28:33'),
(18, 'Programa Mais Médicos: análise dos potenciais riscos e benefícios a partir da experiência como supervisor no município de Jandira', NULL, 'Trata-se de um relato de experiência sobre o trabalho de supervisão do Mais Médicos em uma cidade na região da Grande São Paulo ao longo de 2014. O programa Mais Médicos foi instituído pelo governo federal em 2013 e conta com a participação de médicos de diversos países, sendo que a maioria é de Cuba. Este relato de experiência procura elencar e analisar de forma sucinta alguns potenciais riscos e benefícios que o programa proporciona aos diversos atores envolvidos.', NULL, NULL, NULL, 2017, NULL, 'R', '2014-04-15', '2014-11-12', 'N', 'https://www.rbmfc.org.br/rbmfc/article/view/1098/834', 1, 1, 3, 3, '2018-11-05 15:31:56', '2018-11-05 15:31:56'),
(19, 'Desafios para assegurar a disponibilidade e acessibilidade à assistência médica no Sistema Único de Saúde ', ' Challenges for ensuring availability and accessibility to health care services under Brazil’s Unified Health System (SUS)', 'Este estudo tem o objetivo de compreender os desafios dos formuladores de políticas e gestores do SUS para assegurar a disponibilidade e a acessibilidade geográfica aos serviços prestados pelos médicos. A análise foi orientada por um quadro de análise do mercado de trabalho e das intervenções políticas na saúde. Foram identificados dois problemas centrais: escassez de médicos e má distribuição de profissionais entre os níveis de cuidados de saúde e entre as zonas geográficas. Nesta revisão, o foco é sobre oito intervenções nos últimos 30 anos, cujo objetivo principal era corrigir a má distribuição dos médicos no SUS, nomeadamente: o Projeto Rondon, o Programa de Interiorização do Trabalho em Saúde (PITS), o Programa de Apoio à Formação de Médicos Especialistas em Áreas Estratégicas (Pró-Residência), o Programa de Valorização dos Profissionais da Atenção Básica (PROVAB), o Programa Mais Médicos, entre outras. A discussão focaliza nos fatores que influenciam o resultado dessas intervenções.', NULL, NULL, NULL, 2017, NULL, 'R', NULL, NULL, 'N', 'http://www.scielo.br/pdf/csc/v22n4/1413-8123-csc-22-04-1165.pdf', 1, 3, 3, 3, '2018-11-05 15:36:27', '2018-11-05 15:36:27'),
(20, ' A ampliação das esquipes de saúde da família e o Programa Mais Médicos nos municípios brasileiros', NULL, 'O estudo analisou a evolução das equipes de saúde da família no Brasil, com base em dados secundários do Ministério da Saúde sobre as equipes de saúde da família implantadas em dezembro de 2012 e 2015 no Cadastro Nacional de Estabelecimentos de Saúde, segundo macrorregiões e portes populacionais dos municípios. Também foram analisadas internações por causas sensíveis à atenção primária, com base no Sistema de Informações Hospitalares, tendo como referência o ano de ocorrência da internação. Em 2015, mais de 70% dos municípios tinham aderido ao Programa Mais Médicos (quase 40% das equipes de saúde da família), assegurando a universalização em quase 100% dos municípios de menor porte populacional. Além da expansão, que incluiu mais de vinte milhões de habitantes, observou-se a substituição de equipes antes implantadas, sugerindo redução da rotatividade e fixação dos profissionais, o que pode ter sido estimulado pelo financiamento do Ministério da Saúde, desonerando os municípios. Internações por causas sensíveis à atenção primária reduziram-se ainda mais após a implantação do programa, sugerindo sua contribuição na melhoria do acesso e desempenho da atenção primária. Ainda há importantes desafios, e o programa representa um esforço para se alcançar a universalidade no sistema.', NULL, NULL, NULL, 2017, NULL, 'R', '2016-03-11', '2016-11-28', 'N', 'http://www.scielo.br/scielo.php?script=sci_arttext&pid=S1981-77462017000100131&lng=en&nrm=iso&tlng=pt', 1, 3, 3, 3, '2018-11-05 15:42:20', '2018-11-05 15:42:20'),
(21, 'Programa Mais Médicos – um ponto de vista desde a Inglaterra', 'Mais Médicos (More Doctors) Program - a view from England', 'O Programa Mais Médicos (PMM) é uma estratégia nacional para aumentar o número de médicos brasileiros formados entrando na área de cuidados primários e é, sem dúvida, a intervenção de recursos humanos mais importante na América Latina nos últimos anos. De uma perspectiva inglesa, é evidente que existem oportunidades para aprender com o PMM. Em primeiro lugar, o papel da OPAS no PMM fornece um exemplo para um modelo de migração de recursos e recrutamento humano global em toda a UE. O papel da OMS em influenciar e fiscalizar o recrutamento de médicos em toda a UE poderia ser uma oportunidade para melhorar a distribuição, evitando a dependência nas forças de mercado. Em segundo lugar, um processo centralmente coordenada e governada de acordo com critérios bem estabelecidos e as orientações constantes da lei tem ajudado a garantir que os médicos sejam alocados em regiões de maior necessidade. Por fim, a implementação de médicos de cuidados primários garante que as necessidades de toda a população sejam atendidas, incluindo em áreas de difícil alcance. No entanto, o Brasil não deve cair na armadilha de avaliar pouco. O Brasil pode fazer estudos robustos sobre a melhoria do acesso pelos resultados e equidade com que a ESF já foi creditada. A avaliação deve incluir o impacto do PMM em Cuba.', NULL, NULL, NULL, 2016, NULL, 'R', '2014-05-12', '2014-10-20', 'N', 'https://www.scielosp.org/pdf/csc/v21n9/1413-8123-csc-21-09-2919.pdf ', 1, 4, 3, 3, '2018-11-05 15:46:13', '2018-11-05 15:46:13'),
(22, 'A Atenção Básica no Brasil e o Programa Mais Médicos: uma análise de indicadores de produção', 'Primary Health Care in Brazil and the Mais Medicos (More Doctors) Program: an analysis of production indicators', 'O presente estudo analisa a produção de consultas e encaminhamentos médicos e das equipes da estratégia saúde da família realizados na atenção básica no Brasil, com o enfoque no Programa Mais Médicos (PMM). Estudo seccional sobre a produção de trabalho do médico e das equipes que pertencem ou não ao PMM em 2014 a partir de dados secundários do SIAB e ESUS. Foram construídos indicadores absolutos, como total de consultas médicas mensais, encaminhamentos médicos e atendimentos a grupos de educação em saúde, e indicadores relativos, como taxas e produtividade semanal de consultas médicas, segundo o perfil de municípios brasileiros. A mediana do total de consultas médicas no Brasil produzidas no Brasil foi de 285 por mês, o que corresponde a uma média de 14,4 consultas/dia. Nos municípios mais pobres, a produção e a produtividade de consultas pelos médicos do PMM foi mais elevada. O volume de atividades educativas e procedimentos da equipe com Mais Médicos foi maior nas capitais brasileiras. O PMM expandiu o acesso aos serviços de saúde nas regiões com maior vulnerabilidade social, contribuindo para a consolidação da atenção básica em todo o território brasileiro.', NULL, NULL, NULL, 2016, NULL, 'R', '2014-01-01', '2014-12-30', 'N', 'http://www.scielo.br/scielo.php?script=sci_arttext&pid=S1413-81232016000902685&lng=pt&tlng=pt', 1, 3, 3, 3, '2018-11-05 15:52:57', '2018-11-05 15:52:57'),
(23, 'O que pode o Mais Médicos?', ' Where now for the Mais Médicos (More Doctors) Program?', 'A primeira observação a fazer é de reconhecimento pelo modo como os autores, utilizando-se de diferentes fontes e referências, construíram uma narrativa abrangente acerca da implementação da Estratégia de Saúde da Família (ESF) no Brasil, da década de 1990 até a atualidade, indicando avanços e limites deste processo até aprofundar-se numa análise crítica sobre o Programa Mais Médicos (PMM). A despeito de grande concordância com os autores, buscarei explorar alguns aspectos passíveis de agregações mais relevantes.', NULL, NULL, NULL, 2016, NULL, 'R', '2013-12-22', '2016-11-18', 'N', 'http://www.scielo.br/scielo.php?script=sci_arttext&pid=S1413-81232016000902672&lng=pt&tlng=pt', 1, 3, 3, 3, '2018-11-05 15:57:52', '2018-11-05 15:57:52'),
(24, 'Análise comparativa sobre a implantação do Programa Mais Médicos em agregados de municípios do Rio Grande do Sul', 'A comparative analysis of the implementation of the Mais Médicos (More Doctors) Program in municipalities in the State of Rio Grande do Sul, Brazil', 'A partir da implantação de uma estratégia programática governamental, o Programa Mais Médicos (PMM), tem ocorrido a inserção e o incremento da ocupação e atividade profissional médica em serviços de Atenção Primária à Saúde (APS) em todo o país. Considerada tal iniciativa, que resultados de curto prazo podem ser identificados e comparados entre agregados de municípios do Rio Grande do Sul? O artigo apresenta um estudo de caso-controle de agregados municipais, a partir de dados de fontes secundárias, com propósito exploratório e análise descritiva de um conjunto selecionado de indicadores correlatos aos serviços de APS. Observou-se o incremento de indicadores estruturais nos agregados de municípios com implantação do PMM. Para os indicadores de resultados selecionados, observou-se discreto incremento na produção de serviços nos agregados com PMM, contudo, não foram identificadas diferenças de impactos entre os agregados casos e controles. Estes resultados podem ter sido influenciados pelo exíguo tempo decorrido desde a implantação do PMM, por subnotificações de registro médicos no cadastro de estabelecimentos de saúde (CNES), além da predominância de caráter substitutivo de ocupações médicas nos municípios selecionados para o estudo e com PMM implantado.', NULL, NULL, NULL, 2016, NULL, 'R', '2010-03-05', '2016-12-04', 'N', 'http://www.scielo.br/scielo.php?pid=S1413-81232016000902837&script=sci_abstract&tlng=pt', 1, 2, 3, 3, '2018-11-05 16:06:50', '2018-11-05 16:06:50'),
(25, ' Monitoramento e avaliação do Projeto de Cooperação da OPAS/OMS com o Programa Mais Médicos: reflexões a meio caminho', ' Monitoring and evaluation of the PAHO/WHO cooperation project, the Mais Médicos (More Doctors) Program: a mid-term assessment', 'As relações de trabalho entre a Organização\r\nPan-Americana da Saúde/Organização\r\nMundial da Saúde (OPAS/OMS) e as instituições\r\nde saúde do Brasil têm uma longa história de cooperação\r\ncom benefícios mútuos que, em muitos\r\ncasos, foram compartilhados com outras nações\r\nsob diversos enfoques de cooperação entre os países\r\npara o desenvolvimento da saúde. Um marco\r\nnesta relação é a cooperação técnica prestada ao\r\nPrograma Mais Médicos (PMM). Esta cooperação\r\nagrega valor estratégico na redução das lacunas\r\nem matéria de igualdade de saúde e capitaliza a\r\nnatureza única da experiência de cooperação SulSul\r\nentre Cuba e Brasil, triangulada através da\r\nOPAS/OMS. Este artigo discute o papel da OPAS/\r\nOMS na avaliação da sua cooperação técnica com\r\no PMM. Foi desenvolvido um marco de monitoramento\r\ne avaliação, visando identificar progressivamente\r\nos avanços na cobertura e qualidade\r\ndos serviços de atenção básica proporcionados\r\npelo Sistema Único de Saúde (SUS) por meio do\r\nPMM. Especial atenção foi dedicada à identificação\r\ndas melhores práticas nos serviços de saúde,\r\nà análise dos resultados e impactos do PMM, e à\r\ngestão e divulgação dos conhecimentos produzidos\r\npela sua implementação, através de plataforma\r\nde conhecimento. Alguns resultados relevantes do\r\nPMM são sinteticamente apresentados e discutidos.', NULL, NULL, NULL, 2016, NULL, 'R', '2014-01-20', '2014-12-30', 'N', 'https://www.scielosp.org/article/ssm/content/raw/?resource_ssm_path=/media/assets/csc/v21n9/1413-8123-csc-21-09-2925.pdf', 1, 3, 3, 3, '2018-11-05 16:12:14', '2018-11-05 16:12:14'),
(26, 'Participação dos municípios de pequeno porte no Projeto Mais Médicos para o Brasil na macrorregião norte do Paraná', ' Participation of small municipalities in the Mais Médicos Para o Brasil (More doctors to Brazil) program in the macro-region of Northern Paraná', 'Em municípios de pequeno porte, que em geral são situados em áreas geográficas mais isoladas, combinado com situações de maior vulnerabilidade social e econômica, a escassez de médicos é um problema constante. O objetivo deste estudo foi identificar a participação e as características dos municípios de pequeno porte da macrorregião norte do estado do Paraná que aderiram ao Projeto Mais Médico para o Brasil (PMMB). Trata-se de um estudo quantitativo realizado em 82 municípios que utilizou dados primários e secundários. Os resultados revelaram que eram poucos os municípios que possuíam algum critério de adesão (6,1%), mas isso não representou um impedimento para que os demais aderissem ao projeto (75,6%). Os municípios que possuíam menores índices de desenvolvimento humano, que tinham população de mais de cinco mil habitantes, algum critério de adesão e que eram mais afastados, seja da sede da região, seja do município de médio/grande porte mais próximo foram os que mais aderiram ao PMMB. Não se pode negar que o PMMB reduziu de forma significativa a distribuição desigual de médicos no Brasil e na região de estudo. Contudo, a sustentabilidade dessa política precisa estar atrelada ao enfrentamento de outros desafios que ainda persistem no SUS. ', NULL, NULL, NULL, 2016, NULL, 'R', '2015-04-20', '2015-09-07', 'N', 'http://www.scielo.br/scielo.php?script=sci_arttext&pid=S1413-81232016000902907&lng=pt&tlng=pt', 1, 2, 3, 3, '2018-11-05 16:20:19', '2018-11-05 16:20:19'),
(27, ' O fortalecimento da Atenção Primária à Saúde nos municípios da Região Metropolitana de Porto Alegre, Brasil, após a inserção no Programa Mais Médicos: uma comparação intermunicipal', NULL, 'Este artigo visa propor uma adaptação\r\nda metodologia utilizada por Starfield e Shy\r\n(2002) para avaliar a qualidade da atenção primária\r\nem saúde (APS) dos municípios que aderiram\r\nao Programa Mais Médicos. Os indicadores\r\nforam adaptados para cada um dos nove critérios\r\npropostos na metodologia original e aplicados\r\npara os municípios de médio e grande porte da\r\nRegião Metropolitana de Porto Alegre, antes e\r\ndepois destes integrarem o Programa Mais Médicos.\r\nEm 2014, os municípios foram agregados em\r\ntrês grupos, conforme seus escores. As análises de\r\ncorrelações entre diferentes grupos de escores dos\r\nmunicípios e os indicadores de saúde avaliados\r\nnão se mostraram significativas, porém, as médias\r\ndos indicadores avaliados são melhores no grupo\r\nde municípios caracterizados com os melhores escores\r\nda APS. Em relação aos indicadores de renda,\r\nos maiores gastos per capita em saúde estão\r\nrelacionados à melhor performance da APS nesses\r\nmunicípios. A adaptação desta metodologia pode\r\nindicar melhor compreensão das políticas relacionadas\r\nà determinação da saúde. ', NULL, NULL, NULL, 2016, NULL, 'R', '2012-02-20', '2015-12-18', 'N', 'http://www.scielo.br/pdf/csc/v21n9/1413-8123-csc-21-09-2871.pdf', 1, 1, 3, 3, '2018-11-05 16:26:31', '2018-11-05 16:26:31'),
(28, 'Médicos para atenção primária em regiões rurais e remotas no Brasil: situação atual e perspectivas', 'Physicians for primary health care in rural and remote regions in Brazil: current situation and perspectives', 'Ao longo do último ano, com o Projeto Mais Médicos para o Brasil (PMMB), ganhou força a discussão sobre o provimento de médicos para a atenção primária brasileira. O debate vem sendo acirrado, permeado por discussões ideológicas, e frequentemente se desviando de uma análise cientificamente embasada dos temas em questão. Um dos poucos pontos consensuais é que a distribuição de médicos nas diferentes regiões do Brasil é muito desigual,1,2 contribuindo para o que vem sendo denominado defasagem rural-urbana.', 'Revista Brasileira de Medicina de Família e Comunidade', '9', '32', 2014, '233-234', 'R', '2014-07-01', '2014-09-01', 'N', 'file:///Users/alessandrasantosmendez/Downloads/1004-6146-2-PB.pdf', 2, 3, 4, 4, '2018-11-05 16:27:25', '2018-11-05 16:27:25'),
(29, 'Proyecto "Mais Médicos para Brasil": nueva modalidad de colaboración cubana en el exterior', 'The Project "More Doctors for Brazil": a new modality of the Cuban collaboration abroad', 'El Programa "Mais Médicos" es una modalidad diferente de cooperación médica cubana, porque tiene su expresión en la Ley 12.871 del 22 de octubre del 2013 de la presidencia de la República Federativa de Brasil, la cual en su capítulo cuarto incluye el "Proyecto Mais Médicos para Brasil" y autoriza la contratación, no solo de profesionales brasileños sino de otras nacionalidades, de manera individual o por convenio de gobiernos, para trabajar en la Atención Básica. Su inserción se realiza a través de un proyecto de aprendizaje en los servicios, donde los médicos deben cumplir con diferentes ofertas educacionales y cursos impartidos por universidades del país adscriptas al programa. Los autores se motivaron a realizar el presente artículo que comunica las características de esta forma de colaboración, para conocimiento e información de los profesionales de la salud.', NULL, NULL, NULL, 2014, NULL, 'R', NULL, NULL, 'N', 'http://scielo.sld.cu/scielo.php?script=sci_arttext&pid=S2077-28742015000100013', 1, 4, 3, 3, '2018-11-05 16:32:11', '2018-11-05 16:32:11'),
(30, ' Para muito além do Programa Mais Médicos', ' Beyond the Mais Médicos (More Doctors) Program', 'não se aplica...artigo de debate.', NULL, NULL, NULL, 2016, NULL, 'R', NULL, NULL, 'N', 'http://www.scielo.br/scielo.php?script=sci_arttext&pid=S1413-81232016000902664&lng=pt&tlng=pt', 1, 3, 3, 3, '2018-11-05 16:35:50', '2018-11-05 16:35:50'),
(31, ' Implementação e prospecções do Programa Mais Médicos no Brasil sob o enfoque do modelo de Múltiplos Fluxos de Kingdon', NULL, 'O presente trabalho teve como principal objetivo a\r\nanálise do processo de formulação e implementação do\r\nPrograma Mais Médicos pautado nas reivindicações\r\npopulares e no contexto da saúde no Brasil, por meio\r\ndo Modelo de Múltiplos Fluxos de Kingdon. Realizou-se\r\numa investigação de caráter aplicado por meio de uma\r\npesquisa de cunho exploratório e descritivo. Analisando\r\nfatores antecedentes à implantação do programa, foi\r\nobservado que o problema da distribuição dos médicos\r\npassou a constar na agenda decisória do governo por\r\nmeio da insatisfação popular expressa nas\r\nmanifestações ocorridas entre junho e julho de 2013.\r\nEsses eventos contribuíram para que o Governo Federal\r\naprovasse a Medida Provisória referente a criação do\r\nPrograma Mais Médicos, mesmo com a forte oposição\r\nde entidades médicas e limitado respaldo da população,\r\ncomo apontaram as pesquisas de opinião\r\ncontemporâneas a criação do programa. Ao longo de\r\nsua implantação, foi perceptível a existência da ambiguidade na tomada de decisão como uma dinâmica\r\ncaótica de acordo com Kingdon (2003). Atualmente,\r\nesta política continua gerando opiniões controversas. ', NULL, NULL, NULL, 2017, NULL, 'R', NULL, NULL, 'N', 'http://www.revistaespacios.com/a17v38n38/a17v38n38p17.pdf', 1, 3, 3, 3, '2018-11-05 16:40:29', '2018-11-05 16:40:29'),
(32, 'O Programa Mais Médicos: provimento de médicos em municípios brasileiros prioritários entre 2013 e 2014', 'The Mais Médicos (More Doctors) Program: the placement of physicians in priority municipalities in Brazil from 2013 to 2014', 'O provimento e a distribuição inadequada de profissionais de saúde são problemas que ocorrem em diversos países. O Programa Mais Médicos tem como objetivos a diminuição da carência de médicos e a redução das desigualdades regionais em saúde. Apresenta-se estudo descritivo sobre a alocação de médicos entre 2013 e 2014, empregando o banco de dados do Ministério da Saúde. Houve o provimento de 14.168 médicos nos 3.785 municípios que aderiram: 2.377 atendiam aos critérios de prioridade e/ou vulnerabilidade e receberam 77,7% dos médicos; 1.408 municípios, que receberam 22,3% dos médicos, não correspondiam às prioridades estabelecidas. Apresentam-se evidências da redução da carência de médicos, sobretudo nas regiões Norte e Nordeste. Nestas áreas residem cerca de 36% da população brasileira e houve a alocação 46,3% dos médicos. Contudo, questiona-se a introdução de um perfil de elegibilidade que possibilitou alocar 3.166 médicos em 1.408 municípios não prioritários. Conclui-se que\r\neste fato pode ter comprometido a capacidade de o Programa Mais Médicos atingir plenamente seus objetivos como política pública que visa à redução das desigualdades regionais no acesso à atenção básica em saúde. Outros estudos serão necessários para avaliar o impacto gerado pela implementação do Programa Mais Médicos. ', 'Ciência e Saúde Coletiva', '21', '9', 2016, '2719-2727', 'R', '2013-01-01', '2014-01-01', 'N', 'https://www.scielosp.org/pdf/csc/2016.v21n9/2719-2727/pt', 2, 3, 4, 4, '2018-11-05 16:41:43', '2018-11-05 16:41:43'),
(33, 'O Programa Mais Médicos na Perspectiva dos Atores Sociais Responsáveis por sua Implantação e dos Beneficiários no Município de Boqueirão, PB', NULL, 'O governo brasileiro criou em 2013 o Programa Mais Médicos, cujo objetivo central consiste em diminuir a\r\ncarência de médicos em locais com déficits desses profissionais. O programa prevê responsabilidades\r\ncompartilhadas entre o governo federal, instituições universitárias e prefeituras municipais. Este trabalho\r\nanalisou a implantação do Programa Mais Médicos no município de Boqueirão, Paraíba. A pesquisa, realizada\r\nentre maio de 2014 e março de 2015, utilizou entrevistas e questionários para coletar as percepções e avaliações\r\ndos atores sociais envolvidos com o programa na cidade e dos beneficiários do mesmo. Além disso, foram\r\nrealizadas observações de campo e consulta documental. A despeito das controvérsias suscitadas durante seu\r\nlançamento – motivadas por interesses corporativos, partidários e ideológicos -, o programa assegurou\r\natendimento contínuo às populações de baixa renda no município investigado, sendo responsável pela\r\nmanutenção constante dos profissionais médicos na atenção básica à saúde, o que se traduziu em considerável\r\naceitação entre os seus beneficiários. Entretanto, as condições precárias de infraestrutura, oferecidas pelo\r\nmunicípio, evidenciam a distância existente entre a concepção do programa e a realidade local. Tais condições,\r\ntodavia, não são suficientes para obscurecer a satisfação da população atendida que tem no serviço público a\r\núnica forma de tratar da saúde', NULL, NULL, NULL, 2015, NULL, 'R', '2014-06-17', '2015-08-22', 'N', 'http://revistas.ufcg.edu.br/reunir/index.php/uacc/article/download/354/pdf', 1, 1, 3, 3, '2018-11-05 16:46:20', '2018-11-05 16:46:20');
INSERT INTO `Artigo` (`CodArtigo`, `NomeArtigo`, `NomeArtigoIngles`, `Resumo`, `NomeRevistaConferencia`, `Volume`, `Numero`, `AnoPublicacao`, `Paginas`, `IndicadorRevistaConferencia`, `DataInicioEstudo`, `DataFimEstudo`, `IndicadorMulticentrico`, `UrlArtigo`, `CodObjetoPesquisa`, `CodAbrangencia`, `CodUsuarioInsercao`, `CodUsuarioUltimaAtu`, `DataInsercao`, `DataUltimaAtu`) VALUES
(34, 'Programa Mais Médicos: em busca de respostas satisfatórias', NULL, 'O governo brasileiro criou em 2013 o Programa Mais Médicos, cujo objetivo central consiste em diminuir a\r\ncarência de médicos em locais com déficits desses profissionais. O programa prevê responsabilidades\r\ncompartilhadas entre o governo federal, instituições universitárias e prefeituras municipais. Este trabalho\r\nanalisou a implantação do Programa Mais Médicos no município de Boqueirão, Paraíba. A pesquisa, realizada\r\nentre maio de 2014 e março de 2015, utilizou entrevistas e questionários para coletar as percepções e avaliações\r\ndos atores sociais envolvidos com o programa na cidade e dos beneficiários do mesmo. Além disso, foram\r\nrealizadas observações de campo e consulta documental. A despeito das controvérsias suscitadas durante seu\r\nlançamento – motivadas por interesses corporativos, partidários e ideológicos -, o programa assegurou\r\natendimento contínuo às populações de baixa renda no município investigado, sendo responsável pela\r\nmanutenção constante dos profissionais médicos na atenção básica à saúde, o que se traduziu em considerável\r\naceitação entre os seus beneficiários. Entretanto, as condições precárias de infraestrutura, oferecidas pelo\r\nmunicípio, evidenciam a distância existente entre a concepção do programa e a realidade local. Tais condições,\r\ntodavia, não são suficientes para obscurecer a satisfação da população atendida que tem no serviço público a\r\núnica forma de tratar da saúde', NULL, NULL, NULL, 2015, NULL, 'R', NULL, NULL, 'N', 'http://www.scielo.br/pdf/icse/v19n54/1807-5762-icse-19-54-0637.pdf', 1, 3, 3, 3, '2018-11-05 16:49:00', '2018-11-05 16:49:00'),
(35, 'O papel dos atores na formulação e implementação de políticas públicas: dinâmicas, conflitos e interesses no Programa Mais Médicos', 'The role of the actors in the formulation and implementation of public policies: dynamics, conflicts and interests in the ‘Mais Médicos’ Program', 'Diversos atores participam dos processos de formação de políticas públicas: indivíduos, grupos ou organizações que exercem influência direta ou indireta, em diferentes momentos. Dessa forma, buscou-se mapear os atores envolvidos na formulação e implementação do Programa Mais Médicos e compreender as dinâmicas e contribuições desses atores. Para análise dessa política pública, adotou-se um estudo teórico-empírico com abordagem qualitativa e método de estudo de caso. Identificou-se como atores centrais o Governo Federal, os movimentos sociais, a mídia de massa, as redes sociais e os conselhos de medicina. No que se refere à análise do ciclo do programa, verificou-se que seus processos não foram contínuos, mas, sim, permeados por relações assimétricas e conflitantes. Na análise observou-se que as Jornadas de Junho constituíram uma janela de oportunidade para o Programa Mais Médicos; no entanto, houve diversos posicionamentos contrários a ele. Os movimentos de oposição enfeixaram-se em dinâmicas, conflitos e coalizões tanto no âmbito de atores governamentais como de atores da sociedade civil – com destaque para a relação da base aliada com os partidos contrários ao programa, em que houve processos conflituosos e recuos de ambos os lados. Conclui-se que os diversos atores participaram dos processos motivados por interesses, ideologias e objetivos diversificados. Dessa forma, os conflitos permearam todo o processo, desde a proposta do programa, o anúncio, a aprovação da lei, a chegada dos diversos médicos, até o início de suas atividades por todo o país.', 'Cadernos EBAPE.BR', '14', NULL, 2016, '593-618', 'R', '2013-01-01', '2015-01-01', 'N', 'http://www.scielo.br/pdf/cebape/v14nspe/1679-3951-cebape-14-spe-00593.pdf', 2, 3, 4, 4, '2018-11-05 16:51:51', '2018-11-05 16:51:51'),
(36, 'O Programa Mais Médicos: uma análise complementar sobre Interface ', 'The More Doctors Program: a further analysis from the perspective of international health ', 'O artigo discute o provimento e distribuição de médicos em três países: Brasil, Austrália e EUA.	', 'scielo ', '19', '54', 2015, '635-636', 'R', '2015-01-01', '2015-03-23', 'N', 'http://www.scielo.br/pdf/icse/v19n54/1807-5762-icse-19-54-0635.pdf', 2, 4, 4, 4, '2018-11-06 08:17:49', '2018-11-06 08:17:49'),
(37, 'O desafio do Programa Mais Médicos para o provimento e a garantia da atenção integral à saúde em áreas rurais na região amazônica, Brasil', 'The challenges faced by the More Doctors Program in providing and ensuring comprehensive health care in rural areas in the Amazon region, Brazil.', 'A pesquisa objetivou avaliar como o Programa Mais Médicos vem sendo implementado em áreas rurais e a contribuição do provimento de médicos para garantir atenção integral à saúde. Realizou-se estudo em município predominantemente rural no estado\r\ndo Pará, conduzindo-se 42 entrevistas com: profissionais, gestores de saúde, conselheiros e usuários; submeteram-se as entrevistas à análise de conteúdo. Os resultados sugerem melhorias na atenção primária à saúde – como aumento de consultas e ampliação do acesso aos serviços de atenção básica ofertados – atribuídas à presença do médico e às estratégias mais equitativas adotadas. No entanto, ainda persistem desafios a enfrentar para garantir atenção integral à saúde nas zonas rurais, como a manutenção do programa e a superação de problemas recorrentes, como: falta de medicamentos e exames, limitações no retorno dos pacientes referidos a outros serviços e fragilidades na rede de atenção à saúde. ', 'Interface- Comunicação, Saúde, Educação', '21', '1', 2017, '1181-1192', 'R', '2015-03-13', '2017-01-01', 'N', 'http://www.scielo.br/pdf/icse/v21s1/1807-5762-icse-21-s1-1181.pdf', 2, 1, 4, 4, '2018-11-06 08:29:31', '2018-11-06 08:29:31'),
(38, 'O Programa Mais Médicos, a infraestrutura das Unidades Básicas de Saúde e o Índice de Desenvolvimento Humano Municipal', NULL, 'O presente trabalho tem como objeto central o estudo do contexto em que atuam os profissionais do Programa Mais Médicos. Para isto, a pesquisa utiliza a escala de infraestrutura das UBSs, desenvolvida recentemente por Soares Neto e colegas para aprofundar o conhecimento das relações entre a infraestrutura das UBSs e o IDHM dos municípios que receberam médicos do PMM. Utilizando estatísticas exploratórias e inferenciais, o artigo mostra que das UBSs que receberam médicos do PMM, 65,2% têm infraestrutura de média qualidade e apenas 5,8% delas têm infraestrutura de baixa qualidade. A correlação de 0,50 entre o indicador de infraestrutura e o IDHM aponta para uma tendência moderada de que municípios com baixos IDHMs tenham UBSs mais precárias. Por meio de uma análise de regressão linear múltipla, pode-se inferir que o fator que mais contribui para o aumento do indicador de infraestrutura das UBSs é a renda média municipal. Por outro lado, o fator que afeta negativamente a infraestrutura das UBSs é estar localizada na região Norte ou Nordeste.', NULL, NULL, NULL, 2016, NULL, 'R', NULL, NULL, 'N', 'http://www.scielo.br/scielo.php?pid=S1413-81232016000902709&script=sci_abstract&tlng=pt', 4, 3, 3, 3, '2018-11-06 09:25:54', '2018-11-06 09:25:54'),
(39, 'Projeto mais médicos para o Brasil em Pernambuco: uma abordagem inicial ', ' More medical project for Brazil in Pernambuco: an initial approach', 'Muito se acumulou em pesquisa e conhecimento sobre a o problema em manter a força de trabalho necessária para a consolidação do SUS. Mas a escassez de políticas eficazes para o setor é evidente e, de todas as tentativas realizadas pelos governos brasileiros, talvez o Programa Mais Médicos seja o de maior dimensão e potencialmente mais gerador de impactos, pois tem por objetivo ordenar a formação de médicos garantindo distribuição e perfil, definir critérios para a formação, assim como prover médicos para a Atenção Básica de localidades de difícil provimento através de aperfeiçoamento na modalidade ensino-serviço. Neste estudo, buscamos nos aproximar da situação do Projeto Mais Médicos para o Brasil, eixo integrante do Programa, e das suas primeiras implicações para a Atenção Básica no estado, através do conhecimento da distribuição e do perfil dos seus profissionais, assim como do possível incremento na cobertura da Estratégia de Saúde da Família.\r\n', 'Revista Eletrônica Tempus', '9', '4', 2015, '11-34', 'R', '2013-01-01', '2014-01-01', 'N', 'http://www.tempusactas.unb.br/index.php/tempus/article/view/1735', 2, 2, 4, 4, '2018-11-06 09:30:52', '2018-11-06 09:30:52'),
(40, 'Características da distribuição de profissionais do Programa Mais Médicos nos estados do Nordeste, Brasil', 'Characteristics of the distribution of doctors in the Mais Médicos (More Doctors) Program in the states of Brazil’s Northeast', 'As desigualdades no acesso aos serviços de saúde influenciadas pela carência e má distribuição geográfica de profissionais de saúde têm sido apontadas como um desafio para o país. Este artigo analisa a distribuição geográfica dos profissionais do Programa Mais Médicos alocados na Região Nordeste por meio de estudo transversal descritivo. Foram utilizados dados secundários cedidos pelo Ministério da Saúde e elaborados mapas temáticos de distribuição dos médicos na Região. Foram analisados dados de 4.716 médicos que passaram a integrar equipes de saúde em 1.294 municípios e seis Distritos Sanitários Indígenas entre os anos de 2013 e 2014. A maior parte dos municípios da Região recebeu entre um e cinco médicos. Os municípios mais beneficiados possuíam, pelo menos, 20% da população em situação de extrema pobreza. Os profissionais foram alocados em Centro de Saúde/Unidade Básica (99,9%). A maioria eram mulheres (57%) e a faixa etária média predominante foi de 45 a 49 anos (24%). Apesar dos avanços proporcionados pelo Programa, como a distribuição dos médicos para localidades com maior vulnerabilidade, alguns Estados permanecem com importantes vazios assistenciais.', 'Ciência e Saúde Coletiva', '21', '9', 2016, '2889-2898', 'R', '2013-01-01', '2014-01-01', 'N', 'http://www.scielo.br/pdf/csc/v21n9/1413-8123-csc-21-09-2889.pdf', 2, 2, 4, 4, '2018-11-06 09:41:01', '2018-11-06 09:41:01'),
(41, 'Humanismo na prática dos médicos colaboradores cubanos no Brasil: narrativas das equipes de atenção básica', 'Humanism in the practice of Cuban cooperating physicians in Brazil: narratives of basic health care teams', 'Apresentar as narrativas dos integrantes brasileiros das equipes de saúde da família sobre o humanismo percebido na prática dos colaboradores cubanos do Programa Mais Médicos. Trata-se de um estudo de caso descritivo transversal. Foi realizada uma\r\nentrevista semiestruturada com os integrantes brasileiros das equipes de saúde da\r\nfamília que trabalhavam desde o início do programa com médicos cubanos em municípios\r\nselecionados cadastrados no Programa Mais Médicos. Estas localidades têm 20% ou mais da população vivendo em situação de extrema pobreza, contando com menos de cinco médicos (taxa de 0,5 médico por 1.000 habitantes) antes do programa. Os dados foram analisados com o uso da técnica de análise de conteúdo. Foram entrevistados 30 enfermeiros diplomados, 28 técnicos em enfermagem, 1 técnico administrativo e 19 agentes comunitários de saúde. Os participantes avaliaram de forma positiva o trabalho dos médicos colaboradores cubanos destacando características como responsabilidade, postura ética e humanismo bem como a alta qualidade das consultas médicas e o bom relacionamento com os pares da atenção básica. Foram constatadas diferenças no padrão de atenção dos médicos colaboradores\r\ncubanos do Programa Mais Médicos em relação aos médicos brasileiros que atuavam nas comunidades estudadas antes da implantação do programa. Entre as características distintivas dos médicos cubanos destacadas estão o compromisso com os pacientes, tanto na consulta médica quanto na solução de problemas, a empatia, o respeito e o humanismo em geral com que eles tratam os pacientes. ', NULL, NULL, NULL, 2017, NULL, 'R', NULL, NULL, 'N', 'http://iris.paho.org/xmlui/bitstream/handle/123456789/34585/v41e1302017.pdf?sequence=1&amp;isAllowed=y', 5, 3, 3, 3, '2018-11-06 09:41:49', '2018-11-06 09:41:49'),
(42, 'Avaliação do escopo de prática de médicos participantes do Programa Mais Médicos e fatores associados', ' Assessment of the scope of practice of physicians participating in the Mais Médicos (More Doctors) Program, and associated factors', 'O objetivo deste estudo foi caracterizar \r\no escopo de prática de médicos inseridos na Aten\r\n-\r\nção  Primária  em  Saúde  (APS),  participantes  do  \r\nPrograma  Mais  Médicos  (PMM)  e  investigar  os  \r\nfatores associados à execução de maior número de \r\natividades  clínicas.  Trata-se  de  um  estudo  explo\r\n-\r\nratório transversal realizado entre janeiro e março \r\nde  2016,  por  meio  de  questionário  autoaplicável,  \r\ncontendo uma lista de 49 procedimentos, ativida\r\n-\r\ndes  e  ações  realizadas  na  APS.  Participaram  do  \r\nestudo  1.241  médicos,  a  maioria  do  sexo  femini\r\n-\r\nno,  entre  40-49  anos  de  idade,  de  nacionalidade  \r\ncubana.  Os  médicos  realizaram  uma  média  de  \r\n22,8  ±  8,2  procedimentos,  porém,  relataram  sa\r\n-\r\nber fazer um número maior. Fatores associados à \r\nrealização de maior número de procedimentos fo\r\n-\r\nram sexo masculino, menor tempo de graduação, \r\ndois anos ou menos de atuação na UBS, atuar na \r\nregião geográfica Norte ou Sul, em municípios de \r\npequeno porte e mais distantes da sede da região \r\nde saúde. O principal motivo para não realizar os \r\nprocedimentos  e  atividades  que  relataram  saber  \r\nfazer  foi  a  falta  de  materiais  e  a  infraestrutura  \r\ninadequada.  Os  resultados  revelam  que  o  escopo  \r\nde  prática  dos  médicos  do  PMM  está  abaixo  de  \r\nsuas  capacidades,  sendo  necessárias  intervenções  \r\npara o ampliar.', NULL, NULL, NULL, 2016, NULL, 'R', '2016-01-01', '2016-03-30', 'N', 'http://www.scielo.br/pdf/csc/v21n9/1413-8123-csc-21-09-2739.pdf', 5, 3, 3, 3, '2018-11-06 09:50:59', '2018-11-06 09:50:59'),
(43, 'Programa Mais Médicos: avaliando a implantação do Eixo Provimento de 2013 a 2015 ', 'The Brazilian More Doctors Program: evaluating the implementation of the “Provision” axis from 2013 to 2015', 'O Programa Mais Médicos foi criado em 2013 para enfrentar desafios que condicionavam a expansão e o desenvolvimento da Atenção Básica (AB), sobretudo, a insuficiência e má distribuição de médicos e o perfil de formação inadequado às necessidades da população. O programa é composto por três eixos: provimento emergencial, qualificação da infraestrutura e mudança da formação. Neste artigo realizamos análise documental, análise de bancos de dados oficiais e revisão de literatura, com o objetivo de avaliar resultados do provimento de médicos alcançados até 2015. Identificamos avanços importantes na alocação dos médicos com\r\nequidade; na ampliação da cobertura da AB; na ampliação do acesso da população às ações de AB; no impacto nos indicadores de saúde; e na avaliação positiva que usuários, médicos e gestores têm do programa. Na conclusão, são apontados desafios enfrentados pelo programa para alcançar efetivamente seus objetivos.', 'Interface-Comunicação, Saúde, Educação', '21', '1', 2017, '1087-1101', 'R', '2013-01-01', '2015-12-31', 'N', 'http://www.scielo.br/pdf/icse/v21s1/1807-5762-icse-1807-576220160520.pdf', 2, 3, 4, 4, '2018-11-06 09:56:51', '2018-11-06 09:56:51'),
(44, 'PROGRAMA MAIS MÉDICOS: QUALIFICAÇÃO DA ATENÇÃO AO PRÉ-NATAL E PUERPÉRIO NO ÂMBITO DA ESTRATÉGIA DE SAÚDE DA FAMÍLIA', '“Mais Médicos” Program: qualification of prenatal and postpartum in the context of the Family Health Strategy', 'Objetivo: pretende-se, neste artigo, relatar a experiência do desenvolvimento de uma intervenção em uma Estratégia de Saúde da Família na cidade de Boa Vista em Roraima, cujo objetivo foi melhorar a atenção ao pré-natal e puerpério na área de abrangência da equipe. Métodos: A intervenção fez parte de um Trabalho de Conclusão de Curso de Especialização em Saúde da Família de uma médica cubana vinculada ao Programa Mais Médicos. A intervenção foi desenvolvida no período de março a junho de 2015 e contou com a participação de todos os profissionais da equipe. Foram realizadas ações de organização e gestão do serviço, qualificação da prática clínica, monitoramento e avaliação e engajamento público. Resultados: Com a intervenção, foi possível melhorar a organização do serviço para a atenção às gestantes e puérperas. Observou-se melhoria gradativa na cobertura da atenção, acesso ao serviço, qualidade dos atendimentos clínicos e adesão às ações ofertadas. Houve um fortalecimento das ações de promoção à saúde com orientações, palestras e desenvolvimento de uma parceria com a equipe de saúde bucal. Conclusão: Os profissionais ficaram mais capacitados para atender as gestantes e puérperas com conhecimentos atualizados e sensibilização sobre a atuação no trabalho da atenção primária. ', 'Revista de APS', '20', '3', 2017, '403-413', 'R', '2015-03-01', '2015-06-30', 'N', 'https://aps.ufjf.emnuvens.com.br/aps/article/view/3018/1142 ', 2, 1, 4, 4, '2018-11-06 10:07:21', '2018-11-06 10:07:21'),
(45, 'Implementation research: towards universal health coverage with more doctors in Brazil', NULL, 'Objective To evaluate the implementation of a programme to provide primary care physicians for remote and deprived populations in Brazil.\r\nMethods The Mais Médicos (More Doctors) programme was launched in July 2013 with public calls to recruit physicians for priority areas.\r\nOther strategies were to increase primary care infrastructure investments and to provide more places at medical schools. We conducted a\r\nquasi-experimental, before-and-after evaluation of the implementation of the programme in 1708 municipalities with populations living\r\nin extreme poverty and in remote border areas. We compared physician density, primary care coverage and avoidable hospitalizations\r\nin municipalities enrolled (n=1450) and not enrolled (n=258) in the programme. Data extracted from health information systems and\r\nMinistry of Health publications were analysed.\r\nFindings By September 2015, 4917 physicians had been added to the 16 524 physicians already in place in municipalities with remote and\r\ndeprived populations. The number of municipalities with ≥1.0 physician per 1000 inhabitants doubled from 163 in 2013 to 348 in 2015.\r\nPrimary care coverage in enrolled municipalities (based on 3000 inhabitants per primary care team) increased from 77.9% in 2012 to 86.3%\r\nin 2015. Avoidable hospitalizations in enrolled municipalities decreased from 44.9% in 2012 to 41.2% in 2015, but remained unchanged in\r\ncontrol municipalities. We also documented higher infrastructure investments in enrolled municipalities and an increase in the number of\r\nmedical school places over the study period.\r\nConclusion Other countries having shortages of physicians could benefit from the lessons of Brazil’s programme towards achieving\r\nuniversal right to health.', NULL, NULL, NULL, 2017, NULL, 'R', NULL, NULL, 'N', 'http://www.who.int/bulletin/volumes/95/2/16-178236.pdf', 1, 3, 3, 3, '2018-11-06 10:26:05', '2018-11-06 10:26:05');

-- --------------------------------------------------------

--
-- Estrutura para tabela `ArtigoAutor`
--

CREATE TABLE IF NOT EXISTS `ArtigoAutor` (
  `CodArtigo` int(11) NOT NULL,
  `CodAutor` int(11) NOT NULL
) ENGINE=InnoDB DEFAULT CHARSET=utf8;

--
-- Fazendo dump de dados para tabela `ArtigoAutor`
--

INSERT INTO `ArtigoAutor` (`CodArtigo`, `CodAutor`) VALUES
(1, 2),
(1, 3),
(1, 4),
(2, 5),
(3, 6),
(4, 6),
(5, 7),
(5, 8),
(5, 9),
(6, 10),
(6, 11),
(6, 12),
(6, 13),
(6, 14),
(6, 15),
(7, 16),
(8, 17),
(8, 18),
(8, 19),
(8, 20),
(9, 21),
(9, 22),
(9, 23),
(10, 5),
(10, 24),
(10, 25),
(10, 26),
(10, 27),
(11, 28),
(11, 29),
(11, 30),
(11, 31),
(11, 32),
(11, 33),
(11, 34),
(12, 35),
(12, 36),
(12, 37),
(12, 38),
(12, 39),
(13, 40),
(13, 41),
(13, 42),
(14, 43),
(14, 44),
(14, 45),
(15, 46),
(16, 47),
(16, 48),
(16, 49),
(16, 50),
(16, 51),
(16, 52),
(16, 53),
(16, 54),
(16, 55),
(17, 56),
(17, 57),
(18, 58),
(19, 59),
(19, 60),
(19, 61),
(19, 62),
(20, 63),
(20, 64),
(20, 65),
(20, 66),
(21, 67),
(22, 68),
(22, 69),
(22, 70),
(22, 71),
(22, 72),
(22, 73),
(23, 74),
(24, 75),
(24, 76),
(25, 77),
(25, 78),
(25, 79),
(26, 80),
(26, 81),
(26, 82),
(26, 83),
(26, 84),
(26, 85),
(26, 86),
(27, 87),
(27, 88),
(27, 89),
(28, 90),
(28, 91),
(29, 92),
(29, 93),
(29, 94),
(30, 95),
(31, 96),
(31, 97),
(31, 98),
(32, 99),
(32, 100),
(32, 101),
(33, 102),
(33, 103),
(34, 95),
(35, 104),
(35, 105),
(35, 106),
(35, 107),
(36, 108),
(37, 109),
(37, 110),
(38, 111),
(38, 112),
(38, 113),
(39, 114),
(39, 115),
(40, 116),
(40, 117),
(40, 118),
(40, 119),
(40, 120),
(40, 121),
(41, 6),
(41, 35),
(41, 92),
(41, 101),
(41, 109),
(41, 122),
(41, 123),
(42, 124),
(42, 125),
(42, 126),
(42, 127),
(42, 128),
(42, 129),
(42, 130),
(43, 35),
(43, 131),
(43, 132),
(43, 133),
(43, 134),
(44, 135),
(44, 136),
(44, 137),
(45, 6),
(45, 99),
(45, 101),
(45, 123),
(45, 138),
(45, 139),
(45, 140),
(45, 141),
(45, 142),
(45, 143),
(45, 144);

-- --------------------------------------------------------

--
-- Estrutura para tabela `ArtigoCoordenador`
--

CREATE TABLE IF NOT EXISTS `ArtigoCoordenador` (
  `CodArtigo` int(11) NOT NULL,
  `CodCoordenador` int(11) NOT NULL
) ENGINE=InnoDB DEFAULT CHARSET=utf8;

--
-- Fazendo dump de dados para tabela `ArtigoCoordenador`
--

INSERT INTO `ArtigoCoordenador` (`CodArtigo`, `CodCoordenador`) VALUES
(3, 2),
(3, 3),
(3, 4),
(3, 5),
(3, 6),
(3, 7),
(3, 8),
(3, 9),
(4, 2),
(4, 19),
(4, 20),
(4, 21),
(4, 22),
(4, 23),
(4, 24),
(4, 25);

-- --------------------------------------------------------

--
-- Estrutura para tabela `ArtigoInstituicao`
--

CREATE TABLE IF NOT EXISTS `ArtigoInstituicao` (
  `CodArtigo` int(11) NOT NULL,
  `CodInstituicao` int(11) NOT NULL
) ENGINE=InnoDB DEFAULT CHARSET=utf8;

--
-- Fazendo dump de dados para tabela `ArtigoInstituicao`
--

INSERT INTO `ArtigoInstituicao` (`CodArtigo`, `CodInstituicao`) VALUES
(1, 2),
(2, 609),
(3, 2),
(4, 2),
(5, 570),
(6, 2),
(6, 581),
(6, 17556),
(7, 7),
(8, 580),
(8, 17564),
(9, 555),
(10, 609),
(11, 55),
(11, 409),
(11, 17565),
(12, 2),
(12, 579),
(12, 3223),
(12, 17563),
(13, 54),
(14, 4925),
(15, 17557),
(16, 2),
(17, 579),
(17, 586),
(18, 55),
(19, 55),
(19, 547),
(19, 17562),
(20, 17566),
(21, 17554),
(22, 4),
(22, 581),
(22, 17543),
(22, 17567),
(23, 17543),
(24, 581),
(25, 17556),
(26, 9),
(27, 17547),
(28, 13),
(28, 17551),
(29, 17568),
(30, 55),
(31, 8),
(31, 21),
(32, 17561),
(33, 2564),
(34, 55),
(35, 8),
(35, 592),
(36, 17559),
(37, 2),
(38, 2),
(39, 17566),
(40, 580),
(40, 17565),
(40, 17566),
(41, 2),
(41, 579),
(41, 17556),
(42, 547),
(42, 575),
(43, 2),
(43, 579),
(43, 581),
(43, 17549),
(44, 579),
(44, 581),
(45, 2),
(45, 2564),
(45, 17570),
(45, 17571),
(45, 17572);

-- --------------------------------------------------------

--
-- Estrutura para tabela `ArtigoPalavra`
--

CREATE TABLE IF NOT EXISTS `ArtigoPalavra` (
  `CodArtigo` int(11) NOT NULL,
  `CodPalavra` int(11) NOT NULL
) ENGINE=InnoDB DEFAULT CHARSET=utf8;

--
-- Fazendo dump de dados para tabela `ArtigoPalavra`
--

INSERT INTO `ArtigoPalavra` (`CodArtigo`, `CodPalavra`) VALUES
(1, 3),
(1, 4),
(1, 5),
(1, 6),
(1, 7),
(1, 8),
(2, 10),
(2, 11),
(2, 12),
(2, 42),
(3, 13),
(3, 15),
(3, 16),
(3, 17),
(3, 42),
(4, 23),
(4, 24),
(4, 25),
(4, 26),
(5, 27),
(5, 28),
(5, 29),
(5, 30),
(5, 31),
(6, 26),
(6, 32),
(6, 42),
(7, 26),
(7, 33),
(7, 34),
(7, 35),
(7, 42),
(8, 49),
(8, 76),
(8, 89),
(9, 38),
(9, 39),
(9, 40),
(9, 41),
(10, 42),
(10, 43),
(10, 44),
(10, 45),
(11, 39),
(11, 46),
(11, 47),
(12, 12),
(12, 48),
(12, 49),
(13, 33),
(13, 50),
(13, 51),
(13, 52),
(13, 53),
(14, 30),
(14, 54),
(15, 55),
(16, 49),
(16, 56),
(16, 57),
(16, 58),
(17, 35),
(17, 41),
(17, 48),
(17, 59),
(17, 60),
(18, 34),
(18, 35),
(18, 61),
(18, 62),
(19, 13),
(19, 63),
(19, 64),
(19, 65),
(19, 66),
(20, 24),
(20, 26),
(20, 42),
(21, 30),
(21, 67),
(21, 68),
(21, 69),
(22, 26),
(22, 30),
(22, 70),
(22, 71),
(23, 55),
(24, 12),
(24, 13),
(24, 42),
(24, 48),
(24, 72),
(25, 42),
(25, 73),
(25, 74),
(26, 41),
(26, 57),
(26, 75),
(26, 76),
(27, 42),
(27, 77),
(27, 78),
(27, 79),
(28, 55),
(29, 80),
(29, 81),
(30, 55),
(31, 30),
(31, 82),
(31, 83),
(31, 84),
(32, 30),
(32, 63),
(32, 71),
(33, 33),
(33, 40),
(33, 85),
(34, 55),
(35, 86),
(35, 87),
(35, 88),
(36, 30),
(37, 12),
(37, 90),
(37, 91),
(38, 92),
(38, 93),
(38, 94),
(38, 95),
(38, 96),
(39, 4),
(39, 42),
(39, 73),
(39, 97),
(40, 26),
(40, 30),
(40, 42),
(41, 42),
(41, 68),
(41, 80),
(41, 98),
(41, 99),
(41, 100),
(42, 30),
(42, 42),
(42, 101),
(43, 6),
(43, 30),
(43, 42),
(44, 24),
(44, 42),
(44, 102),
(44, 103),
(44, 104),
(45, 105);

-- --------------------------------------------------------

--
-- Estrutura para tabela `ArtigoTipoAnalise`
--

CREATE TABLE IF NOT EXISTS `ArtigoTipoAnalise` (
  `CodArtigo` int(11) NOT NULL,
  `CodTipoAnalise` int(11) NOT NULL
) ENGINE=InnoDB DEFAULT CHARSET=utf8;

--
-- Fazendo dump de dados para tabela `ArtigoTipoAnalise`
--

INSERT INTO `ArtigoTipoAnalise` (`CodArtigo`, `CodTipoAnalise`) VALUES
(2, 1),
(3, 1),
(10, 1),
(11, 1),
(16, 1),
(19, 1),
(20, 1),
(22, 1),
(24, 1),
(26, 1),
(27, 1),
(31, 1),
(32, 1),
(36, 1),
(39, 1),
(40, 1),
(42, 1),
(43, 1),
(45, 1),
(1, 2),
(3, 2),
(4, 2),
(5, 2),
(6, 2),
(7, 2),
(8, 2),
(9, 2),
(12, 2),
(13, 2),
(14, 2),
(16, 2),
(17, 2),
(18, 2),
(19, 2),
(21, 2),
(23, 2),
(25, 2),
(27, 2),
(29, 2),
(31, 2),
(33, 2),
(35, 2),
(37, 2),
(41, 2),
(43, 2),
(44, 2),
(38, 3);

-- --------------------------------------------------------

--
-- Estrutura para tabela `ArtigoTipoObjetivo`
--

CREATE TABLE IF NOT EXISTS `ArtigoTipoObjetivo` (
  `CodArtigo` int(11) NOT NULL,
  `CodTipoObjetivo` int(11) NOT NULL
) ENGINE=InnoDB DEFAULT CHARSET=utf8;

--
-- Fazendo dump de dados para tabela `ArtigoTipoObjetivo`
--

INSERT INTO `ArtigoTipoObjetivo` (`CodArtigo`, `CodTipoObjetivo`) VALUES
(1, 2),
(2, 1),
(2, 2),
(3, 2),
(4, 2),
(5, 1),
(6, 2),
(7, 2),
(8, 3),
(9, 1),
(9, 2),
(10, 1),
(10, 2),
(11, 1),
(12, 2),
(12, 3),
(13, 2),
(14, 2),
(14, 3),
(16, 2),
(17, 1),
(18, 2),
(19, 1),
(19, 2),
(20, 2),
(21, 1),
(22, 1),
(23, 1),
(23, 2),
(24, 1),
(25, 2),
(26, 1),
(27, 1),
(28, 2),
(29, 2),
(31, 1),
(31, 2),
(32, 2),
(33, 3),
(35, 1),
(35, 2),
(36, 2),
(37, 1),
(37, 2),
(38, 3),
(39, 2),
(40, 2),
(41, 2),
(42, 1),
(42, 2),
(43, 1),
(43, 2),
(44, 2),
(44, 3),
(45, 1),
(45, 3);

-- --------------------------------------------------------

--
-- Estrutura para tabela `ArtigoTipoProcedimento`
--

CREATE TABLE IF NOT EXISTS `ArtigoTipoProcedimento` (
  `CodArtigo` int(11) NOT NULL,
  `CodTipoProcedimento` int(11) NOT NULL
) ENGINE=InnoDB DEFAULT CHARSET=utf8;

--
-- Fazendo dump de dados para tabela `ArtigoTipoProcedimento`
--

INSERT INTO `ArtigoTipoProcedimento` (`CodArtigo`, `CodTipoProcedimento`) VALUES
(1, 2),
(2, 3),
(3, 3),
(4, 3),
(5, 3),
(6, 1),
(7, 2),
(8, 3),
(10, 3),
(11, 2),
(12, 2),
(13, 1),
(13, 2),
(14, 2),
(16, 1),
(16, 2),
(18, 3),
(19, 1),
(21, 2),
(22, 3),
(23, 1),
(24, 2),
(25, 2),
(26, 2),
(26, 3),
(27, 2),
(28, 2),
(29, 2),
(31, 1),
(31, 2),
(32, 2),
(33, 3),
(35, 1),
(35, 2),
(36, 2),
(37, 3),
(38, 3),
(39, 3),
(40, 3),
(41, 3),
(42, 3),
(43, 1),
(43, 2),
(44, 3),
(45, 2);

-- --------------------------------------------------------

--
-- Estrutura para tabela `Autor`
--

CREATE TABLE IF NOT EXISTS `Autor` (
  `CodAutor` int(11) NOT NULL,
  `NomeAutor` varchar(200) NOT NULL
) ENGINE=InnoDB DEFAULT CHARSET=utf8;

--
-- Fazendo dump de dados para tabela `Autor`
--

INSERT INTO `Autor` (`CodAutor`, `NomeAutor`) VALUES
(2, 'Viviane Karoline da Silva Carvalho'),
(3, 'Carla Pinta Marques'),
(4, 'Everton Nunes da Silva'),
(5, 'Andreia Carrer'),
(6, 'Yamila Comes'),
(7, 'Rebeca Maria de Medeiros Vieira'),
(8, 'Tiago Rocha Pinto'),
(9, 'Lucas Pereira de Melo'),
(10, 'Elisandréa Sguario Kemper '),
(11, '  Renato Tasca'),
(12, 'Erno Harzheim'),
(13, ' Julio M. Suárez Jiménez'),
(14, ' Jorge Hadad'),
(15, ' Maria Fátima de Sousa'),
(16, 'Giovanni Gurgel Aciole '),
(17, 'Alexandre Zarias '),
(18, 'Suzy Luna Nobre Gonçalves Ferreira'),
(19, 'Josiane Lemos Machiavelli'),
(20, 'Débora Cintra Toscano de Brito'),
(21, 'Cynthia de Freitas Melo '),
(22, 'Mariana Carvalho Costa'),
(23, 'Bárbara Jéssyca Magalhães'),
(24, ' Beatriz Rosana Gonçalves de Oliveira Toso '),
(25, 'Ana Teresa Bittencourt Guimarães '),
(26, 'Julia Reis Conterno'),
(27, 'Kamila Caroline Minosso '),
(28, 'Rogério Fabiano Gonçalves'),
(29, ' Islândia Maria Carvalho de Sousa '),
(30, 'Oswaldo Yoshimi Tanaka'),
(31, ' Carlos Renato dos Santos'),
(32, 'Keila Brito-Silva'),
(33, 'Lara Ximenes Santos'),
(34, ' Adriana Falangola Benjamin Bezerra'),
(35, 'Felipe Proenço de Oliveira'),
(36, 'Ana Maria Costa'),
(37, 'Antonio José Costa Cardoso'),
(38, ' Josélia de Souza Trindade'),
(39, ' Iêda Maria Ávila Vargas Dias'),
(40, 'Oswaldo Gonçalves Junior'),
(41, ' Gustavo Bonin Gava'),
(42, 'Murilo Santos da Silva'),
(43, 'Gabriela Spanghero Lotta '),
(44, 'Maria Cristina Costa Pinto Galvão'),
(45, 'Arilson da Silva Favareto '),
(46, 'Antonio Carlos Lopes'),
(47, 'Indyara Morais'),
(48, 'Dábyla Alkmin'),
(49, ' Jéssica Lopes'),
(50, 'Marina Santos'),
(51, 'Mariane Leonel'),
(52, 'Rodrigo Santos'),
(53, 'Weverton Rosa'),
(54, 'Ana Mendonça'),
(55, 'Maria Sousa'),
(56, 'Luciano Bezerra Gomes'),
(57, ' Emerson Elias Merhy'),
(58, 'Gustavo Diniz Ferreira Gusso'),
(59, 'Ana Paula Cavalcante de Oliveira'),
(60, 'Mariana Gabriel'),
(61, 'Mario Roberto Dal Poz'),
(62, 'Gilles Dussault'),
(63, 'Gabriella Morais Duarte Miranda'),
(64, ' Antonio da Cruz Gouveia Mendes'),
(65, 'Ana Lúcia Andrade da Silva'),
(66, 'Pedro Miguel dos Santos Neto'),
(67, 'Matthew Harris'),
(68, 'Rodrigo Tobias de Sousa Lima'),
(69, 'Tiotrefis Gomes Fernandes'),
(70, 'Felipe dos Santos Costa'),
(71, 'Joyce Mendes de Andrade Schramm'),
(72, 'Julio Cesar Schweickardt'),
(73, 'Alcindo Antonio Ferla'),
(74, 'Eduardo Alves Melo'),
(75, 'Alcides Silva de Miranda'),
(76, 'Diego Azevedo Melo'),
(77, 'Joaquín Molina'),
(78, 'Renato Tasca'),
(79, 'Julio Suárez'),
(80, 'Fernanda de Freitas Mendonça'),
(81, 'Luis Fernando Abucarub de Mattos'),
(82, 'Emmeline Bernardes Duarte de Oliveira'),
(83, 'Carolina Milena Domingos'),
(84, 'Carlos Takeo Okamura'),
(85, 'Brígida Gimenez Carvalho'),
(86, 'Elisabete de Fátima Polo de Almeida Nunes'),
(87, 'Claunara Schilling Mendonça'),
(88, ' Margarita Silva Diercks'),
(89, 'Luciane Kopittke'),
(90, 'Michael Schmidt Duncan'),
(91, 'Leonardo Vieira Targa '),
(92, 'José Emilio Caballero González'),
(93, 'Estela Cristina Luna Morales'),
(94, 'Ariel Delgado Ramos'),
(95, 'Mário Scheffer'),
(96, 'Dominique Doula Ribeiro'),
(97, 'Tatiane Pelegrini'),
(98, 'Cristiana Tristão Rodrigues'),
(99, 'João Paulo Alves Oliveira'),
(100, 'Mauro Niskier Sanchez'),
(101, 'Leonor Maria Pacheco Santos '),
(102, 'Rafael Joaquim Oliveira Silva'),
(103, 'Darcon Saousa'),
(104, 'Alex dos Santos Macedo'),
(105, 'Valderí de Castro Alcântara'),
(106, 'Luís Fernando Silva Andrade'),
(107, 'Patrícia Aparecida Ferreira'),
(108, 'Mario Roberto Rovere'),
(109, 'Lucélia Luiz Pereira'),
(110, 'Leonor Pacheco'),
(111, 'Joaquim José Soares Neto'),
(112, ' Maria Helena Machado'),
(113, 'Cecília Brito Alves'),
(114, 'Bárbara Pinto Andrade de Souza'),
(115, 'Albuquerque Cavalcanti de Paullete'),
(116, 'Priscila Tamar Alves Nogueira'),
(117, 'Adriana Falangola Benjamin Bezerra'),
(118, 'Antonio Flaudiano Bem Leite'),
(119, 'Islândia Maria de Sousa Carvalho'),
(120, 'Rogério Fabiano Gonçalves '),
(121, 'Keila Silene de Brito-Silva'),
(122, 'Ximena Pamela Díaz-Bermúdez'),
(123, 'Helena Eri Shimizu'),
(124, 'Sábado Nicolau Girardi'),
(125, 'Cristiana Leite Carvalho'),
(126, 'Célia Regina Pierantoni'),
(127, 'Juliana de Oliveira Costa'),
(128, 'Ana Cristina de Sousa van Stralen'),
(129, 'Thaís Viana Lauar'),
(130, 'Renata Bernardes David'),
(131, 'Hêider Aurélio Pinto'),
(132, 'José Santos Souza Santana'),
(133, 'Felipe de Oliveira de Souza Santos('),
(134, 'Sidclei Queiroga de Araujo'),
(135, 'Ileana Nicolasa Ferrer Valdes'),
(136, 'Elitiele Ortiz dos Santos'),
(137, 'Ernande Valentin do Prado'),
(138, 'Aimê Oliveira '),
(139, ' Josélia Souza Trindade '),
(140, ' Ivana CHC Barreto '),
(141, 'Poliana Araújo Palmeira'),
(142, ' Felipe OS Santos'),
(143, ' Wallace Santos'),
(144, 'Vanira Matos Pessoa');

-- --------------------------------------------------------

--
-- Estrutura para tabela `Coordenador`
--

CREATE TABLE IF NOT EXISTS `Coordenador` (
  `CodCoordenador` int(11) NOT NULL,
  `NomeCoordenador` varchar(200) NOT NULL
) ENGINE=InnoDB DEFAULT CHARSET=utf8;

--
-- Fazendo dump de dados para tabela `Coordenador`
--

INSERT INTO `Coordenador` (`CodCoordenador`, `NomeCoordenador`) VALUES
(1, 'Matheus'),
(2, 'Yamila Comes'),
(3, ' Josélia de Souza Trindade'),
(4, ' Helena Eri Shimizu'),
(5, ' Edgar Merchan Hamann'),
(6, ' Florencia Bargioni'),
(7, ' Loana Ramirez'),
(8, ' Mauro Niskier Sanchez'),
(9, ' Leonor Maria Pacheco Santos'),
(10, 'Yamila Comes'),
(11, ' Josélia de Souza Trindade'),
(12, ' Helena Eri Shimizu'),
(13, ' Edgar Merchan Hamann'),
(14, ' Florencia Bargioni'),
(15, ' Loana Ramirez'),
(16, ' Mauro Niskier Sanchez'),
(17, ' Leonor Maria Pacheco Santos'),
(19, ' Josélia de Souza Trindade'),
(20, ' Vanira Matos Pessoa'),
(21, ' Ivana Cristina de Holanda Cunha Barreto'),
(22, ' Helena Eri Shimizu'),
(23, ' Diego Dewes'),
(24, ' Carlos André Moura Arruda'),
(25, ' Leonor Maria Pacheco Santos');

-- --------------------------------------------------------

--
-- Estrutura para tabela `Instituicao`
--

CREATE TABLE IF NOT EXISTS `Instituicao` (
  `CodInstituicao` int(11) NOT NULL,
  `NomeInstituicao` varchar(200) NOT NULL,
  `SiglaInstituicao` varchar(20) DEFAULT NULL,
  `CodUF` int(11) DEFAULT NULL
) ENGINE=InnoDB DEFAULT CHARSET=utf8;

--
-- Fazendo dump de dados para tabela `Instituicao`
--

INSERT INTO `Instituicao` (`CodInstituicao`, `NomeInstituicao`, `SiglaInstituicao`, `CodUF`) VALUES
(1, 'Universidade Federal De Mato Grosso', 'UFMT', 51),
(2, 'Universidade De Brasília', 'UNB', 53),
(3, 'Universidade Federal De Sergipe', 'UFS', 28),
(4, 'Universidade Federal Do Amazonas', 'UFAM', 13),
(5, 'Universidade Federal Do Piauí', 'UFPI', 22),
(6, 'Universidade Federal De Ouro Preto', 'UFOP', 31),
(7, 'Universidade Federal De São Carlos', 'UFSCAR', 35),
(8, 'Universidade Federal De Viçosa', 'UFV', 31),
(9, 'Universidade Estadual De Londrina', 'UEL', 41),
(10, 'Pontifícia Universidade Católica Do Paraná', 'PUCPR', 41),
(11, 'Universidade Católica De Pernambuco', 'UNICAP', 26),
(12, 'Universidade Federal Do Rio Grande', 'FURG', 43),
(13, 'Universidade De Caxias Do Sul', 'UCS', 43),
(14, 'Universidade Do Vale Do Rio Dos Sinos', 'UNISINOS', 43),
(15, 'Universidade Católica De Petrópolis', 'UCP', 33),
(16, 'Universidade Gama Filho', 'UGF', 33),
(17, 'Universidade Federal De Uberlândia', 'UFU', 31),
(18, 'Universidade Católica De Pelotas', 'UCPEL', 43),
(19, 'Pontifícia Universidade Católica De Campinas', 'PUC-CAMPINAS', 35),
(20, 'Universidade De Passo Fundo', 'UPF', 43),
(21, 'Pontifícia Universidade Católica Do Rio Grande Do Sul', 'PUCRS', 43),
(22, 'Universidade Presbiteriana Mackenzie', 'MACKENZIE', 35),
(23, 'Universidade Feevale', 'FEEVALE', 43),
(24, 'Universidade Estadual De Santa Cruz', 'UESC', 29),
(26, 'Escola Nacional De Ciências Estatísticas', 'ENCE', 33),
(27, 'Universidade Vale Do Rio Verde', 'UNINCOR', 31),
(29, 'Universidade Estadual Do Ceará', 'UECE', 23),
(30, 'Universidade José Do Rosário Vellano', 'UNIFENAS', 31),
(31, 'Centro De Educação Técnica Da Utramig', 'UTRAMIG', 31),
(32, 'Universidade Estadual De Ciências Da Saúde De Alagoas - Uncisal', 'UNCISAL', 27),
(33, 'Faculdade De Tecnologia De Sorocaba', 'FATEC SO', 35),
(34, 'Faculdade De Tecnologia De São Paulo', 'FATEC-SP', 35),
(35, 'Faculdade De Tecnologia De Americana', 'FATEC-AM', 35),
(36, 'Faculdade De Tecnologia Rubens Lara', 'FATEC-BS', 35),
(37, 'Faculdade De Tecnologia De Jahu', 'FATEC-JAHU', 35),
(38, 'Universidade Do Estado Do Pará', 'UEPA', 15),
(40, 'Universidade Do Estado Da Bahia', 'UNEB', 29),
(43, 'Fundação Universidade Do Estado De Santa Catarina', 'UDESC', 42),
(46, 'Faculdade Estadual De Ciências Econômicas De Apucarana', 'FECEA', 41),
(47, 'Universidade Estadual De Goiás', 'UEG', 52),
(54, 'Universidade Estadual De Campinas', 'UNICAMP', 35),
(55, 'Universidade De São Paulo', 'USP', 35),
(56, 'Universidade Estadual Paulista Júlio De Mesquita Filho', 'UNESP', 35),
(57, 'Universidade Estadual De Maringá', 'UEM', 41),
(58, 'Faculdade De Direito De São Bernardo Do Campo', 'FDSBC', 35),
(59, 'Faculdade De Direito De Franca', 'FDF', 35),
(60, 'Centro Universitário De Franca', 'UNI-FACEF', 35),
(67, 'Escola De Engenharia De Piracicaba', 'EEP/FUMEP', 35),
(68, 'Faculdade De Filosofia Ciências E Letras De Penápolis', 'FAFIPE', 35),
(71, 'Universidade Do Estado Do Rio Grande Do Norte', 'UERN', 24),
(72, 'Faculdade De Formação De Professores Da Mata Sul', 'FAMASUL', 26),
(73, 'Centro De Ensino Superior De Arcoverde', 'CESA', 26),
(74, 'Faculdade De Filosofia Ciências E Letras De São José Do Rio Pardo', 'FFCL', 35),
(75, 'Faculdade Estadual De Educação Ciências E Letras De Paranavaí', 'FAFIPA', 41),
(76, 'Universidade Regional De Blumenau', 'FURB', 42),
(77, 'Faculdade Da Região Dos Lagos', 'FERLAGOS', 33),
(78, 'Faculdade De Filosofia Ciências E Letras De Alegre', 'FAFIA', 32),
(79, 'Instituto Municipal De Ensino Superior De Catanduva', 'IMES CATANDUVA', 35),
(80, 'Centro Universitário Para O Desenvolvimento Do Alto Vale Do Itajaí', 'UNIDAVI', 42),
(81, 'Universidade Da Região De Joinville', 'UNIVILLE', 42),
(82, 'Universidade Do Oeste De Santa Catarina', 'UNOESC', 42),
(83, 'Universidade Do Vale Do Itajaí', 'UNIVALI', 42),
(84, 'Faculdade De Filosofia Ciências E Letras De Macaé', 'FAFIMA', 33),
(87, 'Centro Universitário De Brusque', 'UNIFEBE', 42),
(88, 'Faculdade De Formação De Professores De Penedo', 'FFPP', 27),
(93, 'Faculdade De Medicina De Jundiaí', 'FMJ', 35),
(94, 'Escola Superior De Educação Física De Jundiaí', 'ESEFJ', 35),
(95, 'Universidade Estadual Do Vale Do Acaraú', 'UVA', 23),
(99, 'Faculdade De Direito De Conselheiro Lafaiete', 'FDCL', 31),
(107, 'Universidade Federal De São João Del Rei', 'UFSJ', 31),
(109, 'Faculdades Integradas Rui Barbosa', 'FIRB', 35),
(124, 'Centro Universitário De Araraquara', 'UNIARA', 35),
(125, 'Centro Universitário De Araras -', 'UNAR', 35),
(126, 'Instituto Nacional De Telecomunicações', 'INATEL', 31),
(131, 'Faculdade De Educação Física De Barra Bonita', 'FAEFI', 35),
(135, 'Centro Universitário Claretiano', 'CEUCLAR', 35),
(137, 'Universidade Do Sagrado Coração', 'USC', 35),
(138, 'Centro Universitário Barão De Mauá', 'CBM', 35),
(139, 'Faculdade De Ciências Econômicas Do Triângulo Mineiro', 'FCETM', 31),
(140, 'Universidade Severino Sombra', 'USS', 33),
(141, 'Faculdade De Direito De Varginha - Fadiva', 'FADIVA', 31),
(142, 'Centro Universitário Do Triângulo', 'UNITRI', 31),
(143, 'Universidade De Uberaba', 'UNIUBE', 31),
(144, 'Faculdade De Ciências Humanas De Olinda', 'FACHO', 26),
(145, 'Faculdade De Ciências Humanas E Sociais', 'FCHS', 33),
(146, 'Centro Universitário De Rio Preto', 'UNIRP', 35),
(149, 'Faculdade De Medicina De São José Do Rio Preto', 'FAMERP', 35),
(150, 'Universidade De Sorocaba', 'UNISO', 35),
(151, 'Escola De Administração De Empresas De São Paulo', 'FGV-EAESP', 35),
(152, 'Faculdade De Ciências Contábeis', 'FACIC', 29),
(158, 'Conservatório Brasileiro De Música - Centro Universitário', 'CBM/CEU', 33),
(159, 'Faculdade De Filosofia Ciências E Letras De Caruaru', 'FAFICA', 26),
(160, 'Faculdade Frassinetti Do Recife', 'FAFIRE', 26),
(161, 'Centro Universitário Assunção', 'UNIFAI', 35),
(162, 'Centro Universitário Belas Artes De São Paulo', 'FEBASP', 35),
(163, 'Universidade Estácio De Sá', 'UNESA', 33),
(165, 'Universidade Veiga De Almeida', 'UVA', 33),
(166, 'Fai - Centro De Ensino Superior Em Gestão, Tecnologia E Educação', NULL, 31),
(167, 'Universidade Metodista De São Paulo', 'UMESP', 35),
(170, 'Faculdades Da Fundação De Ensino De Mococa', 'FAFEM', 35),
(171, 'Faculdade De Direito Do Sul De Minas', 'FDSM', 31),
(176, 'Universidade Castelo Branco', 'UCB', 33),
(190, 'Escola De Medicina Souza Marques Da Fundação Técnico-educacional Souza Marques', 'EMSM', 33),
(191, 'Faculdade De Ciências Contábeis E De Administração De Empresas', 'FCCAE', 33),
(192, 'Faculdade De Filosofia Ciências E Letras Souza Marques', 'FFCLSM', 33),
(193, 'Faculdade De Engenharia Souza Marques', 'FESM', 33),
(194, 'Escola De Enfermagem Da Fundação Técnico Educacional Souza Marques', 'EEFTESM', 33),
(195, 'Faculdade Moraes Júnior - Mackenzie Rio', 'FMJ - MACKENZIE RIO', 33),
(197, 'Faculdade De Educação Superior Do Paraná', 'FESPRR', 41),
(198, 'Centro Universitário Da Cidade', 'UNIVERCIDADE', 33),
(200, 'Faculdade Cásper Líbero', 'FCL', 35),
(201, 'Faculdade Brasileira De Ciências Jurídicas', 'FBCJ', 33),
(202, 'Faculdade De Economia E Finanças Do Rio De Janeiro', 'FEFRJ', 33),
(203, 'Universidade São Judas Tadeu', 'USJT', 35),
(206, 'Centro Universitário Ítalo-brasileiro', 'UNIÍTALO', 35),
(207, 'Centro Universitário Moura Lacerda', 'CUML', 35),
(208, 'Universidade De Ribeirão Preto', 'UNAERP', 35),
(213, 'Centro Universitário Fecap', 'FECAP', 35),
(214, 'Faculdade De Engenharia De Minas Gerais - Feamig', 'FEAMIG', 31),
(215, 'Universidade Do Grande Abc', 'UNIABC', 35),
(216, 'Centro Universitário Metodista Izabela Hendrix', 'IMIH', 31),
(217, 'Centro Universitário Das Faculdades Associadas De Ensino - Fae', 'UNIFAE', 35),
(219, 'Faculdade De Educação Ciências E Artes Dom Bosco De Monte Aprazível', 'FAECA DOM BOSCO', 35),
(220, 'Faculdade São Judas Tadeu', 'FSJT', 33),
(221, 'Universidade Cruzeiro Do Sul', 'UNICSUL', 35),
(222, 'Centro Universitário De Votuporanga', 'UNIFEV', 35),
(224, 'Faculdade De Medicina Do Abc', 'FMABC', 35),
(225, 'Instituto De Ensino Superior Santo André', 'IESA', 35),
(226, 'Centro Universitário Lusíada', 'UNILUS', 35),
(227, 'Universidade Católica De Santos', 'UNISANTOS', 35),
(231, 'Faculdade De São Bernardo Do Campo - Fasb', 'FASB I', 35),
(234, 'Faculdades Oswaldo Cruz', 'FOC', 35),
(240, 'Universidade Santa Úrsula', 'USU', 33),
(242, 'Centro Universitário Anhanguera', 'UNIA', 35),
(243, 'Faculdade Do Clube Náutico Mogiano', 'FCNM', 35),
(244, 'Centro Universitário Fieo', 'UNIFIEO', 35),
(254, 'Centro Universitário Capital', 'UNICAPITAL', 35),
(255, 'Faculdade De Engenharia E Agrimensura De Pirassununga - Feap', 'FEAP', 35),
(256, 'Faculdade De Filosofia, Ciências E Letras De Piraju', 'FAFIP', 35),
(263, 'Faculdades Integradas Campos Salles', 'FICS', 35),
(265, 'Faculdades Integradas De Ourinhos', 'FIO', 35),
(266, 'Universidade Metodista De Piracicaba', 'UNIMEP', 35),
(267, 'Faculdades Integradas Espírito Santenses', 'FAESA I', 32),
(268, 'Faculdade De Direito Da Alta Paulista', 'FADAP', 35),
(269, 'Faculdade Faccat', 'FACCAT', 35),
(270, 'Faculdades Esefap', NULL, 35),
(271, 'Universidade Do Oeste Paulista', 'UNOESTE', 35),
(275, 'Universidade Do Vale Do Paraíba', 'UNIVAP', 35),
(276, 'Faculdade De Direito De Sorocaba', 'FADI', 35),
(277, 'Centro Universitário Augusto Motta', 'UNISUAM', 33),
(278, 'Faculdades Integradas Simonsen', 'FIS', 33),
(279, 'Faculdades Integradas Hélio Alonso', 'FACHA', 33),
(284, 'Faculdade De Medicina De Itajubá', 'FMIT', 31),
(288, 'Faculdade De Direito Do Vale Do Rio Doce', 'FADIVALE', 31),
(294, 'Faculdade Três De Maio', 'SETREM', 43),
(295, 'Universidade De Santa Cruz Do Sul', 'UNISC', 43),
(296, 'Universidade Da Região Da Campanha', 'URCAMP', 43),
(298, 'Universidade Norte Do Paraná', 'UNOPAR', 41),
(299, 'Faculdade De Jandaia Do Sul', 'FAFIJAN', 41),
(302, 'Faculdade De Ciências Econômicas, Administrativas E Contábeis De Divinópolis', 'FACED', 31),
(307, 'Faculdade De Medicina De Barbacena', 'FAME', 31),
(308, 'Universidade Presidente Antônio Carlos', 'UNIPAC', 31),
(316, 'Universidade Nove De Julho', 'UNINOVE', 35),
(319, 'Universidade Camilo Castelo Branco', 'UNICASTELO', 35),
(322, 'Universidade Paulista', 'UNIP', 35),
(330, 'Universidade Iguaçu', 'UNIG', 33),
(336, 'Faculdade Machado Sobrinho', 'FMS', 31),
(337, 'Centro De Ensino Superior De Juiz De Fora', 'CES/JF', 31),
(338, 'Pontifícia Universidade Católica De Minas Gerais', 'PUC MINAS', 31),
(339, 'Faculdade Santa Emília De Rodat', 'FASER', 25),
(343, 'Centro Universitário Newton Paiva', 'NEWTON PAIVA', 31),
(344, 'Centro Universitário Una', 'UNA', 31),
(345, 'Escola De Engenharia Kennedy', 'EEK', 31),
(346, 'Instituto Superior De Ciências Aplicadas - Isca', 'ISCA', 35),
(349, 'Centro Universitário De Belo Horizonte', 'UNI-BH', 31),
(351, 'Faculdade De Ciências Médicas De Minas Gerais', 'FCMMG', 31),
(352, 'Centro Universitário De João Pessoa', 'UNIPÊ', 25),
(353, 'Faculdade Evangélica Do Paraná', 'FEPAR', 41),
(355, 'Universidade Tuiuti Do Paraná', 'UTP', 41),
(360, 'Centro Universitário Paulistano', 'UNIPAULISTANA', 35),
(361, 'Faculdade Paulista De Serviço Social De São Caetano Do Sul', 'FAPSS-SCS', 35),
(362, 'Faculdade Paulista De Serviço Social', 'FAPSS-SP.', 35),
(363, 'Faculdade Mozarteum De São Paulo', 'FAMOSP', 35),
(364, 'Faculdade De Ciências Contábeis De Ponte Nova', 'FACE', 31),
(367, 'Universidade Estadual De Montes Claros', 'UNIMONTES', 31),
(368, 'Faculdade De Educação Física Da Associação Cristã De Moços De Sorocaba', 'FEFISO', 35),
(370, 'Faculdade Paulista De Artes', 'FPA', 35),
(371, 'Faculdade De Música Carlos Gomes', 'FMCG', 35),
(372, 'Faculdade De Biblioteconomia E Ciência Da Informação', 'FABCI', 35),
(373, 'Escola De Sociologia E Política De São Paulo', 'ESP', 35),
(374, 'Centro Universitário Das Faculdades Metropolitanas Unidas', 'FMU', 35),
(375, 'Universidade De Santo Amaro', 'UNISA', 35),
(376, 'Centro Universitário Anhanguera De São Paulo', NULL, 35),
(383, 'Universidade Da Amazônia', 'UNAMA', 15),
(384, 'Centro Universitário De Anápolis', 'UNIEVANGÉLICA', 52),
(385, 'Universidade Salvador', 'UNIFACS', 29),
(386, 'Centro Universitário De Goiás', 'UNI-ANHANGÜERA', 52),
(387, 'Universidade Católica Dom Bosco', 'UCDB', 50),
(395, 'Faculdade De Ciências Contábeis De Lucélia', 'CEALPA', 35),
(396, 'Faculdade Ruy Barbosa', 'FRBA', 29),
(398, 'Universidade Tiradentes', 'UNIT', 28),
(399, 'Escola De Engenharia De Agrimensura', 'EEA', 29),
(402, 'Centro Universitário De Brasília', 'UNICEUB', 53),
(403, 'Universidade Católica De Brasília', 'UCB', 53),
(404, 'Faculdades Integradas Da Upis', 'UPIS', 53),
(405, 'Focca - Faculdade De Olinda', 'FOCCA', 26),
(408, 'Escola Superior De Relações Públicas', 'ESURP', 26),
(409, 'Universidade De Pernambuco', 'UPE', 26),
(410, 'Faculdade De Ciências Humanas Esuda', 'FCHE', 26),
(415, 'Faculdade De Ciências Médicas Da Santa Casa São Paulo', 'FCMSCSP', 35),
(416, 'Faculdade De São Paulo', 'FATEMA', 35),
(417, 'Universidade Cidade De São Paulo', NULL, 35),
(420, 'Universidade De Marília', 'UNIMAR', 35),
(421, 'Faculdade Estadual De Ciências E Letras De Campo Mourão', 'FECILCAM', 41),
(423, 'Universidade Regional Integrada Do Alto Uruguai E Das Missões', 'URI', 43),
(426, 'Centro Universitário Franciscano', 'UNIFRA', 43),
(430, 'Centro Universitário Filadélfia', 'UNIFIL', 41),
(431, 'Faculdade De Medicina De Marília', 'FAMEMA', 35),
(432, 'Faculdade Paranaense', 'FACCAR', 41),
(434, 'Faculdade Santa Marcelina', 'FASM', 35),
(435, 'Faculdade De Filosofia Ciências E Letras Santa Marcelina', 'FAFISM', 31),
(437, 'Universidade Paranaense', 'UNIPAR', 41),
(438, 'Faculdade De Filosofia Ciências E Letras De Ituverava', 'FFCL', 35),
(439, 'Faculdade Doutor Francisco Maeda', 'FAFRAM', 35),
(440, 'Faculdade De Direito De Itú', 'FADITU', 35),
(441, 'Universidade Do Contestado', 'UNC', 42),
(446, 'Universidade De Cruz Alta', 'UNICRUZ', 43),
(448, 'Centro Universitário Ritter Dos Reis', 'UNIRITTER', 43),
(449, 'Universidade Luterana Do Brasil', 'ULBRA', 43),
(450, 'Centro Universitário Luterano De Ji-paraná', 'CEULJI/ULBRA', 11),
(451, 'Centro Universitário Luterano De Santarém', 'CEULS', 15),
(452, 'Centro Universitário Luterano De Manaus', 'CEULM/ULBRA', 13),
(453, 'Centro Universitário Luterano De Palmas', 'CEULP', 17),
(454, 'Faculdade Camaqüense De Ciências Contábeis E Administrativas', 'FACCCA', 43),
(455, 'Faculdade De Formação De Professores E Especialistas De Educação', 'FAFOPEE', 43),
(456, 'Centro Universitário Sant´anna', 'UNISANT''ANNA', 35),
(457, 'Universidade Bandeirante De São Paulo', 'UNIBAN', 35),
(458, 'Universidade Ibirapuera', 'UNIB', 35),
(460, 'Faculdade De Artes Plásticas Da Fundação Armando Alvares Penteado', 'FAAP', 35),
(461, 'Faculdade De Administração Da Fundação Armando Alvares Penteado', 'FAE-FAAP', 35),
(462, 'Faculdade De Engenharia Da Fundação Armando Alvares Penteado', 'FEFAAP', 35),
(463, 'Faculdade De Comunicação E Marketing Da - Fundação Armando Álvares Penteado', 'FACOM-FAAP', 35),
(464, 'Faculdade De Economia Da Fundação Armando Alvares Penteado', 'FEC-FAAP', 35),
(465, 'Faculdade De Computação E Informática Da Fundação Armando Alvares Penteado', 'FCI-FAAP', 35),
(466, 'Universidade Anhembi Morumbi', 'UAM', 35),
(467, 'Faculdade De Ciências Contábeis De Itapetininga', 'FCCI', 35),
(468, 'Faculdade De Filosofia, Ciências E Letras De Itapetininga', 'FFCLI', 35),
(472, 'Universidade Do Grande Rio Professor José De Souza Herdy', 'UNIGRANRIO', 33),
(473, 'Faculdade De Ciências Econômicas, Administrativas E Da Computação Dom Bosco', 'FCEACDB', 33),
(474, 'Faculdade De Filosofia Ciências E Letras Dom Bosco', 'FFCLDB', 33),
(475, 'Faculdade De Medicina De Petrópolis', 'FMP', 33),
(480, 'Centro Universitário Serra Dos Órgãos', 'UNIFESO', 33),
(481, 'Universidade Guarulhos', 'UNG', 35),
(482, 'Universidade Do Extremo Sul Catarinense', 'UNESC', 42),
(483, 'Centro Universitário Metropolitano De São Paulo', 'UNIMESP', 35),
(489, 'Centro Universitário De Volta Redonda', 'UNIFOA', 33),
(490, 'Centro De Ensino Superior De Valença', 'CESVA', 33),
(491, 'Faculdade De Educação Ciências E Letras Don Domênico', 'FECLE', 35),
(492, 'Faculdade De Administração Ciências Econ E Contábeis De Guaratinguetá', 'FACEAG', 35),
(493, 'Faculdade De Educação De Guaratinguetá', 'FACEG', 35),
(494, 'Universidade Do Sul De Santa Catarina', 'UNISUL', 42),
(495, 'Faculdade De Ciências E Letras De Bragança Paulista', 'FESB', 35),
(496, 'Universidade De Franca', 'UNIFRAN', 35),
(501, 'Escola Superior De Ciências Da Santa Casa De Misericórdia De Vitória', 'EMESCAM', 32),
(502, 'Centro Universitário Monte Serrat', 'UNIMONTE', 35),
(506, 'Faculdade De Medicina De Campos', 'FMC', 33),
(507, 'Faculdade Triângulo Mineiro', 'FTM', 31),
(508, 'Faculdade De Ciências Sociais Aplicadas Do Sul De Minas - Facesm', 'FACESM', 31),
(509, 'Faculdades Integradas De Cruzeiro', 'FIC', 35),
(510, 'Escola De Enfermagem Wenceslau Braz', 'EEWB', 31),
(513, 'Universidade Vale Do Rio Doce', 'UNIVALE', 31),
(514, 'Centro Universitário De Barra Mansa', 'UBM', 33),
(515, 'Centro Universitário Plínio Leite', 'UNIPLI', 33),
(516, 'Centro Universitário Moacyr Sreder Bastos', 'UNIMSB', 33),
(517, 'Faculdade De Educação São Luís', 'FESL', 35),
(518, 'Centro Universitário Do Distrito Federal', 'UDF', 53),
(519, 'Universidade Católica Do Salvador', 'UCSAL', 29),
(521, 'Universidade De Mogi Das Cruzes', 'UMC', 35),
(522, 'Centro Universitário Celso Lisboa', 'UCL', 33),
(526, 'Universidade Braz Cubas', 'UBC', 35),
(527, 'Pontifícia Universidade Católica De Goiás', 'PUC GOIÁS', 52),
(528, 'Pontifícia Universidade Católica Do Rio De Janeiro', 'PUC-RIO', 33),
(530, 'Faculdade De Música Do Espírito Santo', 'FAMES', 32),
(532, 'Universidade Regional Do Noroeste Do Estado Do Rio Grande Do Sul', 'UNIJUI', 43),
(533, 'Faculdades Integradas De Itapetininga', 'FII', 35),
(534, 'Escola Bahiana De Medicina E Saúde Pública', 'EBMSP', 29),
(535, 'Faculdade De Filosofia Ciências E Letras De Mandaguari', 'FAFIMAN', 41),
(543, 'Faculdade De Ciências Da Fundação Instituto Tecnológico De Osasco', 'FAC-FITO', 35),
(544, 'Faculdade De Ciências Humanas De Itabira', 'FACHI', 31),
(545, 'Faculdade De Ciências Administrativas E Contábeis De Itabira', 'FACCI', 31),
(546, 'Pontifícia Universidade Católica De São Paulo', 'PUCSP', 35),
(547, 'Universidade Do Estado Do Rio De Janeiro', 'UERJ', 33),
(548, 'Universidade Federal Do Maranhão', 'UFMA', 21),
(549, 'Universidade Federal Do Acre', 'UFAC', 12),
(550, 'Universidade Estadual Da Paraíba', 'UEPB', 25),
(555, 'Universidade De Fortaleza', 'UNIFOR', 23),
(556, 'Conservatório De Música De Niterói', 'CMN', 33),
(557, 'Escola De Música E Belas Artes Do Paraná', 'EMBAP', 41),
(558, 'Faculdade De Artes Do Paraná', 'FAP', 41),
(568, 'Universidade Estadual Do Maranhão', 'UEMA', 21),
(569, 'Universidade Federal Do Pará', 'UFPA', 15),
(570, 'Universidade Federal Do Rio Grande Do Norte', 'UFRN', 24),
(571, 'Universidade Federal Do Paraná', 'UFPR', 41),
(572, 'Universidade Federal Fluminense', 'UFF', 33),
(573, 'Universidade Federal Do Espírito Santo', 'UFES', 32),
(574, 'Universidade Federal Rural Do Rio De Janeiro', 'UFRRJ', 33),
(575, 'Universidade Federal De Minas Gerais', 'UFMG', 31),
(576, 'Universidade Federal De Juiz De Fora', 'UFJF', 31),
(577, 'Universidade Federal De Alagoas', 'UFAL', 27),
(578, 'Universidade Federal Da Bahia', 'UFBA', 29),
(579, 'Universidade Federal Da Paraíba', 'UFPB', 25),
(580, 'Universidade Federal De Pernambuco', 'UFPE', 26),
(581, 'Universidade Federal Do Rio Grande Do Sul', 'UFRGS', 43),
(582, 'Universidade Federal De Santa Maria', 'UFSM', 43),
(583, 'Universidade Federal Do Ceará', 'UFC', 23),
(584, 'Universidade Federal De Goiás', 'UFG', 52),
(585, 'Universidade Federal De Santa Catarina', 'UFSC', 42),
(586, 'Universidade Federal Do Rio De Janeiro', 'UFRJ', 33),
(587, 'Universidade Federal Rural De Pernambuco', 'UFRPE', 26),
(588, 'Universidade Tecnológica Federal Do Paraná', 'UTFPR', 41),
(589, 'Universidade Federal Rural Do Semi-árido', 'UFERSA', 24),
(590, 'Universidade Federal Rural Da Amazônia', 'UFRA', 15),
(591, 'Universidade Federal De São Paulo', 'UNIFESP', 35),
(592, 'Universidade Federal De Lavras', 'UFLA', 31),
(593, 'Centro Federal De Educação Tecnológica Celso Suckow Da Fonseca', 'CEFET/RJ', 33),
(594, 'Centro Federal De Educação Tecnológica De Minas Gerais', 'CEFET/MG', 31),
(595, 'Universidade Federal De Alfenas', 'UNIFAL-MG', 31),
(596, 'Universidade Federal Dos Vales Do Jequitinhonha E Mucuri', 'UFVJM', 31),
(597, 'Universidade Federal Do Triângulo Mineiro', 'UFTM', 31),
(598, 'Universidade Federal De Itajubá - Unifei', 'UNIFEI', 31),
(599, 'Instituto Federal De Educação, Ciência E Tecnologia Da Bahia', 'IFBA', 29),
(600, 'Instituto Federal De Educação, Ciência E Tecnologia Do Maranhão', 'IFMA', 21),
(601, 'Instituto Federal De Educação, Ciência E Tecnologia Do Rio Grande Do Sul', 'IFRS', 43),
(602, 'Instituto Tecnológico De Aeronáutica', 'ITA', 35),
(605, 'Universidade Municipal De São Caetano Do Sul', 'USCS', 35),
(606, 'Faculdade De Direito De Cachoeiro Do Itapemirim', 'FDCI', 32),
(607, 'Faculdade De Ciências Contábeis E Administrativas De Cachoeiro Do Itapemirim', 'FACCACI', 32),
(608, 'Escola Superior De Cruzeiro "prefeito Hamilton Vieira Mendes"', 'ESEFIC', 35),
(609, 'Universidade Estadual Do Oeste Do Paraná', 'UNIOESTE', 41),
(610, 'Centro Universitário Metodista Bennett', 'BENNETT', 33),
(614, 'Faculdade De Filosofia Santa Dorotéia', 'FFSD', 33),
(615, 'Faculdade De Filosofia Ciências E Letras Professora Nair Fortes Abu-merhy', 'FAFI - PRONAFOR', 31),
(621, 'Centro De Estudos Superiores De Maceió', 'CESMAC', 27),
(622, 'Faculdades Integradas Silva E Souza', 'FAU', 33),
(624, 'Faculdade De Filosofia Ciências E Letras Carlos Queiroz', 'FAFIQUE', 35),
(625, 'Faculdade Cenecista De Capivari', 'FACECAP', 35),
(626, 'Faculdade Cenecista De Osório', 'FACOS', 43),
(627, 'Faculdade Cenecista De Varginha', 'FACECA', 31),
(631, 'Centro De Ensino Superior Cenecista De Farroupilha', 'CESF', 43),
(633, 'Instituto Militar De Engenharia', 'IME', 33),
(634, 'Universidade Federal De Pelotas', 'UFPEL', 43),
(636, 'Escola Superior De Propaganda E Marketing', 'ESPM', 35),
(637, 'Faculdade De Engenharia São Paulo', 'FESP', 35),
(638, 'Faculdade De Direito Milton Campos', 'FDMC', 31),
(640, 'Faculdades Integradas Maria Thereza', 'FAMATH', 33),
(641, 'Centro Universitário La Salle', 'UNILASALLE', 43),
(645, 'Centro Universitário De Jaraguá Do Sul', 'UNERJ', 42),
(647, 'Faculdade De Enfermagem Luiza De Marillac', 'FELM', 33),
(648, 'Faculdades Associadas De Uberaba - Fazu', 'FAZU', 31),
(649, 'Centro Universitário De União Da Vitória', 'UNIUV', 41),
(650, 'Faculdade De Ciências Contábeis E Administrativas De Avaré', 'IESA/FACCAA', 35),
(651, 'Faculdade De Administração De Governador Valadares', 'FAGV', 31),
(652, 'Faculdade Santa Cecília', 'FASC', 35),
(657, 'Faculdade De Formação De Professores De Serra Talhada', 'FAFOPST', 26),
(662, 'Faculdades Integradas Coração De Jesus', 'FAINC', 35),
(663, 'Universidade Salgado De Oliveira', 'UNIVERSO', 33),
(664, 'Centro Universitário Vila Velha', 'UVV', 32),
(665, 'Universidade De Taubaté', 'UNITAU', 35),
(666, 'Universidade Estadual De Feira De Santana', 'UEFS', 29),
(667, 'Faculdades Integradas De Jacarepaguá', 'FIJ', 33),
(668, 'Centro Universitário De Ensino Superior Do Amazonas', 'CIESA', 13),
(669, 'Universidade Nilton Lins', 'UNINILTONLINS', 13),
(670, 'Universidade São Francisco', 'USF', 35),
(671, 'Universidade Anhanguera - Uniderp', 'UNIDERP', 50),
(672, 'Faculdade De Engenharia De Sorocaba', 'FACENS', 35),
(673, 'Centro Universitário Da Grande Dourados', 'UNIGRAN', 50),
(674, 'Centro De Ensino Superior Do Vale São Francisco', 'CESVASF', 26),
(677, 'Faculdade De Reabilitação Da Asce', 'FRASCE', 33),
(680, 'Faculdades Integradas De Pedro Leopoldo', 'FIPEL', 31),
(682, 'Faculdade Do Noroeste De Minas', 'FINOM', 31),
(685, 'Faculdade De Formação De Professores De Belo Jardim', 'FABEJA', 26),
(686, 'Faculdade De Ciências Aplicadas De Limoeiro', 'FACAL', 26),
(687, 'Faculdade Estadual De Filosofia Ciências Letras União Da Vitória', 'FAFIUV', 41),
(688, 'Universidade Estadual Do Sudoeste Da Bahia', 'UESB', 29),
(692, 'Faculdade De Ciências Aplicadas E Sociais De Petrolina', 'FACAPE', 26),
(693, 'Universidade Federal Do Estado Do Rio De Janeiro', 'UNIRIO', 33),
(694, 'Universidade Federal De Mato Grosso Do Sul', 'UFMS', 50),
(699, 'Fundação Universidade Federal De Rondônia', 'UNIR', 11),
(701, 'Faculdade De Ciências Da Administração De Garanhuns', 'FAGA', 26),
(702, 'Faculdade De Formação De Professores De Goiana', 'F.F.P.G.', 26),
(703, 'Faculdade De Formação De Professores De Araripina', 'FAFOPA', 26),
(704, 'Faculdade De Ciências Agrárias De Araripina', 'FACIAGRA', 26),
(705, 'Faculdade São José', 'FSJ', 33),
(706, 'Faculdade De Artes Dulcina De Moraes', 'FADM', 53),
(707, 'Centro Universitário Central Paulista', 'UNICEP', 35),
(710, 'Faculdade Béthencourt Da Silva', 'FABES', 33),
(712, 'Centro Universitário Hermínio Da Silveira', 'UNI IBMR', 33),
(715, 'Centro Universitário Franciscano Do Paraná', 'FAE', 41),
(716, 'Faculdades Integradas De Botucatu', 'UNIFAC', 35),
(717, 'Fundação Universidade Federal De Ciências Da Saúde De Porto Alegre', 'UFCSPA', 43),
(718, 'Universidade Potiguar', 'UNP', 24),
(719, 'Universidade Do Estado De Mato Grosso', 'UNEMAT', 51),
(720, 'Faculdade De Ciências Humanas E Sociais Aplicadas Do Cabo De Santo Agostinho', 'FACHUCA', 26),
(721, 'Faculdade De Educação De Assis', 'FAEDA', 35),
(722, 'Escola De Educação Física De Assis', 'EEFA', 35),
(723, 'Faculdade De Administração De Assis', 'FAA', 35),
(724, 'Faculdade De Ciências, Cultura E Extensão Do Rio Grande Do Norte', 'FACEX', 24),
(725, 'Faculdade Estadual De Filosofia, Ciências E Letras De Paranaguá', 'FAFIPAR', 41),
(727, 'Faculdade De Filosofia, Ciências E Letras Do Alto São Francisco', 'FASF', 31),
(728, 'Faculdade De Ciências Humanas De Curvelo', 'FACIC', 31),
(730, 'Universidade Estadual De Ponta Grossa', 'UEPG', 41),
(734, 'Faculdades Integradas Maria Imaculada', 'FIMI', 35),
(736, 'Faculdade Pitágoras De Linhares', NULL, 32),
(737, 'Centro Universitário São Camilo', 'SAO CAMILO', 35),
(738, 'Faculdades Integradas Teresa D´ávila', 'FATEA', 35),
(739, 'Centro Universitário São Camilo - Espírito Santo', 'SÃO CAMILO-ES', 32),
(743, 'Escola Superior De Ensino Helena Antipoff', 'ESEHA', 33),
(744, 'Faculdade De Educação E Ciências Humanas De Anicuns', 'FECHA', 52),
(745, 'Instituto Municipal De Ensino Superior De São Manuel', 'IMESSM', 35),
(746, 'Universidade Regional Do Cariri', 'URCA', 23),
(749, 'Centro De Ensino Superior Do Vale Do Parnaíba', 'CESVALE', 22),
(750, 'Centro Universitário Unirg', 'UNIRG', 17),
(752, 'Faculdade De Pará De Minas', 'FAPAM', 31),
(753, 'Faculdade De Ciências Humanas Do Sertão Central', 'FACHUSC', 26),
(754, 'Centro De Ensino Superior De Catalão', 'CESUC', 52),
(755, 'Centro De Ensino Superior De Jataí', 'CESUT', 52),
(756, 'Universidade Estadual Do Piauí', 'UESPI', 22),
(757, 'Faculdades Integradas Do Tapajós', 'ISES', 15),
(759, 'Faculdade De Ciências Médicas E Paramédicas Fluminense', 'SEFLU', 33),
(760, 'Faculdade De Ciências Humanas De Pernambuco', 'FCHPE', 26),
(761, 'Faculdades Spei', 'FACSPEI', 41),
(763, 'Instituto Unificado De Ensino Superior Objetivo', 'IUESO', 52),
(764, 'Faculdade Pinheiro Guimarães', 'FAPG', 33),
(769, 'Faculdades Integradas De Naviraí', 'FINAV', 50),
(774, 'Faculdade Alvorada De Informática E Processamento De Dados', 'FAIPD', 53),
(775, 'Faculdade Alvorada De Educação Física E Desporto', 'FAEFD', 53),
(777, 'Faculdade De Educação Thereza Porto Marques', 'FAETEC', 35),
(778, 'Faculdade De Tecnologia Thereza Porto Marques', 'FAETEC', 35),
(779, 'Faculdade De Ponta Porã', 'FAP', 50),
(780, 'Universidade De Cuiabá', 'UNIC / PITÁGORAS', 51),
(781, 'Faculdade Anhanguera De Rondonópolis', 'FAR', 51),
(785, 'Faculdade De Educação De Tangará Da Serra', 'FACEDUTS', 51),
(788, 'Faculdade De Rondônia', 'FARO', 11),
(789, 'Universidade Federal De Roraima', 'UFRR', 14),
(790, 'Faculdade De Enfermagem Do Hospital Israelita Albert Einstein', 'FEHIAE', 35),
(792, 'Centro Universitário Do Estado Do Pará', 'CESUPA', 15),
(793, 'Centro Universitário Estácio Radial De São Paulo - Estácio Uniradial', 'RADIAL', 35),
(794, 'Centro Universitário De Várzea Grande', 'UNIVAG', 51),
(795, 'Faculdades Integradas De Diamantino', 'FID', 51),
(796, 'Faculdade De Ciências Sociais Aplicadas Do Vale Do São Lourenço', 'EDUVALE', 51),
(797, 'Faculdade Avec De Vilhena', 'AVEC', 11),
(798, 'Faculdade De Aracruz', 'FAACZ', 32),
(801, 'Faculdade Montenegro', 'FAM', 29),
(802, 'Centro Universitário Carioca', 'UNICARIOCA', 33),
(803, 'Faculdade Interação Americana', 'FIA', 35),
(809, 'Faculdade De Direito E Ciências Sociais Do Leste De Minas - Fadileste', 'FADILESTE', 31),
(810, 'Centro Técnico-educacional Superior Do Oeste Paranaense', 'CTESOP', 41),
(811, 'Faculdades Integradas De Cassilândia', 'FIC', 50),
(822, 'Escola Superior De Estudos Empresariais E Informática', 'ESEEI', 41),
(823, 'Centro Universitário Do Maranhão', 'UNICEUMA', 21),
(824, 'Faculdade De Filosofia E Ciências Humanas De Goiatuba', 'FAFICH', 52),
(825, 'Faculdade Presbiteriana Gammon', 'FAGAMMON', 31),
(826, 'Centro Universitário De Desenvolvimento Do Centro-oeste', 'UNIDESC', 52),
(828, 'Faculdade De São Lourenço', 'FASAMA', 31),
(829, 'Universidade Do Tocantins', 'UNITINS', 17),
(830, 'Universidade Federal Do Amapá', 'UNIFAP', 16),
(831, 'Faculdade De Ciências Humanas Do Vale Do Rio Grande', 'FCHVRG', 35),
(832, 'Faculdade De Ciências Administrativas De Curvelo', 'FACIAC', 31),
(833, 'Faculdades Integradas De Ariquemes', 'FIAR', 11),
(837, 'Faculdade De Ciências Humanas De Fortaleza', 'FCHFOR', 23),
(838, 'Faculdade De Ciências Tecnológicas De Fortaleza', 'FCTFOR', 23),
(839, 'Faculdade Vitoriana De Ciências Contábeis', 'FAVI', 32),
(840, 'Faculdade Vitoriana De Tecnologia', 'FAVI', 32),
(843, 'Faculdade De Ciências E Tecnologia De Birigui', 'FATEB', 35),
(844, 'Faculdade De Agronomia E Engenharia Florestal De Garça', 'FAEF', 35),
(845, 'Faculdade Da Fundação Educacional Araçatuba', 'FAC-FEA', 35),
(846, 'Faculdade De Administração De Teresina', 'FAT', 22),
(847, 'Faculdade Piauiense De Processamento De Dados', 'FPPD', 22),
(848, 'Faculdade Paraibana De Processamento De Dados', 'FPPD', 25),
(849, 'Faculdade Jesuíta De Filosofia E Teologia', 'FAJE', 31),
(852, 'Faculdade De Informática E Administração Paulista', 'FIAP', 35),
(861, 'Centro De Ensino Superior Do Amapá', 'CEAP', 16),
(862, 'Faculdade Estácio De Sá De Campo Grande', 'FESCG', 50),
(866, 'Faculdade De Informática De Cuiabá', 'FIC', 51),
(873, 'Faculdades Unificadas De Foz Do Iguaçu', 'UNIFOZ', 41),
(874, 'Faculdade De Estudos Sociais Aplicados De Viana', 'FESAV', 32),
(877, 'Faculdade De Economia E Processamento De Dados De Foz Do Iguaçu', 'FEPI', 41),
(878, 'Centro Universitário Do Leste De Minas Gerais', 'UNILESTEMG', 31),
(881, 'Instituto Municipal De Ensino Superior De Assis', 'IMESA', 35),
(882, 'Instituto Municipal De Ensino Superior De Bebedouro Victório Cardassi', 'IMESB', 35),
(886, 'Faculdade De Hortolândia', 'FACH', 35),
(890, 'Escola De Governo Professor Paulo Neves De Carvalho', 'EG', 31),
(891, 'Faculdade Anhanguera De Belo Horizonte', NULL, 31),
(898, 'Faculdade De Ciências Econômicas E Administrativas Santa Rita De Cássia', 'FACEAS', 35),
(900, 'Faculdade De Ciências Administrativas E De Tecnologia', 'FATEC', 11),
(905, 'Faculdade Escola Paulista De Direito', 'FACEPD', 35),
(906, 'Faculdade De Educação E Ciências Gerenciais De Sumaré', 'FECGS', 35),
(907, 'Faculdade De Educação E Ciências Gerenciais De Indaiatuba', 'FECGI', 35),
(908, 'Faculdade Alagoana De Administração', 'FAA', 27),
(909, 'Faculdade De Belford Roxo', 'FABEL', 33),
(910, 'Faculdade Santa Lúcia', 'FCACSL', 35),
(913, 'Faculdades Integradas De Paranaíba - Fipar', 'FIPAR', 50),
(915, 'Faculdade De Administração De Fátima Do Sul', 'FAFS', 50),
(916, 'Faculdade De Ciências, Saúde, Exatas E Jurídicas De Teresina', 'FACULDADE CEUT', 22),
(917, 'Faculdade De Ciências Contábeis De Navirai', 'FACINAV', 50),
(918, 'Faculdade De Ciências Sociais Aplicadas De Cascavel', 'FCSAC', 41),
(922, 'Faculdade Reges De Dracena', 'FCGD', 35),
(923, 'Faculdade De Administração E Ciências Contábeis De São Roque', 'FACCSR', 35),
(924, 'Faculdade Interlagos De Educação E Cultura', 'FINTEC', 35),
(926, 'Centro Universitário Anhanguera De Campo Grande', NULL, 50),
(939, 'Faculdade Católica De Anápolis', 'CATÓLICA DE ANÁPOLIS', 52),
(940, 'Faculdades Magsul', 'FAMAG', 50),
(944, 'Escola Superior De Propaganda E Marketing Do Rio De Janeiro', 'ESPM', 33),
(945, 'Instituto De Ciências Sociais E Humanas', 'INCISOH', 31),
(950, 'União De Ensino Superior De Nova Mutum', 'UNINOVA', 51),
(952, 'Universidade Santa Cecília', 'UNISANTA', 35),
(953, 'Universidade Metropolitana De Santos', 'UNIMES', 35),
(959, 'Faculdade De Filosofia Ciências E Letras', 'FAFIL', 25),
(967, 'Faculdade De Tecnologia De Taquaritinga', 'FATEC/TQ', 35),
(973, 'Faculdade De Lucélia', NULL, 35),
(976, 'Faculdades Integradas De Ponta Porã', 'FIP', 50),
(977, 'Faculdade São Camilo', NULL, 29),
(983, 'Faculdade Prudente De Moraes', 'FPM', 35),
(985, 'Faculdade De Ciências E Educação De Rubiataba', 'FACER', 52),
(986, 'Faculdade De Educação E Cultura Montessori', 'FAMEC', 35),
(989, 'Escola Superior Em Meio Ambiente', 'ESMA', 31),
(990, 'Faculdade De Filosofia Ciências E Letras De Congonhas', 'FAFIC', 31),
(991, 'Faculdade Senai-cetiqt', 'SENAI-CETIQT', 33),
(994, 'Faculdade Flama', NULL, 33),
(997, 'Centro Universitário De Bauru', NULL, 35),
(1012, 'Faculdade De Formação De Professores De Afogados Da Ingazeira', 'FAFOPAI', 26),
(1013, 'Faculdade Sudoeste Paulistano', 'FASUP', 35),
(1014, 'Instituto Superior E Centro Educacional Luterano - Bom Jesus - Ielusc', 'BOM JESUS/IELUSC', 42),
(1019, 'Faculdade De Ciências E Tecnologia De Unaí - Factu', 'FACTU', 31),
(1021, 'Faculdade De Ciências De Timbaúba', 'FACET', 26),
(1027, 'Universidade Estadual Do Norte Fluminense Darcy Ribeiro', 'UENF', 33),
(1028, 'Universidade Estadual De Mato Grosso Do Sul', 'UEMS', 50),
(1030, 'Faculdade De Economia E Finanças Ibmec', 'FACULDADES IBMEC', 33),
(1032, 'Centro Universitário Salesiano De São Paulo', 'UNISAL', 35),
(1034, 'União De Escolas Superiores Da Funeso', 'UNESF', 26),
(1036, 'Universidade Do Estado De Minas Gerais', 'UEMG', 31),
(1038, 'Faculdades Integradas De Três Lagoas', 'AEMS', 50),
(1041, 'Centro Universitário Univates', 'UNIVATES', 43),
(1042, 'Universidade Positivo', 'UP', 41),
(1043, 'Centro Universitário Herminio Ometto De Araras', 'UNIARARAS', 35),
(1045, 'Centro Universitário Anhangüera', 'UNIFIAN', 35),
(1046, 'União Das Faculdades Dos Grandes Lagos - Unilago', 'UNILAGO', 35),
(1048, 'Faculdade Campos Elíseos', 'FCE', 35),
(1049, 'Instituto De Ensino Superior Fucapi', 'CESF', 13),
(1051, 'Faculdade De Ciências Contábeis - Maceió', 'SEUNE', 27),
(1053, 'Faculdade De Tecnologia E Ciências De Feira De Santana', 'FTC', 29),
(1055, 'Faculdade Maurício De Nassau De Salvador', 'FMN SALVADOR', 29),
(1058, 'Centro Universitário Estácio Da Bahia - Estácio Fib', 'FIB', 29),
(1059, 'Faculdade Lourenço Filho', 'FLF', 23),
(1060, 'Centro Universitário Do Instituto De Educação Superior De Brasília - Iesb', 'IESB', 53),
(1063, 'Faculdade Batista De Vila Velha', 'FABAVI', 32),
(1064, 'Faculdade Batista De Vitória', 'FABAVI', 32),
(1065, 'Faculdade De Ciências Econômicas E Administrativas De Vila Velha', NULL, 32),
(1066, 'Instituto De Ensino E Pesquisa Objetivo', 'IEPO', 17),
(1067, 'Faculdade De Jussara', 'FAJ', 52),
(1068, 'Faculdade Aldete Maria Alves', 'FAMA', 31),
(1070, 'Instituto De Ensino Superior Cenecista', 'INESC', 31),
(1071, 'Instituto De Ensino Superior Da Funlec', 'IESF', 50),
(1072, 'Faculdade Afirmativo', 'FAFI', 51),
(1075, 'Instituto De Educação Superior Da Paraíba', 'IESP', 25),
(1076, 'Faculdade De Filosofia, Ciências E Letras De Cajazeiras', 'FAFIC', 25),
(1077, 'Faculdade Estácio Do Recife - Estácio Fir', 'FIR', 26),
(1078, 'Faculdade Integrado De Campo Mourão', 'CEI', 41),
(1079, 'Faculdade Maringá', 'CESPAR', 41),
(1080, 'Faculdade Arthur Sá Earp Neto', 'FASE', 33),
(1081, 'Faculdade De Engenharia De Resende', 'FER', 33),
(1082, 'Instituto Federal De Educação, Ciência E Tecnologia Do Rio Grande Do Norte', 'IFRN', 24),
(1084, 'Faculdade Cenecista De Bento Gonçalves', 'FACEBG', 43),
(1085, 'Faculdade Metodista De Santa Maria', 'FAMES', 43),
(1086, 'Faculdade De Educação De Colorado Do Oeste', 'FAEC', 11),
(1087, 'Faculdades Integradas Aparício Carvalho', 'FIMCA', 11),
(1090, 'Faculdade São Luís De França', 'FSLF', 28),
(1092, 'Faculdades Integradas De Bauru', 'FIB', 35),
(1093, 'Faculdade De Ciências Jurídicas E Gerenciais De Garça', 'FAEG', 35),
(1096, 'Faculdade De Presidente Epitácio - Fape', 'FAPE', 35),
(1097, 'Faculdades Integradas De São Paulo', 'FISP', 35),
(1099, 'Faculdade De Educação E Ciências Gerenciais De São Paulo', 'FECG-SP', 35),
(1100, 'Faculdade Carlos Drummond De Andrade', 'FCDA', 35),
(1103, 'Faculdade De Administração São Paulo', 'FAPI', 35),
(1107, 'Faculdade Estácio Do Ceará - Estácio Fic', 'FIC', 23),
(1113, 'Centro Universitário Euro-americano', 'UNIEURO', 53),
(1115, 'Faculdade Santa Terezinha', 'CEST', 21),
(1118, 'União Das Escolas Do Grupo Faimi De Educação', 'FAIMI', 35),
(1120, 'Instituto Federal De Educação, Ciência E Tecnologia Fluminense', 'IF Fluminense', 33),
(1122, 'Faculdade Osvaldo Cruz', NULL, 35),
(1123, 'Instituto De Educação Superior Unyahna De Salvador', 'IESUS', 29),
(1124, 'Instituto De Educação Superior Unyahna De Barreiras', 'IESUB', 29),
(1125, 'Faculdades Integradas Espírita', 'FIES', 41),
(1126, 'Universidade Estadual Do Centro Oeste', 'UNICENTRO', 41),
(1128, 'Universidade De Itaúna', 'UI', 31),
(1129, 'Centro Universitário Do Norte Paulista', 'UNORP', 35),
(1130, 'Faculdade Metodista De Ciências Humanas E Exatas', 'METODISTA', 35),
(1131, 'Faculdade Santo Agostinho', 'FSA', 22),
(1136, 'Faculdade De Ciências Humanas E Sociais De Igarassu', 'FACIG', 26),
(1139, 'Faculdade De Estudos Administrativos De Minas Gerais - Fead-mg', 'FEAD - MG', 31),
(1141, 'Faculdade Gama E Souza', 'FGS', 33),
(1142, 'Faculdades Integradas De Vitória', 'FDV', 32),
(1143, 'Faculdade De Educação Superior De Timbaúba', 'FAEST', 26),
(1144, 'Faculdade De Ciências Humanas', 'IMENSU', 35),
(1149, 'Centro Universitário Nossa Senhora Do Patrocínio', 'CEUNSP', 35),
(1150, 'Faculdade Senai De Tecnologia Gráfica', 'SP SENAI', 35),
(1151, 'Faculdade De Administração E Negócios De Sergipe', 'FANESE', 28),
(1153, 'Universidade Cândido Mendes', 'UCAM', 33),
(1155, 'Faculdade Salesiana De Santa Teresa', 'FSST', 50),
(1156, 'Faculdade Cenecista De Itaboraí', 'FACNEC', 33),
(1157, 'Escola Superior São Francisco De Assis', 'ESFA', 32),
(1159, 'Centro De Ensino Superior De Vitória', 'CESV', 32),
(1160, 'Faculdade Cambury', 'CAMBURY', 52),
(1161, 'Insper Instituto De Ensino E Pesquisa', 'INSPER', 35),
(1162, 'Faculdade De Alta Floresta', 'FAF', 51),
(1166, 'Instituto Federal De Educação, Ciência E Tecnologia  Da Paraíba', 'IFPB', 25),
(1170, 'Faculdade Metropolitana De Camaçari', 'FAMEC', 29),
(1173, 'Faculdade Anhanguera De Brasília', 'FAB', 53),
(1174, 'Faculdade De Sabará', 'SOECS', 31),
(1175, 'Faculdades Riograndenses', 'FARGS', 43),
(1181, 'Faculdade Brasília De São Paulo', 'FABRASP', 35),
(1182, 'Instituto De Ensino Superior De Americana', 'IESA', 35),
(1185, 'Centro Universitário Jorge Amado', 'UNIJORGE', 29),
(1187, 'Centro Universitário Módulo', 'MÓDULO', 35),
(1189, 'Universidade Do Planalto Catarinense', 'UNIPLAC', 42),
(1190, 'Faculdade Integral Cantareira', 'F.I.C.', 35),
(1191, 'Instituto De Ensino Superior De Fortaleza', 'IESF', 23),
(1192, 'Faculdade De Ciências Da Saúde De São Paulo', 'FACIS', 35),
(1194, 'Faculdade De Tecnologia De Ponta Porã', 'FATEP', 50),
(1195, 'Faculdade Senai De Tecnologia Mecatrônica', 'SENAI', 35),
(1196, 'Centro Universitário De Maringá - Ceumar', 'CESUMAR', 41),
(1198, 'Faculdade De Ciências Sociais E Aplicadas Do Paraná', 'FACET', 41),
(1201, 'Faculdade De Administração Milton Campos', 'FAMC', 31),
(1202, 'Faculdade Santa Rita', 'FASAR', 31),
(1204, 'Faculdade De Amambai', 'FIAMA', 50),
(1205, 'Faculdade Educacional Da Lapa', 'FAEL', 41),
(1208, 'Faculdade De Natal', 'FAL', 24),
(1212, 'Faculdade De Ciências Contábeis De Assis', 'FCCA', 35),
(1213, 'Faculdade Fleming', 'SEF', 35),
(1219, 'Instituto Itapetiningano De Ensino Superior', 'IIES', 35),
(1221, 'Faculdade Gammon', NULL, 35),
(1224, 'Centro Universitário De Jales', 'UNIJALES', 35),
(1225, 'Centro Universitário Amparense', 'UNIFIA', 35),
(1226, 'Instituto De Ensino Superior Do Acre', 'IESACRE', 12),
(1227, 'Faculdade São Francisco De Barreiras - Fasb', 'FASB', 29),
(1230, 'Centro Regional Universitário De Espírito Santo Do Pinhal', 'UNIPINHAL', 35),
(1231, 'Instituto Cenecista De Ensino Superior De Santo Ângelo', 'CNEC/IESA', 43),
(1232, 'Centro Universitário Campos De Andrade', 'UNIANDRADE', 41),
(1233, 'Centro Universitário Cândido Rondon', 'UNIRONDON', 51),
(1237, 'Faculdade Nossa Senhora Aparecida', 'FANAP', 52),
(1239, 'Faculdade Padrão', 'PADRAO', 52),
(1240, 'Faculdade De Estudos Sociais Do Espírito Santo', 'PIO XII', 32),
(1243, 'Faculdade De Administração Da Serra', 'FABAVI', 32),
(1244, 'Faculdade Brasileira', NULL, 32),
(1245, 'Faculdade De Castelo', 'FACASTELO', 32),
(1246, 'Faculdade Candido Mendes De Vitória', 'FCMV', 32),
(1247, 'Faculdade De Ciências Contábeis De Nova Andradina - Facinan', 'FACINAN', 50),
(1248, 'Faculdade De Pedagogia', 'ANAEC', 50),
(1249, 'Faculdade De Educação De Costa Rica', 'FECRA', 50),
(1252, 'Faculdade Promove De Minas Gerais', 'PROMOVE', 31),
(1253, 'Faculdade Metodista Granbery', 'FMG', 31),
(1254, 'Faculdade De Administração De Itabirito', 'FAI', 31),
(1255, 'Faculdade Boa Viagem', 'FBV', 26),
(1256, 'Faculdade Dom Bosco', 'DOM BOSCO', 41),
(1257, 'Faculdade De Administração, Ciências, Educação E Letras', 'FACEL', 41),
(1258, 'Faculdade De Ciências Aplicadas De Cascavel', 'FACIAP', 41),
(1263, 'Faculdade Bezerra De Araújo', 'FABA', 33),
(1264, 'Faculdade Natalense Para O Desenvolvimento Do Rio Grande Do Norte', 'FARN', 24),
(1266, 'Faculdades Integradas Urubupungá', 'FIU', 35),
(1267, 'Instituto De Ensino Superior Da Grande Florianópolis', 'IESGF', 42),
(1270, 'Centro Universitário Do Instituto De Ensino Superior Coc', 'COC', 35),
(1272, 'Faculdade Sant´anna De Salto', 'FASAS', 35),
(1273, 'Faculdade Campo Limpo Paulista', 'FACCAMP', 35),
(1275, 'Faculdade Do Guarujá', 'FAGU', 35),
(1276, 'Instituto Taubaté De Ensino Superior', 'I.T.E.S.', 35),
(1279, 'Faculdade De Itápolis - Facita', 'FACITA', 35),
(1280, 'Faculdade Estácio Cotia - Estácio Faac', 'IESC', 35),
(1281, 'Faculdade De Ciências Sociais E Agrárias De Itapeva', 'FAIT', 35),
(1283, 'Instituto Manchester Paulista De Ensino Superior', 'IMAPES', 35),
(1286, 'Faculdade Senai De Tecnologia Ambiental', 'SENAI', 35),
(1289, 'Faculdade De Direito Da Fundação Armando Alvares Penteado', 'FAD-FAAP', 35),
(1290, 'Faculdade Albert Einstein De São Paulo', 'FAESP', 35),
(1291, 'Faculdade Do Norte Pioneiro', 'FANORPI', 41),
(1292, 'Faculdades Adamantinenses Integradas', 'FAI', 35),
(1294, 'Faculdade Das Américas', 'FAM', 35),
(1295, 'Faculdade Morumbi Sul', 'FMS', 35),
(1296, 'Escola Superior De Marketing', 'ESM', 26),
(1298, 'Faculdade Estácio De Alagoas - Estácio Fal', 'FAL', 27),
(1299, 'Faculdades Integradas De Fernandópolis', 'FIFE', 35),
(1300, 'Instituto Taquaritinguense De Ensino Superior Dr. Aristides De Carvalho Schlobach', 'ITES', 35),
(1301, 'Instituto Matonense Municipal De Ensino Superior', 'IMMES', 35),
(1302, 'Faculdade Batista Brasileira', 'FBB', 29),
(1303, 'Instituto Federal De Educação, Ciência E Tecnologia Goiano', 'IF Goiano', 52),
(1304, 'Faculdades Integradas De Ribeirão Pires', 'FIRP', 35),
(1305, 'Faculdade De Ciências Jurídicas, Gerenciais E Educação De Sinop', 'FIS', 51),
(1307, 'Faculdade De Ciências Humanas De Garça', 'FAHU', 35),
(1308, 'Faculdade Novo Milênio', 'FNM', 32),
(1309, 'Faculdade Jesus Maria José', 'FAJESU', 53),
(1310, 'Faculdade De Americana', 'FAM', 35),
(1311, 'Trevisan Escola Superior De Negócios', 'TREVISAN', 35),
(1312, 'Faculdades Integradas De Rondonópolis', 'UNIR', 51),
(1313, 'Faculdade Unida De Suzano', 'UNISUZ', 35),
(1314, 'Instituto De Ensino Superior João Alfredo De Andrade', 'IJAA', 31),
(1315, 'Faculdade De Educação Da Serra', 'FASE', 32),
(1317, 'Faculdade Sudoeste Paulista', 'FSP', 35),
(1318, 'Faculdade Juvêncio Terra', 'FJT', 29),
(1319, 'Faculdade Tecsoma', 'FATEC', 31),
(1322, 'Faculdade Eduvale De Avaré', 'EDUVALE', 35),
(1324, 'Faculdade De Informática Lemos De Castro', 'FILC', 33),
(1325, 'Faculdade De Apucarana', 'FAP', 41),
(1326, 'Escola Superior De Ensino Anísio Teixeira', 'CESAT', 32),
(1327, 'Escola Superior De Propaganda E Marketing De Porto Alegre', 'ESPM - POA', 43),
(1328, 'Faculdade De Comunicação E Turismo De Olinda', 'FACOTTUR', 26),
(1330, 'Faculdade Cotemig', 'COTEMIG', 31),
(1333, 'Faculdade Cecap Do Lago Norte', 'CECAP', 53),
(1334, 'Faculdade De Ciências Sociais Aplicadas - Facisa', 'FACISA', 25),
(1335, 'Instituto De Ensino Superior Thathi', 'FACULDADE THATHI COC', 35),
(1336, 'Faculdade Assis Gurgacz', 'FAG', 41),
(1337, 'Faculdade Mater Dei', 'FMD', 41),
(1342, 'Faculdade De Pedagogia Da Serra', 'FABAVI', 32),
(1344, 'Faculdade Borges De Mendonça', 'FBM', 42),
(1345, 'Faculdade Anhanguera De Osasco', 'FIZO', 35),
(1346, 'Faculdade Batista De Minas Gerais', 'FBMG', 31),
(1350, 'Faculdade Do Vale Do Jaguaribe', 'FVJ', 23),
(1351, 'Instituto Superior Tupy - Ist', 'IST', 42),
(1353, 'Instituto De Ensino Superior De Garça', 'IESG', 35),
(1355, 'Faculdades Integradas De Jahu', 'FIJ', 35),
(1356, 'Faculdades Integradas De Santa Fé Do Sul', 'FUNEC', 35),
(1357, 'Instituto Superior De Educação Do Rio De Janeiro', 'ISERJ', 33),
(1358, 'Faculdade De Pedagogia De Afonso Cláudio', 'ISEAC', 32),
(1359, 'Faculdade Capixaba De Nova Venécia', NULL, 32),
(1360, 'Faculdade São Gabriel', 'FSG', 22),
(1362, 'Faculdade Ubaense Ozanam Coelho', 'FAGOC', 31),
(1363, 'Faculdade Visconde De Cairú', 'FAVIC', 29),
(1364, 'Faculdade De Tecnologia E Ciências De Vitória Da Conquista', 'FTC', 29),
(1365, 'Centro Universitário Adventista De São Paulo', 'UNASP', 35),
(1366, 'Faculdade Barddal', 'FB-SI', 42),
(1371, 'Faculdade De Mirandópolis', 'FAM', 35),
(1373, 'Faculdade Casa Branca', 'FACAB', 35),
(1374, 'Faculdade De Ciências Sociais De Guarantã Do Norte', 'FCSGN', 51),
(1375, 'Faculdade Católica Rainha Da Paz De Araputanga', 'FCARP', 51),
(1379, 'Faculdades Integradas São Pedro', 'FAESA', 32),
(1381, 'Faculdade Martha Falcão', 'FMF', 13),
(1382, 'Escola Superior De Teologia', 'EST', 43),
(1383, 'Faculdade José Lacerda Filho De Ciências Aplicadas', 'FAJOLCA', 26),
(1384, 'Faculdade Santa Helena', 'FSH', 26),
(1385, 'Faculdades Integradas Ipep', 'FIPEP', 35),
(1386, 'Escola Superior De Administração, Marketing E Comunicação De Campinas - Esamc Campinas', 'ESAMC DE CAMPINAS', 35),
(1388, 'Faculdade Sumaré', 'ISES', 35),
(1394, 'Faculdade Castro Alves', 'FCA', 29),
(1395, 'Faculdade De Caldas Novas', 'UNICALDAS', 52),
(1396, 'Faculdade Dinâmica Das Cataratas', 'UDC', 41),
(1399, 'Faculdade Unissa De Sarandi', 'UNISSA', 41),
(1400, 'Faculdade Metropolitana De Curitiba', 'FAMEC', 41),
(1401, 'Faculdade Adelmar Rosado', 'FAR', 22),
(1402, 'Instituto De Ciências Sociais E Humanas', 'ICSH', 52),
(1403, 'Faculdade De Pimenta Bueno', 'FAP', 11),
(1404, 'Faculdade De Piracanjuba', 'FAP', 52),
(1409, 'Faculdade Do Centro Leste', 'UCL', 32),
(1410, 'Área1 - Faculdade De Ciência E Tecnologia', 'ÁREA1', 29),
(1411, 'Faculdade Dois De Julho', 'F2J', 29),
(1412, 'Faculdade Anhaguera De Jundiaí', NULL, 35),
(1413, 'Faculdade De Primavera', 'CESPRI', 35),
(1414, 'Faculdade São Lucas', 'FSL', 11),
(1415, 'Faculdade Magister', 'MAGISTER', 35),
(1417, 'Faculdade Cenecista De Campo Largo', 'FACECLA', 41),
(1418, 'Centro Universitário Toledo', 'UNITOLEDO', 35),
(1419, 'Centro Universitário Curitiba', 'UNICURITIBA', 41),
(1420, 'Faculdades De Dracena', NULL, 35),
(1422, 'Centro Universitário Do Norte', 'UNINORTE', 13),
(1423, 'Faculdade Ideal', 'FACI', 15),
(1426, 'Instituto Luterano De Ensino Superior De Itumbiara', 'ILES', 52),
(1427, 'Faculdade Da Serra Gaúcha', 'FSG', 43),
(1428, 'Instituto De Ensino Superior Planalto', 'IESPLAN', 53),
(1429, 'Faculdade Batista Do Rio De Janeiro', 'FABAT', 33),
(1430, 'Faculdade Ingá', NULL, 41),
(1432, 'Faculdade Bertioga', 'FABE', 35),
(1433, 'Faculdade Orígenes Lessa', 'FACOL', 35),
(1434, 'Instituto De Ensino Superior De Itapira', 'IESI', 35),
(1435, 'Faculdade De Vila Velha', NULL, 32),
(1436, 'Escola Superior Batista Do Amazonas', 'ESBAM', 13),
(1437, 'Escola Superior De Tecnologia E Educação De Rio Claro', 'ESRC', 35),
(1438, 'Faculdade De Administração De Empresas', 'FACAMP', 35),
(1439, 'Faculdade De Ciências Econômicas', 'FACAMP', 35),
(1440, 'Instituto Aphonsiano De Ensino Superior', 'IAESUP', 52),
(1441, 'Faculdade De Tecnologia Do Piauí', 'FATEPI', 22),
(1442, 'Faculdade De Direito De Tangará Da Serra', 'UNIC', 51),
(1443, 'Faculdade Nacional', 'FINAC', 32),
(1444, 'Faculdades Integradas Einstein De Limeira', 'FIEL', 35),
(1445, 'Centro Universitário Do Instituto Mauá De Tecnologia', 'CEUN-IMT', 35),
(1446, 'Centro Universitário Planalto Do Distrito Federal - Uniplan', 'UNIPLAN', 53),
(1449, 'Faculdade De Educação, Administração E Tecnologia De Ibaiti', 'FEATI', 41),
(1450, 'Centro Universitário Do Cerrado-patrocínio', 'UNICERP', 31),
(1451, 'Faculdades Integradas De São Carlos', 'FADISC', 35),
(1452, 'Faculdade Atenas Maranhense', 'FAMA', 21),
(1453, 'Faculdade Ciodonto', '-', 41),
(1454, 'Faculdade Salesiana Do Nordeste', 'FASNE', 26),
(1455, 'Faculdade Santíssimo Sacramento', 'FSSS', 29),
(1456, 'Faculdade Anhanguera De Sertãozinho', 'FASERT', 35),
(1457, 'Faculdade Estácio Euro- Panamericana De Humanidades E Tecnologias - Estácio Europan', 'EUROPAN', 35),
(1459, 'Faculdade De Ciências Humanas E Sociais', 'FUCAMP', 31),
(1461, 'Faculdade De Tecnologia E Ciências', 'FTC SALVADOR', 29),
(1462, 'Instituto Paraibano De Ensino Renovado', 'INPER', 25),
(1463, 'Faculdade Alfacastelo', 'FCGB', 35),
(1464, 'Faculdade Módulo Paulista', 'FMP', 35),
(1465, 'Faculdade De Ribeirão Preto', 'FABAN', 35),
(1467, 'Faculdade Cenecista De Vila Velha', 'FACEVV', 32),
(1468, 'Escola Superior De Administração, Marketing E Comunicação De Uberlândia', 'ESAMC DE UBERLÂNDIA', 31),
(1469, 'Faculdade De Ciências Sociais De Florianópolis', 'FCSF', 42),
(1472, 'Centro Universitário Leonardo Da Vinci', 'UNIASSELVI', 42),
(1476, 'Faculdades Integradas Interamericanas', 'FAITER', 35),
(1478, 'Faculdade Anchieta', 'IGABC', 35),
(1484, 'Faculdade Ibmec', 'IBMEC', 31),
(1486, 'Faculdade Estácio De Sá De Vitória', 'FESV', 32),
(1487, 'Faculdade Dom Bosco', 'FDB', 41),
(1488, 'Faculdade Paraíso', 'FAP', 33),
(1490, 'Faculdade De Jaguariúna', 'FAJ', 35),
(1491, 'Faculdade Internacional De Curitiba', 'FACINTER', 41),
(1492, 'Faculdade Pitágoras De Uberlândia', 'PIT UBERLÂNDIA', 31),
(1493, 'Faculdade Alves Faria', 'ALFA', 52),
(1494, 'Faculdade Católica Salesiana Do Espírito Santo', NULL, 32),
(1496, 'Faculdade Estácio De Sá De Vila Velha', 'FESVV', 32),
(1497, 'Faculdade De Administração De Santa Cruz Do Rio Pardo', 'FASC', 35),
(1498, 'Instituto De Ensino Superior E Formação Avançada De Vitória', 'FAVI', 32),
(1499, 'Faculdade Anhanguera De Taboão Da Serra', 'FATS', 35);
INSERT INTO `Instituicao` (`CodInstituicao`, `NomeInstituicao`, `SiglaInstituicao`, `CodUF`) VALUES
(1500, 'Faculdade De Ensino Superior De São Miguel Do Iguaçu', 'FAESI', 41),
(1501, 'Faculdade Latino Americana De Educação', 'FLATED', 23),
(1502, 'Faculdade Pitágoras De Jundiaí', 'PIT JUNDIAÍ', 35),
(1503, 'Faculdade Doutor Leocádio José Correia', 'FALEC', 41),
(1504, 'Faculdade Maurício De Nassau De Maceió', NULL, 27),
(1505, 'Faculdade De Medicina Veterinária E Zootecnia', 'FAMED', 35),
(1506, 'Instituto Cenecista Fayal De Ensino Superior', 'IFES', 42),
(1507, 'Faculdade Projeção De Ceilândia', 'FACEB', 53),
(1508, 'Faculdade Metropolitana De Maringá', 'UNIFAMMA', 41),
(1509, 'Faculdade Estácio De Sá De Belo Horizonte', 'FESBH', 31),
(1510, 'Faculdade Estácio De Sá De Santa Catarina', 'FESSC', 42),
(1513, 'Instituto De Ciências Jurídicas E Sociais Professor Camillo Filho', 'ICF', 22),
(1514, 'Faculdade Vale Do Cricaré', 'F.V.C.', 32),
(1515, 'Faculdade De Educação De Porto Velho', 'UNIRON', 11),
(1516, 'Faculdade De Vinhedo', 'FV', 35),
(1518, 'Faculdade Santa Terezinha', 'FAST', 53),
(1519, 'Faculdade De Pato Branco', 'FADEP', 41),
(1520, 'Faculdade Fia De Administração E Negócios', 'FFA', 35),
(1521, 'Instituto De Estudos Superiores Da Amazônia', 'IESAM', 15),
(1523, 'Faculdade De Direito Francisco Beltrão', 'CESUL', 41),
(1524, 'Faculdades Integradas Olga Mettig', 'FAMETTIG', 29),
(1525, 'Faculdade De Ciências Contábeis De Afonso Cláudio', 'ISEAC', 32),
(1526, 'Faculdade Senai De São Paulo', 'SENAI', 35),
(1530, 'Faculdade Cenecista De Joinville - Face', 'FCJ', 42),
(1532, 'Faculdade De Filosofia, Ciências E Letras Nossa Senhora Aparecida', 'FNSA', 35),
(1534, 'Faculdade De Ciências, Letras E Educação Do Noroeste Do Paraná', 'FACLENOR', 41),
(1535, 'Faculdade São Judas Tadeu De Pinhais', 'FAPI', 41),
(1536, 'Faculdade De Telêmaco Borba', 'FATEB', 41),
(1538, 'Faculdade Projeção', 'FAPRO', 53),
(1540, 'Instituto De Ensino Superior De Rondônia', 'IESUR', 11),
(1541, 'Faculdade Flamingo', NULL, 35),
(1542, 'Centro Universitário Geraldo Di Biase', 'UGB', 33),
(1544, 'Faculdade Decisão', 'FADEC', 42),
(1545, 'Instituto De Educação Superior De Boituva', 'FIB', 35),
(1546, 'Faculdade De Educação São Francisco', 'FAESF', 21),
(1547, 'Faculdade De Medicina Estácio De Juazeiro Do Norte', 'FMJ', 23),
(1550, 'Faculdade De Educação Física De Foz Do Iguaçu', 'FEPI', 41),
(1552, 'Faculdade Piauiense', 'FAP', 22),
(1554, 'Faculdades Integradas Do Vale Do Ribeira', 'FIVR', 35),
(1556, 'Faculdade Sete De Setembro', 'FA7', 23),
(1557, 'Universidade Fumec', 'FUMEC', 31),
(1558, 'Instituto De Ensino Superior De João Monlevade', 'IES/FUNCEC', 31),
(1559, 'Centro Universitário Do Espírito Santo', 'UNESC', 32),
(1561, 'Escola Superior De Administração, Marketing E Comunicação De Sorocaba', 'ESAMC  SOROCABA', 35),
(1562, 'Faculdade De Ilha Solteira', 'FAISA', 35),
(1563, 'Faculdade De Saúde, Ciências Humanas E Tecnológicas Do Piauí', 'NOVAFAPI', 22),
(1564, 'Faculdade Sul Fluminense', 'FASF', 33),
(1565, 'Faculdade Unime De Ciências Jurídicas', 'FCJ', 29),
(1567, 'Faculdade Vizinhança Vale Do Iguaçu', 'VIZIVALI', 41),
(1568, 'Faculdades Integradas De Caratinga', 'FIC', 31),
(1569, 'Faculdades Integradas De Araraquara', 'FIAR', 35),
(1571, 'Faculdade Unime De Ciências Sociais', 'FCS', 29),
(1572, 'Faculdade De Ciências Sociais Aplicadas', 'FACISA', 29),
(1573, 'Faculdade Alfredo Nasser', 'FAN', 52),
(1574, 'Faculdade Educacional De Medianeira', 'FACEMED', 41),
(1575, 'Centro Universitário Do Planalto De Araxá', 'UNIARAXÁ', 31),
(1576, 'Instituto De Ensino Superior Blauro Cardoso De Mattos', 'FASERRA', 32),
(1577, 'Faculdade Intermunicipal Do Noroeste Do Paraná', 'FACINOR', 41),
(1578, 'Instituto Federal De Educação, Ciência E Tecnologia Sul-rio-grandense', 'IFSul', 43),
(1580, 'Faculdade De Ciências E Educação Sena Aires', 'FACESA', 52),
(1581, 'Faculdade Da Cidade De Santa Luzia', 'FACSAL', 31),
(1582, 'Faculdade Decisão', 'FADE', 26),
(1583, 'Faculdade De Tecnologia De Indaiatuba', 'FATEC-ID', 35),
(1584, 'Faculdade De Tecnologia De Guaratinguetá', 'FATEC GT', 35),
(1585, 'Faculdade Energia De Administração E Negócios', 'FEAN', 42),
(1586, 'Universidade Do Vale Do Sapucaí', 'UNIVÁS', 31),
(1587, 'Faculdades Integradas De Tangará Da Serra', 'FITS', 51),
(1590, 'Faculdade De Ciências Humanas E Sociais Aplicadas', 'FACSÃOLUÍS', 21),
(1591, 'Faculdade Seama', 'SEAMA', 16),
(1592, 'Faculdade De Odontologia De Manaus', 'FOM', 13),
(1596, 'Faculdade De Ciências E Educação Do Espírito Santo', 'UNIVES', 32),
(1597, 'Faculdade Santa Fé', 'CESSF', 21),
(1598, 'Faculdade Politécnica De Uberlândia', 'FPU', 31),
(1599, 'Instituto De Ensino Superior Presidente Tancredo De Almeida Neves', 'IPTAN', 31),
(1600, 'Instituto De Ciências Da Saúde', 'ICS', 31),
(1601, 'Faculdade Cidade De Coromandel', 'FCC', 31),
(1605, 'Faculdade De Administração De Nova Andradina - Fanova', 'FANOVA', 50),
(1606, 'Faculdade Vale Do Aporé', 'FAVA', 50),
(1607, 'Faculdade Luterana São Marcos', 'FALSM', 43),
(1609, 'Faculdade Dos Cerrados Piauienses', 'FCP', 22),
(1610, 'Faculdade Das Atividades Empresariais De Teresina', 'FAETE', 22),
(1611, 'Faculdade Educacional De Arapoti', 'FATI', 41),
(1612, 'Faculdade Sul Brasil', 'FASUL', 41),
(1613, 'Faculdade Adventista Paranaense', 'IAP', 41),
(1614, 'Faculdade Astorga', 'FAAST', 41),
(1615, 'Instituto Superior Do Litoral Do Paraná', 'ISULPAR', 41),
(1616, 'Faculdade Angel Vianna', 'FAV', 33),
(1618, 'Instituto Blumenauense De Ensino Superior', 'IBES', 42),
(1619, 'Faculdade Ernesto Riscali', 'FAER', 35),
(1620, 'Faculdade Santa Rita', 'FASAR', 35),
(1621, 'Faculdade Network', 'NWK', 35),
(1622, 'Faculdade Do Interior Paulista', 'FIP', 35),
(1623, 'Faculdade De Ciências Agrárias De Andradina', 'FCAA', 35),
(1624, 'Faculdade Marechal Rondon', 'FMR', 35),
(1625, 'Faculdade Reunida', 'FAR', 35),
(1628, 'Faculdade De Ciências Humanas De Aguaí', 'FACHA', 35),
(1632, 'Faculdade Pitágoras De Londrina', NULL, 41),
(1634, 'Faculdade Batista Da Serra', 'FABAVI', 32),
(1636, 'Castelli Escola Superior De Hotelaria', 'CASTELLI ESH', 43),
(1637, 'Faculdade De Ciências Jurídicas E Sociais De Maceió', 'FAMA', 27),
(1638, 'Faculdade Do Amazonas', 'IAES', 13),
(1639, 'Faculdade Hélio Rocha', 'FHR', 29),
(1640, 'Faculdade De Ciências Humanas E Sociais', 'FACULDADE AGES', 29),
(1641, 'Faculdade Social Da Bahia', 'FSBA', 29),
(1642, 'Faculdade De Tecnologia E Ciências De Itabuna', 'FTC', 29),
(1643, 'Faculdade Anísio Teixeira De Feira De Santana', 'FAT', 29),
(1644, 'Faculdade Unime De Educação E Comunicação', 'FEC', 29),
(1645, 'Faculdade De Tecnologia E Ciências De Jequié', 'FTC', 29),
(1646, 'Faculdade De Educação Ciências E Letras De Paraíso', 'FECIPAR', 17),
(1647, 'Faculdade De Ensino E Cultura Do Ceará', 'FAECE', 23),
(1650, 'Faculdade J. Simões Ensino Superior', 'FABAVI', 32),
(1651, 'Faculdade De Educação', 'ISECUB', 32),
(1653, 'Faculdade De Guaçuí', 'UVV GUAÇUÍ', 32),
(1655, 'Faculdade Cenecista De Sete Lagoas', 'FCSL', 31),
(1656, 'Instituto De Ensino Superior De Teresina', 'IEST', 22),
(1657, 'Faculdade Educacional De Dois Vizinhos', 'FAED', 41),
(1658, 'Faculdade Integrada Da Grande Fortaleza', 'FGF', 23),
(1659, 'Faculdade Estácio De Sá De Ourinhos', 'FAESO', 35),
(1660, 'Faculdade De Ciências Sociais E Tecnológicas Facitec', 'FACITEC', 53),
(1661, 'Faculdade De Administração Escola Superior Professor Paulo Martins', 'ESPAM', 53),
(1662, 'Faculdade Capixaba De Administração E Educação', 'UNICES', 32),
(1663, 'Faculdade Araguaia', 'FARA', 52),
(1664, 'Faculdade Da Saúde E Ecologia Humana', 'FASEH', 31),
(1665, 'Faculdade Kennedy', 'FK', 31),
(1666, 'Faculdade Novos Horizontes', 'NOVOS HORIZONTES', 31),
(1668, 'Faculdade De Negócios De Belo Horizonte', NULL, 31),
(1669, 'Instituto Metropolitano De Ensino Superior', 'IMES', 31),
(1670, 'Faculdade Asa De Brumadinho', 'IECEMB - FAB', 31),
(1672, 'Instituto Esperança De Ensino Superior', 'IESPES', 15),
(1674, 'Instituto Salesiano De Filosofia', 'INSAF', 26),
(1675, 'Faculdade Metropolitana Da Grande Recife', 'UNESJ', 26),
(1676, 'Faculdade São Miguel', 'FACULDADE SÃO MIGUEL', 26),
(1677, 'Faculdade De Ensino Superior Do Piauí', 'FAESPI', 22),
(1678, 'Faculdade De Ciências De Wenceslau Braz', 'FACIBRA', 41),
(1679, 'Faculdade De Campina Grande Do Sul', 'FACSUL', 41),
(1680, 'Faculdade De Ciências E Tecnologia Mater Christi', 'MATER CHRISTI', 24),
(1681, 'Faculdade De Ciências Sociais Aplicadas Ibmec', 'FACULDADES IBMEC', 33),
(1682, 'Faculdade Salesiana Maria Auxiliadora', 'FSMA', 33),
(1683, 'Faculdade Piauiense', 'FAP', 22),
(1685, 'Faculdade Barddal De Ciências Contábeis', 'FB-CC', 42),
(1686, 'Faculdade Barddal De Artes Aplicadas', 'FB-AA', 42),
(1689, 'Faculdade Santa Izildinha', 'FIESI', 35),
(1690, 'Faculdade De São Vicente', 'FSV', 35),
(1691, 'Faculdade Práxis', 'FIPEP', 35),
(1692, 'Escola Superior De Tecnologia E Educação De Porto Ferreira', 'ESPF', 35),
(1693, 'Faculdade Itanhaém', 'FAITA', 35),
(1694, 'Escola Superior De Criciúma - Esucri', 'ESUCRI', 42),
(1695, 'Faculdade De Educação De Bom Despacho', 'FACEB', 31),
(1696, 'Faculdade Central De Cristalina', 'FACEC', 52),
(1697, 'Faculdade Escritor Osman Da Costa Lins', 'FACOL', 26),
(1699, 'Faculdade De Educação De Jaru', 'UNICENTRO', 11),
(1700, 'Faculdade Promove De Sete Lagoas', 'FSLMG', 31),
(1701, 'Faculdade Machado De Assis', 'FAMA', 33),
(1702, 'Faculdade Atual Da Amazônia', 'FAA', 14),
(1703, 'Instituto De Ensino Superior De Rio Verde', 'IESRIVER', 52),
(1706, 'Faculdade De Informática Do Recife', 'FACIR', 26),
(1707, 'Faculdade De Ciências Contábeis De Recife', 'FACCOR', 26),
(1708, 'Instituto Pernambucano De Ensino Superior', 'IPESU', 26),
(1709, 'Faculdade Integrada De Pernambuco', 'FACIPE', 26),
(1710, 'Faculdade De Negócios E Tecnologias Da Informação', 'FACNET', 53),
(1711, 'Faculdade De Presidente Prudente', 'FAPEPE', 35),
(1712, 'Faculdade De Ciências E Tecnologia De Teresina', 'FACET', 22),
(1713, 'Faculdade De Tecnologia De São Vicente', 'FATEF', 35),
(1714, 'Escola Superior De Gestão Comercial E Marketing', 'ESIC', 41),
(1715, 'Faculdade Do Sul Da Bahia', 'FASB', 29),
(1716, 'Faculdade União Das Américas', NULL, 41),
(1717, 'Faculdade De Imperatriz', 'FACIMP', 21),
(1718, 'Faculdade Nobre De Feira De Santana', 'FAN', 29),
(1721, 'Faculdade De Viçosa', 'FDV', 31),
(1722, 'Faculdade De Porto Velho', 'FIP', 11),
(1723, 'Escola Superior De Administração E Gestão', 'ESAGS', 35),
(1724, 'Faculdade De Guararapes', 'FAG', 35),
(1725, 'Faculdade Xv De Agosto', 'FAQ', 35),
(1726, 'Faculdade Santa Amélia', 'SECAL', 41),
(1727, 'Faculdade De Cariacica', 'FAC DE CARIACICA', 32),
(1728, 'Faculdade Interamericana De Porto Velho', 'UNIRON', 11),
(1731, 'Faculdade De Ciências Sociais Aplicadas', 'FCSA', 51),
(1732, 'Faculdade Gennari E Peartree', 'FGP', 35),
(1733, 'Faculdade De Ensino Superior De Marechal Cândido Rondon', 'ISEPE  RONDON', 41),
(1734, 'Faculdade Integral Diferencial', 'FACID', 22),
(1735, 'Faculdade De Ciências Aplicadas Doutor Leão Sampaio', 'FLS', 23),
(1736, 'Instituto Superior De Educação La Salle - Ise La Salle/rj', 'ISE LA SALLE/RJ', 33),
(1738, 'Instituto Luterano De Ensino Superior De Porto Velho', 'ULBRA ILES', 11),
(1739, 'Imp De Ensino Superior - Imp', 'IMP', 53),
(1741, 'Faculdade De Tecnologia Interamérica', 'INTERAMERICA', 35),
(1742, 'Faculdade De Tecnologia Carlos Drummond De Andrade', 'CSET DRUMMOND', 35),
(1743, 'Faculdade De Tecnologia Oswaldo Cruz', 'FATEC OSWALDO CRUZ', 35),
(1749, 'Faculdade Luso-brasileira', 'FALUB', 26),
(1750, 'Unidade De Ensino Superior Expoente', 'UNIEXP', 41),
(1752, 'Faculdade Autônoma De Direito', 'FADISP', 35),
(1753, 'Faculdade De Enfermagem Nova Esperança', 'FACENE', 25),
(1756, 'Faculdade Associada Brasil', 'FAB', 35),
(1758, 'Faculdade Independente Do Nordeste', 'FAINOR', 29),
(1759, 'Faculdade Padre João Bagozzi', 'FACULDADE BAGOZZI', 41),
(1762, 'Faculdade De Tecnologia E Negócios Carlos Drummond De Andrade', 'FTNCDA', 35),
(1763, 'Faculdade De Tecnologia Senai Chapecó', 'SENAI', 42),
(1764, 'Faculdade De Educação Regional Serrana', 'FUNPAC', 32),
(1765, 'Faculdade De José Bonifácio', 'FJB', 35),
(1766, 'Faculdade Espírito Santense', 'UNICAPE', 32),
(1767, 'Faculdade De Ciências Sociais Aplicadas', 'FACSA', 51),
(1768, 'Faculdade Regional Serrana', 'FUNPAC', 32),
(1771, 'Faculdade Santa Maria', 'FSM', 26),
(1772, 'Faculdade Nordeste', 'FANOR', 23),
(1773, 'Faculdade De Itapiranga', 'SEI/FAI', 42),
(1774, 'Faculdade Educacional De Ponta Grossa', 'UNIÃO', 41),
(1775, 'Faculdade Do Vale Do Ipojuca', 'FAVIP', 26),
(1776, 'Faculdade De Tecnologia Prof. Luiz Rosa', 'FATEC PROF LUIZ ROSA', 35),
(1777, 'Faculdade Metropolitana De Guaramirim', 'FAMEG', 42),
(1779, 'Faculdade Aiec', 'AIEC / FAAB', 53),
(1780, 'Faculdade Horizontina', 'FAHOR', 43),
(1781, 'Faculdade Intesp', 'INTESP', 35),
(1782, 'Faculdade De Artes, Ciências E Tecnologias', 'FACET', 29),
(1783, 'Faculdade De Ciências Sociais Aplicadas', 'FACISA - CELER', 42),
(1784, 'Faculdade Anhanguera De São Caetano', 'Fasc', 35),
(1785, 'Faculdade De Colider', 'FACIDER', 51),
(1786, 'Instituto Machadense De Ensino Superior', 'IMES', 31),
(1788, 'Faculdade De Administração E Artes De Limeira', 'FAAL', 35),
(1789, 'Faculdade Catuaí', 'ICES', 41),
(1790, 'Instituto Superior De Educação Do Sul Da Bahia', 'ISESB', 29),
(1792, 'Faculdade De Educação De Vitória', 'AUFES', 32),
(1797, 'Faculdade Norte Paranaense', 'UNINORTE', 41),
(1798, 'Faculdade Educacional De Cornélio Procópio', 'FACED', 41),
(1800, 'Faculdade De Realeza', 'CESREAL', 41),
(1801, 'Faculdade Dom Bosco De Ubiratã', 'DOM BOSCO UBIRATÃ', 41),
(1802, 'Faculdade De Ciências Da Saúde', 'FASU', 35),
(1803, 'Faculdade De Tecnologia E Ciências De Pernambuco', 'FATEC', 26),
(1804, 'Faculdade De Mauá - Fama', 'FAMA', 35),
(1805, 'Faculdade Dos Guararapes', 'FG', 26),
(1806, 'Faculdade Fernão Dias', 'FAFE', 35),
(1807, 'Instituto Federal De Educação, Ciência E Tecnologia Do Ceará', 'IFCE', 23),
(1808, 'Instituto Federal De Educação, Ciência E Tecnologia Do Espírito Santo', 'IFES', 32),
(1809, 'Instituto Federal De Educação, Ciência E Tecnologia De Pernambuco', 'IFPE', 26),
(1810, 'Instituto Federal De Educação, Ciência E Tecnologia De São Paulo', 'IFSP', 35),
(1811, 'Instituto Federal De Educação, Ciência E Tecnologia De Goiás', 'IFG', 52),
(1812, 'Instituto Federal De Educação, Ciência E Tecnologia  Do Amazonas', 'IFAM', 13),
(1813, 'Instituto Federal De Educação, Ciência E Tecnologia Do Pará', 'IFPA', 15),
(1814, 'Faculdade De Ciências Sociais E Aplicadas De Diamantino', 'UNED', 51),
(1815, 'Faculdade Do Instituto Brasil', 'FIBRA', 52),
(1816, 'Instituto De Ensino Superior De Bauru', 'IESB', 35),
(1817, 'Faculdade Estácio De Curitiba', NULL, 41),
(1818, 'Faculdade Pitágoras De Belo Horizonte', 'FPAS', 31),
(1819, 'Faculdade Farias Brito', 'FFB', 23),
(1820, 'Instituto Federal De Educação, Ciência E Tecnologia Do Piauí', 'IFPI', 22),
(1821, 'Faculdade Lions', 'FAC-LIONS', 52),
(1822, 'Faculdade Sul-americana', 'FASAM', 52),
(1823, 'Instituto De Ensino Superior Do Amapá', 'IESAP', 16),
(1824, 'Faculdade De Ciências Contábeis De Itabirito', 'FACCI', 31),
(1825, 'Faculdade De Estudos Superiores De Minas Gerais', 'FEAD', 31),
(1827, 'Faculdade Luterana De Teologia', 'FLT', 42),
(1828, 'Escola Da Cidade - Faculdade De Arquitetura E Urbanismo', 'ESCOLA DA CIDADE', 35),
(1830, 'Faculdade Anhanguera De Passo Fundo', NULL, 43),
(1831, 'Faculdade Centro Paulista', 'CESI', 35),
(1832, 'Faculdade De Jaboticabal', 'FAJAB', 35),
(1833, 'Faculdade De Arujá', 'FAR', 35),
(1834, 'Faculdade De Agudos', 'FAAG', 35),
(1835, 'Faculdade Integrada De Ensino Superior De Colinas', 'FIESC', 17),
(1836, 'Centro Universitário Fundação De Ensino Octávio Bastos - Feob', 'UNIFEOB', 35),
(1837, 'Escola De Estudos Superiores De Viçosa', 'ESUV', 31),
(1838, 'Faculdades Integradas Rio Branco', 'FRB', 35),
(1839, 'Faculdades Integradas De Várzea Grande', 'FIAVEC', 51),
(1840, 'Faculdade Castelo Branco', 'FCB', 32),
(1841, 'Faculdades Integradas Antônio Eufrásio De Toledo De Presidente Prudente', 'FIAETPP', 35),
(1842, 'Faculdades Integradas Machado De Assis', 'FEMA', 43),
(1843, 'Faculdade De Administração De Campo Belo', 'FACAMP', 31),
(1844, 'Faculdades Integradas Stella Maris De Andradina', 'FISMA', 35),
(1845, 'Fefisa - Faculdades Integradas De Santo André', 'FEFISA', 35),
(1846, 'Centro Universitário De Lins', 'UNILINS', 35),
(1847, 'Faculdade Atenas Maranhense De Imperatriz', 'FAMA', 21),
(1850, 'Faculdade Alvorada De Tecnologia E Educação De Maringá', 'FACULDADE ALVORADA', 41),
(1851, 'Escola Brasileira De Administração Pública E De Empresas', 'EBAPE', 33),
(1852, 'Faculdade Saberes', 'SABERES', 32),
(1853, 'Faculdade De Tecnologia Ibta', 'IBTA', 35),
(1854, 'Faculdades Integradas Claretianas', 'FIC', 35),
(1856, 'Faculdade Do Norte Novo De Apucarana', 'FACNOPAR', 41),
(1857, 'Faculdade Dehoniana', 'DEHONIANA', 35),
(1858, 'Faculdade Integrada Euclides Fernandes', 'FAJ', 29),
(1860, 'Faculdade De Ciências Gerenciais Padre Arnaldo Janssen', 'FAJANSSEN', 31),
(1862, 'Faculdade Da Região Serrana', 'FARESE', 32),
(1863, 'Faculdade De Mantena', 'FAMA', 31),
(1864, 'Faculdade De Administração Da Associação Brasiliense De Educação', 'FABE', 43),
(1865, 'Instituto Superior De Educação Alvorada Plus', 'ISEAP', 35),
(1866, 'Faculdade De Ciências Empresariais E Estudos Costeiros De Natal', 'FACEN', 24),
(1867, 'Faculdade De Ciências Gerenciais De Santos Dumont', 'FACIG', 31),
(1868, 'Instituto Superior De Educação De Santos Dumont', 'ISESD', 31),
(1869, 'Centro Universitário De Itajubá', 'UNIVERSITAS', 31),
(1870, 'Faculdades Integradas Regionais De Avaré', 'FIRA', 35),
(1872, 'Faculdades Integradas Santa Cruz De Curitiba', 'FARESC', 41),
(1873, 'Faculdade Mercúrio', 'FAMERC', 33),
(1874, 'Faculdade De Tecnologia De Ourinhos', 'FATEC', 35),
(1875, 'Faculdade De Filosofia, Ciências E Letras De Ibitinga', 'FAIBI', 35),
(1876, 'Faculdade Municipal Professor Franco Montoro De Mogi Guaçu', 'FMPFM', 35),
(1877, 'Faculdade Atual', 'FAAT', 16),
(1878, 'Centro Universitário Da Fundação Educacional Inaciana Pe Sabóia De Medeiros', 'FEI', 35),
(1879, 'Faculdade Educacional De Araucária', 'FACEAR', 41),
(1880, 'Faculdade Casa Do Estudante', 'FACE', 32),
(1881, 'Faculdade Da Escada', 'FAESC', 26),
(1883, 'Faculdade De Ciências Agrárias E Da Saúde', 'FAS', 29),
(1884, 'Faculdade Ranchariense', 'FRAN', 35),
(1885, 'Unidade De Ensino Superior Dom Bosco', 'UNDB', 21),
(1886, 'Faculdade De Monte Alto', 'FMA', 35),
(1887, 'Faculdade De Direito Da Serra', 'FABAVI', 32),
(1890, 'Faculdade Ávila', 'FAC', 52),
(1891, 'Faculdade Sartre Coc', 'FACOC SALVADOR', 29),
(1892, 'Faculdade Eniac', 'ENIAC', 35),
(1893, 'Escola De Negócios Do Estado Da Bahia - Eneb', 'ENEB', 29),
(1894, 'Faculdade Européia De Administração E Marketing', 'FEPAM', 26),
(1895, 'Faculdade Christus', 'CHRISTUS', 23),
(1898, 'Faculdade Do Litoral Sul Paulista', 'FALS', 35),
(1899, 'Faculdade Do Noroeste Paranaense', 'FANP', 41),
(1900, 'Faculdade Anchieta De Ensino Superior Do Paraná', 'FAESP', 41),
(1901, 'Faculdade Católica De Uberlândia', 'CATÓLICA', 31),
(1903, 'Faculdade Cristo Rei', 'FACCREI', 41),
(1904, 'Faculdade São Camilo', 'FASC', 33),
(1906, 'Instituto De Ensino Superior Materdei', 'IES-MATERDEI', 13),
(1907, 'Faculdade Educacional De Colombo', 'FAEC', 41),
(1908, 'Escola De Ensino Superior Alternativo', 'CESA', 32),
(1909, 'Faculdade Pereira De Freitas', 'FPF', 31),
(1910, 'Faculdade Baiana De Ciências', 'FABAC', 29),
(1913, 'Faculdade De Minas', 'FAMINAS', 31),
(1917, 'Faculdade De Ciências Biomédicas De Cacoal', 'FACIMED', 11),
(1918, 'Faculdade Capivari', 'FUCAP', 42),
(1919, 'Faculdade De Ciências Exatas E Tecnológicas Santo Agostinho - Facet', 'FACET', 31),
(1921, 'Faculdade De São Bento', 'FSB', 35),
(1923, 'Faculdade De Direito Padre Arnaldo Janssen', 'FAJANSSEN', 31),
(1925, 'Faculdade De Ciências Sociais Aplicadas Santo Agostinho', 'FACISA', 31),
(1926, 'Faculdade De Administração De Cataguases', 'UNIPACAT', 31),
(1927, 'Faculdades Integradas Do Vale Do Iguaçu', NULL, 41),
(1928, 'Faculdade Cenecista Ilha Do Governador', 'FACIG', 33),
(1930, 'Instituto Superior De Educação De São Paulo', 'SINGULARIDADES/ISESP', 35),
(1931, 'Instituto De Ensino Superior Franciscano', 'IESF', 21),
(1932, 'Faculdade Palotina', 'FAPAS', 43),
(1933, 'Faculdade Birigui', 'FABI', 35),
(1934, 'Faculdade Sinop', 'FASIP', 51),
(1936, 'Faculdade La Salle', NULL, 51),
(1937, 'Faculdade Evangélica De Salvador', 'FACESA', 29),
(1938, 'Faculdade Global De Umuarama', 'FGU', 41),
(1939, 'Instituto De Ensino Superior De Londrina - Inesul', 'INESUL', 41),
(1940, 'Faculdade De Nova Serrana', 'FANS', 31),
(1941, 'Faculdade Cuiabá', 'FAUC', 51),
(1943, 'Faculdade Serrana De Ensino Superior', 'FASEP', 53),
(1944, 'Faculdade De Tecnologia Ibratec', 'UNIBRATEC', 26),
(1945, 'Faculdade De Sorriso', 'FAIS', 51),
(1946, 'Faculdade Legale', 'FALEG', 35),
(1948, 'Faculdade De Ensino Superior Da Paraíba', 'FESP', 25),
(1949, 'Faculdade De Paulínia', 'FACP', 35),
(1950, 'Faculdade De Orlândia', 'FAO', 35),
(1951, 'Instituto De Educação E Ensino Superior De Samambaia', 'IESA', 53),
(1952, 'Faculdade De Ciências Jurídicas E Sociais Aplicadas Do Araguaia', 'FACULDADES CATHEDRAL', 51),
(1956, 'Instituto Batista De Ensino Superior De Alagoas', 'IBESA', 27),
(1957, 'Faculdade De Tecnologia Senai Joinville', 'SENAI DE JOINVILLE', 42),
(1958, 'Faculdade De Tecnologia Senai Blumenau', 'CET BLUMENAU', 42),
(1961, 'Instituto Tecnológico E Das Ciências Sociais Aplicadas E Da Saúde Do Centro Educ. N. Srª Auxiliadora', 'ITCSAS/CENSA', 33),
(1962, 'Instituto Superior De Educação Do Centro Educacional Nossa Senhora Auxiliadora', 'ISECENSA', 33),
(1964, 'Faculdade De Tecnologia Em Hotelaria, Gastronomia E Turismo De São Paulo', 'HOTEC', 35),
(1965, 'Faculdade De Tecnologia De Alagoas', 'FAT/AL', 27),
(1966, 'Faculdade Albert Einstein', 'FALBE', 53),
(1967, 'Faculdade Do Vale Do Itapecurú', 'FAI', 21),
(1968, 'Faculdade Atlântico', 'FA', 28),
(1969, 'Faculdade Dos Imigrantes - Fai', 'FAI', 43),
(1970, 'Faculdade Do Espírito Santo', 'UNES', 32),
(1972, 'Faculdade Tijucussu', 'TIJUCUSSU', 35),
(1973, 'Instituto Superior De Educação Orígenes Lessa', 'ISEOL', 35),
(1977, 'Centro De Estudos Superiores Aprendiz', 'CESA', 31),
(1978, 'Faculdade Metropolitana Da Grande Fortaleza', 'FAMETRO', 23),
(1980, 'Faculdade Sinergia', 'SINERGIA', 42),
(1984, 'Faculdade De Ciências Gerenciais De Manhuaçu', 'FACIG', 31),
(1986, 'Faculdade Estácio De Sá De Juiz De Fora', 'FESJF', 31),
(1988, 'Faculdade Avantis', 'AVANTIS', 42),
(1992, 'Instituto De Ensino Superior De Piedade', 'IESP', 26),
(1995, 'Faculdade De Medicina Nova Esperança', 'FAMENE', 25),
(1996, 'Instituto Cuiabá De Ensino E Cultura', 'ICEC', 51),
(1998, 'Instituto Superior De Educação Elvira Dayrell', 'ISEED', 31),
(2001, 'Seminário Adventista Latino-americano De Teologia', 'SALT', 29),
(2005, 'Faculdade De Ciências Sociais Aplicadas De Sinop', 'FACISAS', 51),
(2009, 'Faculdade De Taquaritinga', 'FSG', 35),
(2010, 'Faculdade De Ciências E Letras', 'ACADEMIA DE ENSINO', 35),
(2012, 'Instituto Superior De Educação De Pesqueira', 'ISEP', 26),
(2014, 'Faculdade Setelagoana De Ciências Gerenciais', 'FASCIG', 31),
(2015, 'Instituto Santo Tomás De Aquino', 'ISTA', 31),
(2019, 'Instituto Superior De Educação De Salgueiro', 'ISES', 26),
(2021, 'Faculdade Jk - Unidade Ii - Gama', NULL, 53),
(2022, 'Faculdade De Rolim De Moura', 'FAROL', 11),
(2023, 'Faculdade De Guanambi', NULL, 29),
(2027, 'Faculdade De Campina Grande', 'FAC-CG', 25),
(2030, 'Instituto Superior De Educação Campo Limpo Paulista', 'ISECAMP', 35),
(2032, 'Faculdade De Pedagogia E Formação De Normalistas De Araguaína', 'ITPAC', 17),
(2033, 'Instituto Superior De Educação De Floresta', 'ISEF', 26),
(2034, 'Faculdade De Ciências Contábeis De Araguaína', 'ITPAC', 17),
(2035, 'Faculdade Jaguariaíva', 'FAJAR', 41),
(2036, 'Faculdade Estácio Do Pará - Estácio Fap', 'FAP', 15),
(2037, 'Faculdade Unime De Ciências Exatas E Tecnológicas', 'FCT', 29),
(2039, 'Faculdade Cidade Luz', 'FACILUZ', 35),
(2040, 'Faculdade Do Futuro', 'FAF', 31),
(2041, 'Faculdade Sudamérica', 'SUDAMÉRICA', 31),
(2042, 'Faculdade Figueiredo Costa - Fic', NULL, 27),
(2043, 'Faculdade Vale Do Salgado', 'FVS', 23),
(2045, 'Faculdade Amadeus', 'FAMA', 28),
(2049, 'Instituto De Estudos Superiores Do Maranhão', 'IESMA', 21),
(2054, 'Faculdade De Educação De Nova Andradina', 'FENA', 50),
(2056, 'Faculdade Da Alta Paulista', 'FAP', 35),
(2058, 'Faculdade Metropolitana', 'UNNESA', 11),
(2067, 'Faculdade De Ciências Empresariais', 'FACEMP', 29),
(2069, 'Faculdade De Teologia E Ciências Humanas', 'FATECH', 16),
(2072, 'Faculdade De Desenvolvimento Sustentável De Cruzeiro Do Sul', 'IEVAL', 12),
(2073, 'Instituto Superior De Educação Padrão', 'ISE-PADRAO', 52),
(2075, 'Instituto De Ensino Superior De Alagoas', 'IESA', 27),
(2076, 'Faculdade Regional Da Bahia', 'FARB', 29),
(2077, 'Faculdade Anglo-americano', 'FAA', 41),
(2079, 'Faculdade De Itaituba', 'FAI', 15),
(2082, 'Faculdade De Ciências Médicas Da Paraíba', 'FCM-PB', 25),
(2084, 'Faculdade Cenecista De Nova Petrópolis', 'FACENP', 43),
(2085, 'Instituto Baiano De Ensino Superior', 'IBES', 29),
(2086, 'Instituto De Ensino Superior De Foz Do Iguaçu', 'IESFI', 41),
(2091, 'Instituto Superior De Educação Pró-saber', 'ISEPS', 33),
(2096, 'Faculdade De Ciências Jurídicas E Gerenciais De Manhuaçu', 'FACULDADES DOCTUM', 31),
(2098, 'Faculdade Kurios', 'FAK', 23),
(2102, 'Faculdade De Auriflama', 'FAU', 35),
(2111, 'Instituto Superior De Teologia Aplicada', 'INTA', 23),
(2113, 'Faculdade Dom Bosco De Porto Alegre', 'FDB', 43),
(2117, 'Faculdade De Ciência E Tecnologia', 'FACITEC', 41),
(2120, 'Instituto De Filosofia E De Teologia Paulo Vi', 'IFITEPS', 33),
(2122, 'Faculdade Estácio De Sergipe - Estácio Fase', 'FASE', 28),
(2123, 'Faculdade Max Planck', 'AESI', 35),
(2124, 'Faculdade Calafiori', 'CALAFIORI', 31),
(2126, 'Escola De Direito Do Rio De Janeiro', 'DIREITO RIO', 33),
(2128, 'Escola De Direito De São Paulo', 'DIREITO GV', 35),
(2129, 'Escola De Economia De São Paulo', 'EESP', 35),
(2131, 'Faculdade Fapan', 'FAPAN', 35),
(2132, 'Faculdade Barão Do Rio Branco', 'FAB', 12),
(2133, 'Faculdade De Ciências, Educação E Teologia Do Norte Do Brasil', 'FACETEN', 14),
(2134, 'Faculdade Da Igreja Ministério Fama', 'FAIFA', 52),
(2135, 'Faculdade Católica Rainha Do Sertão', 'FCRS', 23),
(2137, 'Faculdade São Marcos', 'FASAMAR', 17),
(2140, 'Instituto Superior De Educação Nossa Senhora De Lourdes', 'FNSL', 29),
(2141, 'Faculdade Teológica Batista Do Paraná', 'FTBP', 41),
(2145, 'Faculdade Infórium De Tecnologia', 'FIT', 31),
(2146, 'Faculdade Do Acre', 'FAC', 12),
(2147, 'Faculdade Metropolitana De Manaus', 'FAMETRO', 13),
(2148, 'Faculdade De Palmas', 'FAPAL', 17),
(2149, 'Faculdade Mato Grosso Do Sul', 'FACSUL', 50),
(2150, 'Faculdade Do Piauí', 'FAPI', 22),
(2151, 'Instituto Superior De Educação Berlaar', 'IBERLAAR', 31),
(2154, 'Instituto Superior De Ciências Humanas E Sociais Anísio Teixeira', 'ISAT', 33),
(2156, 'Faculdade São Tomás De Aquino', 'FACESTA', 27),
(2157, 'Instituto Superior De Educação Sant´ana', 'ISESA', 41),
(2158, 'Faculdade Santa Maria', 'FSM', 25),
(2160, 'Faculdade Sant''ana', 'IESSA', 41),
(2163, 'Instituto Superior De Educação Eugênio Gomes', 'ISEGO', 29),
(2165, 'Faculdade Foz Do Iguaçu', 'FAFIG', 41),
(2168, 'Faculdade Campo Grande', 'FCG', 50),
(2171, 'Instituto Belo Horizonte De Ensino Superior', 'IBHES', 31),
(2173, 'Faculdade Guaianás', 'FAG', 35),
(2174, 'Faculdade De Santa Catarina', 'FASC', 42),
(2175, 'Faculdade Metropolitana De Blumenau', 'FAMEBLU', 42),
(2177, 'Instituto Paulista De Ensino', 'FIPEN', 35),
(2180, 'Ratio - Faculdade Teológica E Filosófica', 'RATIO', 23),
(2183, 'Centro Universitário Fundação Santo André', 'CUFSA', 35),
(2184, 'Faculdade Cenecista Nossa Senhora Dos Anjos', 'FACENSA', 43),
(2186, 'Faculdade Salesiana Dom Bosco', 'FSDB', 13),
(2188, 'Instituto Superior De Educação Nossa Senhora De Sion', 'ISE - SION', 41),
(2189, 'Faculdade Do Maranhão', 'FACAM-MA', 21),
(2191, 'Faculdade Anhanguera De Pelotas', NULL, 43),
(2192, 'Instituto Superior De Educação Ivoti', 'ISEI', 43),
(2194, 'Faculdade Anhanguera Do Rio Grande', NULL, 43),
(2198, 'Faculdade Monteiro Lobato', 'FATO', 43),
(2200, 'Faculdade Vale Do Gorutuba', 'FAVAG', 31),
(2202, 'Instituto Superior De Educação De Guaratuba', 'ISEPE', 41),
(2205, 'Faculdade De Tupi Paulista', 'CESTUPI', 35),
(2206, 'Faculdade Fae São José Dos Pinhais', NULL, 41),
(2220, 'Faculdade De Ciências Jurídicas De Juiz De Fora', 'FACULDADES DOCTUM', 31),
(2222, 'Faculdade Sete De Setembro', 'FASETE', 29),
(2229, 'Faculdade Victor Hugo', 'FVH', 31),
(2233, 'Faculdade De Ciências Sociais Aplicadas De Belo Horizonte', 'FACISABH', 31),
(2237, 'Faculdade Teológica Batista Equatorial', 'FATEBE', 15),
(2240, 'Faculdade De Fortaleza', 'FAFOR', 23),
(2241, 'Faculdade Do Sudeste Mineiro', 'FACSUM', 31),
(2242, 'Faculdade Do Recife', 'FAREC', 26),
(2243, 'Faculdade Paraíbana', 'FAP', 25),
(2244, 'Faculdade Da Cidade De Maceió', 'FACIMA', 27),
(2245, 'Faculdade Do Espírito Santo', 'FACES', 32),
(2246, 'Faculdade União Americana', 'UNIÃO AMERICANA', 24),
(2247, 'Faculdade Chafic', 'CHAFIC', 35),
(2248, 'Faculdade Sergipana', 'FASER', 28),
(2256, 'Faculdade Stella Maris', 'FSM', 23),
(2257, 'Faculdade Diadema', 'FAD', 35),
(2264, 'Faculdade De Comunicação Pitágoras Unidade Guarapari', 'PIT GUARAPARI', 32),
(2266, 'Faculdade Cambury De Formosa', 'CAMBURY', 52),
(2270, 'Faculdade De Ciências Sociais Aplicadas De Extrema', 'FAEX', 31),
(2271, 'Faculdade Pitágoras De Ipatinga', 'FPI', 31),
(2275, 'Faculdade De Direito Santo Agostinho', 'FADISA', 31),
(2279, 'Faculdade Integrada Metropolitana De Campinas', 'METROCAMP', 35),
(2282, 'Faculdade De Cafelândia', 'FAC', 41),
(2287, 'Escola Superior De Teologia E Espiritualidade Franciscana', 'ESTEF', 43),
(2288, 'Faculdade Almeida Rodrigues', 'FAR', 52),
(2289, 'Faculdades Integradas De Angeles', 'FIA', 35),
(2297, 'Faculdade De Direito De Santa Maria', 'FADISMA', 43),
(2301, 'Faculdade Fidelis', 'FF', 41),
(2308, 'Faculdade Geremário Dantas', 'SFNSC', 33),
(2311, 'Faculdade De Ciências Jurídicas Professor Alberto Deodato', 'FCJPAD', 31),
(2312, 'Faculdade Luterana Rui Barbosa', 'FALURB', 41),
(2317, 'Faculdade Do Descobrimento', 'FACDESCO', 29),
(2319, 'Escola Superior De Educação Corporativa', 'ESEC', 42),
(2320, 'Instituto Superior De Educação Ateneu', 'ISEAT', 32),
(2322, 'Faculdade Ateneu', 'FATE', 32),
(2323, 'Faculdade Da Amazônia', 'FAMA', 11),
(2324, 'Faculdade União Bandeirante', 'FACULDADE UNIBAN', 42),
(2328, 'Faculdade Iteana De Botucatu', 'FITB', 35),
(2330, 'Faculdade Cândido Rondon - Fcr', 'FCR', 51),
(2332, 'Faculdade Corporativa Cespi', 'FACESPI', 35),
(2334, 'Instituto Superior Mendes De Almeida', 'IMA', 33),
(2336, 'Faculdade Montes Belos', 'FMB', 52),
(2341, 'Faculdade Da Aldeia De Carapicuíba', 'FALC', 35),
(2342, 'Instituto Superior De Educação Ceres', 'ISE-CERES', 35),
(2343, 'Faculdade Da Amazônia Ocidental', 'FAAO', 12),
(2346, 'Instituto Superior De Filosofia Berthier', 'IFIBE', 43),
(2348, 'Instituição De Ensino São Francisco', 'IESF', 35),
(2350, 'Escola Superior Madre Celeste', 'ESMAC', 15),
(2351, 'Faculdade Espírito Santense De Ciências Jurídicas', 'PIO XII - DIR', 32),
(2355, 'Faculdade Anhanguera De Matão', NULL, 35),
(2356, 'Faculdade Pan Americana', 'FPA', 15),
(2361, 'Faculdade Padrão', '-', 52),
(2362, 'Faculdade De Ciências Médicas De Campina Grande', 'FCM', 25),
(2364, 'Faculdade De Administração De Empresas De Paraíso Do Tocantins', 'FAP', 17),
(2365, 'Faculdade Católica Do Tocantins', 'FACTO', 17),
(2366, 'Faculdade De Sistemas De Informação De Paraíso Do Tocantins', 'FSIP', 17),
(2368, 'Faculdade De Odontologia São Leopoldo Mandic', 'SLMANDIC', 35),
(2369, 'Instituto De Ensino Superior Santo Antônio', 'INESA', 42),
(2380, 'Faculdade Estácio Do Amapá - Estácio Famap', 'FAMAP', 16),
(2383, 'Faculdade Meridional', 'IMED', 43),
(2384, 'Faculdade Integrada Do Brasil', 'FAIBRA', 22),
(2389, 'Faculdade De Filosofia E Teologia Paulo Vi', 'FFTP', 35),
(2395, 'Faculdade De Campo Verde', 'FCV', 51),
(2397, 'Faculdade Fucape', 'FUCAPE', 32),
(2398, 'Instituto Superior De Educação De Campo Verde', 'ISE - CAMPO VERDE', 51),
(2399, 'Faculdade De Sorocaba', NULL, 35),
(2402, 'Faculdade Cidade Do Salvador', 'FCS', 29),
(2408, 'Escola Superior De Administração, Marketing E Comunicação De Santos', 'ESAMC SANTOS', 35),
(2409, 'Faculdade Asces', 'ASCES', 26),
(2410, 'Faculdade Cearense', 'FAC', 23),
(2413, 'Faculdade De Ensino Superior De Floriano', 'FAESF', 22),
(2420, 'Faculdade Paranaense', 'FAPAR', 41),
(2423, 'Faculdade De Ciência E Tecnologia De Montes Claros', 'FACIT', 31),
(2426, 'Faculdade Integrada Brasil Amazonia - Fibra', 'FIBRA', 15),
(2428, 'Faculdade De Ciências E Tecnologias De Campos Gerais', 'FACICA', 31),
(2431, 'Faculdade Estácio Montessori De Ibiúna', 'FMI', 35),
(2435, 'Faculdade De Ciências Contábeis Luiz Mendes', 'LUMEN FACULDADES', 25),
(2436, 'Faculdade Táhirih', 'FT', 13),
(2437, 'Faculdade Pitágoras De Teixeira De Freitas', 'PIT TEIXEIRA', 29),
(2440, 'Faculdade Cidade De João Pinheiro', 'FCJP', 31),
(2442, 'Faculdade De Ciências Biomédicas Do Espírito Santo', 'PIO XII - BIO', 32),
(2443, 'Faculdade Promove De Janaúba', NULL, 31),
(2444, 'Faculdade João Calvino', 'FJC', 29),
(2447, 'Instituto Educacional De Castro', 'INEC', 41),
(2450, 'Faculdade De Direito Promove', 'PROMOVE', 31),
(2451, 'Faculdades Integradas Ipiranga', 'FAINTIPI', 15),
(2456, 'Faculdade De Administração De Chapadão Do Sul', 'FACHASUL', 50),
(2459, 'Faculdade De Estudos Avançados Do Pará', 'FEAPA', 15),
(2460, 'Faculdade Estácio De Natal', 'FCC', 24),
(2461, 'Faculdade Cbes', 'CBES', 41),
(2462, 'Faculdade São Luís', 'FSL', 42),
(2463, 'Faculdade Joana D''arc', 'FJD', 35),
(2465, 'Faculdade De Direito Professor Damásio De Jesus', 'FDDJ', 35),
(2466, 'Facudade Ieducare - Fied', 'FIED', 23),
(2468, 'Instituto Teológico Franciscano', 'ITF', 33),
(2469, 'Instituto Macapaense De Ensino Superior', 'IMMES', 16),
(2470, 'Instituto Salvador De Ensino E Cultura', 'ISEC', 29),
(2474, 'Faculdade Maria Milza', 'FAMAM', 29),
(2475, 'Faculdade Arquidiocesana De Mariana', 'FAM', 31),
(2477, 'Faculdade De Administração De Mariana', 'FAMA', 31),
(2478, 'Faculdade De Integração Do Ensino Superior Do Cone Sul', 'FISUL', 43),
(2484, 'Faculdade Processus', 'PFD', 53),
(2485, 'Faculdade Católica De Fortaleza', 'FCF', 23),
(2486, 'Faculdade Leonardo Da Vinci', 'ULBRA', 43),
(2488, 'Faculdade Anglicana De Erechim', 'FAE', 43),
(2491, 'Instituto Superior De Educação Do Cecap', 'ISCECAP', 53),
(2494, 'Faculdade De Pindamonhangaba', 'FAPI', 35),
(2497, 'Faculdade Ateneu', 'FATE', 23),
(2499, 'Faculdade Apoio', 'FA', 29),
(2500, 'Faculdade Einstein', NULL, 29),
(2501, 'Faculdade Estácio De Sá De Goiás', 'FESGO', 52),
(2504, 'Faculdade Divinópolis', 'FACED', 31),
(2505, 'Faculdade De Arte E Design', 'FAD', 31),
(2508, 'Instituto Superior De Educação Santo Agostinho', 'ISA', 31),
(2511, 'Faculdade De Direito Unidade Guarapari', 'FADIG', 32),
(2513, 'Faculdade Arthur Thomas', 'CESA', 41),
(2514, 'Instituto Natalense De Educação Superior', 'INAES', 24),
(2521, 'Instituto Superior De Educação Do Sul Do Piauí', 'ISESPI', 22),
(2529, 'Instituto Superior De Educação De Iguape', 'ISE IGUAPE', 35),
(2532, 'Faculdade Do Sudeste Goiano', 'FASUG', 52),
(2536, 'Faculdade Roraimense De Ensino Superior', 'FARES', 14),
(2537, 'Faculdade São Geraldo', 'FSG', 32),
(2538, 'Faculdade Venda Nova Do Imigrante', 'FAVENI', 32),
(2539, 'Faculdade Evangélica Do Meio Norte', 'FAEME', 21),
(2548, 'Faculdade De Teologia, Filosofia E Ciências Humanas Gamaliel', 'FATEFIG', 15),
(2549, 'Faculdade Paulista De Educação E Comunicação', 'FAPEC', 35),
(2552, 'Instituto Superior De Ciências Da Saúde', 'INCISA', 31),
(2554, 'Faculdade De Educação Santa Terezinha', 'FEST', 21),
(2556, 'Fiam-faam - Centro Universitário', 'UNIFIAM-FAAM', 35),
(2557, 'Faculdade De Ciências Sociais Aplicadas De Penedo', 'FCSAP', 27),
(2558, 'Faculdade De Direito De Vila Velha', NULL, 32),
(2560, 'Faculdade De Ensino Superior Da Cidade De Feira De Santana', 'FAESF/UNEF', 29),
(2561, 'Faculdade De Ciências Administrativas', 'FCA', 51),
(2564, 'Universidade Federal De Campina Grande', 'UFCG', 25),
(2565, 'Abeu - Centro Universitário', 'UNIABEU', 33),
(2566, 'Instituto De Ensino Superior De Olinda', 'IESO', 26),
(2568, 'Faculdade Zacarias De Góes', 'FAZAG', 29),
(2569, 'Faculdade De Tecnologia Faesa', 'CET-FAESA', 32),
(2570, 'Faculdade De Ciências Educacionais', 'FACE', 29),
(2571, 'Faculdade Redentor', 'FACREDENTOR', 33),
(2572, 'Faculdade Regional De Filosofia, Ciências E Letras De Candeias', 'FAC', 29),
(2573, 'Faculdade Teológica Sul Americana', 'FTSA', 41),
(2575, 'Faculdades Integradas Soares De Oliveira', 'FISO', 35),
(2576, 'Faculdades Pitágoras Unidade Guarapari', 'FIPAG', 32),
(2577, 'Instituto Superior De Música De São Leopoldo', 'ISM', 43),
(2579, 'Faculdade Atenas', NULL, 31),
(2580, 'Instituto Superior De Educação Paulo Martins', 'ISPAM', 53),
(2581, 'Faculdade São Salvador', 'FSS', 29),
(2582, 'Faculdade De Ensino Superior Do Centro Do Paraná', 'UCP', 41),
(2591, 'Escola Brasileira De Economia E Finanças', 'EBEF', 33),
(2593, 'Faculdade De Juazeiro Do Norte', 'FJN', 23),
(2594, 'Faculdade Teológica Batista Ana Wollerman', 'FTBAW', 50),
(2598, 'Faculdade Pensar', 'FP', 29),
(2609, 'Instituto Superior De Educação De Tupi Paulista', 'ISETP', 35),
(2613, 'Faculdade Meta', 'FAMETA', 12),
(2616, 'Faculdade Santo Antônio De Pádua', 'FASAP', 33),
(2617, 'Faculdade São Bento Do Rio De Janeiro', 'FSB/RJ', 33),
(2619, 'Faculdade De Direito De Itabira', 'FDI', 31),
(2620, 'Faculdade De Ampére', 'FAMPER', 41),
(2622, 'Instituto Superior De Educação Da Serra', 'FABAVI', 32),
(2623, 'Faculdade Do Tapajós', 'FAT', 15),
(2624, 'Faculdade Do Litoral Paranaense', 'FLP', 41),
(2625, 'Faculdade De Tecnologia Ibta - São José Dos Campos', 'IBTA', 35),
(2629, 'Faculdade De Ciências Contábeis E De Administração Do Vale Do Juruena', 'AJES', 51),
(2630, 'Instituto Superior De Educação Do Vale Do Juruena', 'AJES', 51),
(2632, 'Faculdades Integradas Do Extremo Sul Da Bahia', 'UNISULBAHIA', 29),
(2636, 'Faculdade Dinâmica Do Vale Do Piranga', 'FADIP', 31),
(2639, 'Faculdade De Tecnologia Senai Concórdia', 'CET CONCÓRDIA', 42),
(2640, 'Faculdade De Ciências Da Saúde Da Serra', 'FABAVI', 32),
(2642, 'Faculdade São Vicente', 'FASVIPA', 27),
(2647, 'Faculdade Integrada De Santa Maria', 'FISMA', 43),
(2651, 'Faculdade Tamandaré', 'FAT', 52),
(2652, 'Faculdade Unida De Vitória', 'FACULDADE UNIDA', 32),
(2656, 'Faculdade Santa Catarina', 'FASC', 26),
(2660, 'Faculdade Phênix De Ciências Humanas E Sociais Do Brasil', 'PHENIX', 52),
(2676, 'Faculdade La Salle', NULL, 13),
(2677, 'Instituto Superior De Educação São Judas Tadeu', 'ISESJT', 22),
(2687, 'Faculdade Dom Alberto', 'FDA', 43),
(2688, 'Faculdade Inesp - Instituto Nacional De Ensino E Pesquisa', 'INESP', 35),
(2702, 'Faculdade De Ciências Jurídicas De Paraíso Do Tocantins', 'FCJP', 17),
(2703, 'Faculdade Senac Minas', 'FSM', 31),
(2722, 'Faculdade Católica Do Ceará', 'FCC', 23),
(2723, 'Faculdade Marista', 'FMR', 26),
(2724, 'Instituto De Ensino Superior Do Sul Do Maranhão', 'IESMA', 21),
(2726, 'Escola Superior De Administração De Empresas', 'INEA', 35),
(2730, 'Unipb - Faculdade Unida Da Paraíba', 'UNIPB', 25),
(2736, 'Instituto Tecnológico De Caratinga', 'ITC', 31),
(2741, 'Faculdade Católica Dom Orione', 'FACDO', 17),
(2744, 'Instituto Superior De Educação Vera Cruz', 'ISE VERA CRUZ', 35),
(2745, 'Escola Superior Da Amazônia', 'ESAMAZ', 15),
(2750, 'Faculdade De Tecnologia Senai Luzerna', 'SENAI LUZERNA', 42),
(2753, 'Faculdade De Ciências Educacionais Capim Grosso', 'FACE', 29),
(2754, 'Faculdade São Paulo', 'FSP', 11),
(2755, 'Faculdade Do Vale Do Itajaí Mirim', 'FAVIM', 42),
(2756, 'Faculdade Anhanguera De Valparaíso', 'FAV', 52),
(2761, 'Faculdade Do Sertão', 'UESSBA', 29),
(2763, 'Faculdade De Ciências Gerenciais De São Gotardo', 'CESG', 31),
(2766, 'Faculdade Empresarial De Chapecó', 'FAEM', 42),
(2770, 'Faculdade Unida De Campinas', 'FACUNICAMPS', 52),
(2771, 'Centro De Ensino Superior De Ilhéus', 'CESUPI', 29),
(2773, 'Faculdade De Macapá', 'FAMA', 16),
(2774, 'Centro Universitário Unifafibe', 'FAFIBE', 35),
(2775, 'Faculdades Integradas Desembargador Sávio Brandão - Fausb', 'FAUSB', 51),
(2779, 'Faculdade De Informática De Ouro Preto Do Oeste', 'FIOURO', 11),
(2783, 'Faculdade De Tecnologia Do Nordeste', 'FATENE', 23),
(2784, 'Faculdade Fae Blumenau', NULL, 42),
(2787, 'Faculdades Pequeno Príncipe', 'FPP', 41),
(2791, 'Faculdade De Ciências Agrárias E Exatas De Primavera Do Leste', 'FCAE', 51),
(2793, 'Faculdade União', 'FACULDADE UNIÃO', 35),
(2794, 'Faculdade De Ciências Sociais E Humanas Sobral Pinto', 'FAIESP', 51),
(2795, 'Faculdade São Francisco De Assis', 'FASFA', 51),
(2796, 'Faculdade De Iporá', 'FAI', 52),
(2799, 'Faneesp - Faculdade Nacional De Educação E Ensino Superior Do Paraná', 'FANEESP', 41),
(2804, 'Faculdade Ccaa', 'FAC CCAA', 33),
(2805, 'Faculdade Modelo', 'FACIMOD', 41),
(2806, 'Faculdade Evangélica De São Paulo', NULL, 35),
(2808, 'Faculdades Itecne De Cascavel', 'ITECNE', 41),
(2810, 'Instituto Superior De Educação Anísio Teixeira', 'ISEAT', 31),
(2811, 'Faculdade Paulus De Tecnologia E Comunicação', 'FAPCOM', 35),
(2814, 'Faculdade São Sebastião', 'FASS', 35),
(2821, 'Faculdade Idc', 'IDC', 43),
(2826, 'Faculdade Nossa Senhora De Fátima', 'FACULDADE FÁTIMA', 43),
(2827, 'Faculdade Evangélica Do Piaui', 'FAEPI', 22),
(2831, 'Faculdade Dom Bosco De Goioerê', 'DOM BOSCO GOIOERÊ', 41),
(2832, 'Instituto Superior De Educação Programus', 'ISEPRO', 22),
(2835, 'Faculdade Maurício De Nassau', 'FMN', 26),
(2836, 'Faculdade Sul Da América', 'SULDAMÉRICA', 52),
(2840, 'Faculdade Metodista De Teologia E Ciências Humanas Da Amazônia', 'FATEO-PVH', 11),
(2841, 'Faculdade Paranapanema', 'FP', 41),
(2843, 'Faculdade De Ciências Médicas E Da Saúde De Juiz De Fora', 'FCMS/JF', 31),
(2844, 'Faculdade Salesiana Dom Bosco De Piracicaba', 'FSDB', 35),
(2845, 'Faculdade Reinaldo Ramos', 'FARR', 25),
(2846, 'Faculdade De Teologia Umbandista', 'F.T.U.', 35),
(2849, 'Escola Superior Dom Helder Câmara', 'ESDHC', 31),
(2853, 'Faculdade Pitágoras De Tecnologia De Guarapari', NULL, 32),
(2855, 'Faculdade São Francisco De Assis', 'UNIFIN', 43),
(2859, 'Faculdade De Belém', 'FABEL', 15),
(2870, 'Faculdade Serra Do Carmo', 'FASEC', 17),
(2879, 'Faculdade Metropolitana De Caieiras', 'FMC', 35),
(2885, 'Faculdade São Camilo', 'FASC-MG', 31),
(2886, 'Faculdade Zumbi Dos Palmares', 'FAZP', 35),
(2891, 'Faculdade Barão De Piratininga', 'AES', 35),
(2895, 'Faculdade De Educação E Tecnologia Da Região Missioneira', 'FETREMIS', 43),
(2896, 'Faculdade Satc', 'FASATC', 42),
(2903, 'Faculdade Concórdia', 'FACC', 42),
(2904, 'Faculdade Jk - Guará', 'ESAMC BRASÍLIA', 53),
(2908, 'Faculdade Natalense De Ensino E Cultura', 'FANEC', 24),
(2909, 'Faculdade Do Estado Do Maranhão', 'FACEM', 21),
(2910, 'Faculdade Verde Norte', 'FAVENORTE', 31),
(2911, 'Faculdade Pan Amazônia', 'FAPAN', 15),
(2912, 'Faculdade De Ciência E Tecnologia Albert Einstein', 'FACTAE', 29),
(2915, 'Faculdade Cidade De Patos De Minas', 'FPM', 31),
(2917, 'Faculdade Brasil Norte', 'FABRAN', 16),
(2918, 'Faculdade De Ensino Superior Da Amazônia Reunida', 'FESAR', 15),
(2922, 'Instituto Superior De Educação De Barretos', 'ISEB', 35),
(2927, 'Faculdade Del Rey', 'FDR', 31),
(2935, 'Faculdade De Talentos Humanos', 'FACTHUS', 31),
(2942, 'Instituto Superior De Educação Franciscano Nossa Senhora De Fátima', 'FATIMA', 53),
(2944, 'Faculdade Do Sul', 'FACSUL', 29),
(2949, 'Faculdade Do Baixo Parnaíba', 'FAP', 21),
(2950, 'Escola Superior De Administração, Direito E Economia', 'ESADE', 43),
(2961, 'Faculdade Do Pantanal Matogrossense', 'FAPAN', 51),
(2964, 'Faculdade Projeção Do Guará', NULL, 53),
(2969, 'Instituto Superior De Educação Ocidente', 'OCIDEMNTE', 29),
(2971, 'Faculdade Barretos', 'FB', 35),
(2973, 'Faculdade De Ciências Humanas E Biológicas E Da Saúde', 'FCHBS', 51),
(2974, 'Faculdade De Ciências Jurídicas E Sociais Aplicadas De Primavera Do Leste', 'FCJSA', 51),
(3001, 'Faculdade Cenecista De Rondonópolis', 'FACER', 51),
(3004, 'Instituto De Ensino Superior Santa Cecília', 'IESC', 27),
(3007, 'Faculdade Do Instituto Nacional De Pós-graduação De Campinas', 'FAC. INPG - CAMPINAS', 35),
(3008, 'Faculdade Do Instituto Nacional De Pós-graduação De São José Dos Campos', 'FACULDADE INPG - SJC', 35),
(3012, 'Fajopa - Faculdade João Paulo Ii', 'FAJOPA', 35),
(3020, 'Faculdade Santa Rita De Cássia', 'UNIFASC', 52),
(3021, 'Instituto Superior De Educação Santa Rita De Cássia', 'ISESC', 52),
(3027, 'Faculdade De Ciências Educacionais E Sistemas Integrados', 'FACESI', 41),
(3029, 'Faculdade Da Amazônia', 'FAAM', 15),
(3034, 'Faculdade Delta', 'FACDELTA', 29),
(3042, 'Christus Faculdade Do Piauí', 'CHRISFAPI', 22),
(3051, 'Faculdade Teológica De Ciências Humanas E Sociais Logos', 'FAETEL', 35),
(3099, 'Faculdade Potiguar Da Paraíba', 'FPB', 25),
(3117, 'Faculdade De Saúde E Desenvolvimento Humano Santo Agostinho', 'FS', 31),
(3146, 'Faculdade De Odontologia Do Recife', 'FOR', 26),
(3148, 'Faculdade Anchieta Do Recife', 'FAR', 26),
(3149, 'Faculdade Pitágoras De Divinópolis - Fpd', 'FPD', 31),
(3151, 'Universidade Comunitária Da Região De Chapecó', 'UNOCHAPECÓ', 42),
(3154, 'Faculdade De Tecnologia Senai Rio Do Sul', 'SENAI RIO DO SUL', 42),
(3155, 'Faculdade De Tecnologia Senai Jaraguá Do Sul', 'FATEC', 42),
(3156, 'Faculdade De Tecnologia Senai Brusque', 'SENAI/SC BRUSQUE', 42),
(3157, 'Instituto Superior De Educação Almeida Rodrigues', 'ISEAR', 52),
(3158, 'Instituto Superior De Educação Anglo-americano De Foz Do Iguaçu', 'ISEAAFI', 41),
(3159, 'Faculdade De Tecnologia Senai Florianópolis', 'SENAI -SC - CTAI', 42),
(3160, 'Instituto Federal De Educação, Ciência E Tecnologia De Alagoas', 'IFAL', 27),
(3161, 'Instituto Federal De Educação, Ciência E Tecnologia Do Sertão Pernambucano', NULL, 26),
(3162, 'Instituto Federal De Educação, Ciência E Tecnologia  De Santa Catarina', 'IF-SC', 42),
(3163, 'Instituto Federal De Educação, Ciência E Tecnologia Do Rio De Janeiro', 'IFRJ', 33),
(3164, 'Instituto Federal De Educação, Ciência E Tecnologia De Mato Grosso', 'IFMT', 51),
(3165, 'Instituto Federal De Educação, Ciência E Tecnologia  Do Triângulo Mineiro', NULL, 31),
(3169, 'Faculdade De Tecnologia Ibta Campinas', 'IBTA', 35),
(3170, 'Faculdades Integradas Associação De Ensino De Santa Catarina', 'FASSESC', 42),
(3171, 'Faculdade Equipe', 'FAE', 43),
(3172, 'Universidade Do Estado Do Amazonas', 'UEA', 13),
(3173, 'Faculdade De Tecnologia Do Comércio', 'FATEC-COMERCIO', 31),
(3176, 'Instituto Superior De Educação Equipe', 'ISEE', 43),
(3177, 'Faculdade De Administração Da Fespsp', 'FADFESPSP', 35),
(3180, 'Instituto Superior De Educação União Das Américas', 'UNIAMÉRICA', 41),
(3182, 'Centro De Ensino Superior Arcanjo Mikael De Arapiraca', 'CESAMA', 27),
(3183, 'Instituto Federal De Educação, Ciência E Tecnologia De Sergipe', 'IFS', 28),
(3184, 'Instituto Federal De Educação, Ciência E Tecnologia De Roraima', 'IFRR', 14),
(3186, 'Faculdade De São Roque', 'FAEV', 35),
(3187, 'Instituto Superior De Educação Coração De Jesus', 'ISECJ', 31),
(3188, 'Instituto Federal De Educação, Ciência E Tecnologia Do Norte De Minas Gerais', 'IFNMG', 31),
(3189, 'Instituto Federal De Educação, Ciência E Tecnologia De Minas Gerais', 'IFMG', 31),
(3190, 'Instituto Superior De Educação De Garça', 'ISEG', 35),
(3192, 'Instituto Superior De Educação De Cajazeiras', 'ISEC', 25),
(3193, 'Faculdades Integradas Dos Campos Gerais', 'CESCAGE', 41),
(3194, 'Faculdade De Minas Bh', 'FAMINAS-BH', 31),
(3203, 'Instituto Superior De Educação Albert Einstein', 'ISALBE', 53),
(3204, 'Faculdade De Quatro Marcos', 'FQM', 51),
(3205, 'Faculdade De Ciências Biológicas E Da Saúde', 'FACISA', 31),
(3209, 'Faculdade De Araçatuba', NULL, 35),
(3215, 'Faculdade Entre Rios Do Piauí', 'FAERPI', 22),
(3216, 'Faculdade De Ciências Da Bahia - Faciba', 'FACIBA', 29),
(3223, 'Escola Superior De Ciências Da Saúde', 'ESCS', 53),
(3224, 'Faculdade De Farmácia E Bioquímica', 'ITPAC', 17),
(3225, 'Faculdade De Enfermagem', 'ITPAC', 17),
(3226, 'Faculdade De Medicina', 'ITPAC', 17),
(3227, 'Faculdade De Sistema De Informação', 'ITPAC', 17),
(3228, 'Faculdade De Administração', 'ITPAC', 17),
(3230, 'Faculdade Luiz Eduardo Magalhães', 'FILEM', 29),
(3232, 'Faculdade Iguaçu', 'FI', 41),
(3238, 'Faculdade De Odontologia', 'ITPAC', 17),
(3252, 'Faculdade Quirinópolis', 'FAQUI', 52),
(3268, 'Faculdade Madre Thais', 'FMT', 29),
(3270, 'Faculdade São Bento Da Bahia', NULL, 29),
(3279, 'Instituto Federal De Educação, Ciência E Tecnologia Do Sudeste De Minas Gerais', 'IFSEMG', 31),
(3285, 'Faculdade Santo Antonio', 'FSA', 29),
(3294, 'Faculdade De Tecnologia Eniac-fapi', 'ENIAC', 35),
(3295, 'Faculdade De Tecnologia Senac Florianópolis', 'SENAC FLORIANÓPOLIS', 42),
(3299, 'Faculdade De Tecnologia Informática', 'FATI', 23),
(3302, 'Instituto Superior De Educação De Junqueirópolis', 'ISEJ', 35),
(3303, 'Faculdades Integradas Mato-grossenses De Ciências Sociais E Humanas', 'ICE', 51),
(3304, 'Faculdades Integradas De Patos', 'FIP', 25),
(3306, 'Faculdade De Tecnologia Ipuc', 'FATIPUC', 43),
(3307, 'Faculdade Ined De Rio Claro', 'CBTA', 35),
(3308, 'Faculdade De Tecnologia Termomecânica', 'FTT', 35),
(3309, 'Faculdade De Tecnologia Internacional', 'FATEC INTERNACIONAL', 41),
(3311, 'Faculdade De Tecnologia São Francisco', 'FATESF', 32),
(3319, 'Faculdade De Ensino Superior De Catalão', 'FACULDADE CESUC', 52),
(3323, 'Instituto De Educação E Ensino Superior De Campinas', 'IESCAMP', 35),
(3332, 'Faculdade De Tecnologia Senac Rio', 'FATEC', 33),
(3333, 'Faculdade De Tecnologia Tecbrasil', 'Ftec Caxias do Sul', 43),
(3336, 'Universidade Estadual Do Rio Grande Do Sul', 'UERGS', 43),
(3337, 'Faculdade De Tecnologia De Teresina', 'FACULDADE CET', 22),
(3339, 'Faculdade De Getúlio Vargas', 'FACULDADE IDEAU', 43),
(3360, 'Instituto De Educação Superior Presidente Kennedy - Centro De Formação De Profissionais De Educação', 'IFESP', 24),
(3363, 'Faculdade Guaraí', 'FAG', 17),
(3365, 'Faculdade São Francisco De Juazeiro', 'FASJ', 29),
(3367, 'Instituto Superior De Educação De Oliveira', 'ISEOL', 31),
(3368, 'Centro Universitário Do Sul De Minas', 'UNIS-MG', 31),
(3371, 'Centro Universitário De Patos De Minas', 'UNIPAM', 31),
(3372, 'Centro Universitário De Lavras', 'UNILAVRAS', 31),
(3375, 'Instituto De Ensino Superior Múltiplo', 'IESM', 21),
(3376, 'Faculdade De Teologia Integrada', 'FATIN', 26),
(3377, 'Faculdade Montessoriano De Salvador', 'FAMA', 29),
(3380, 'Faculdade Missioneira Do Paraná', 'FAMIPAR', 41),
(3388, 'Faculdade Paraíso Do Ceará', 'FAP', 23),
(3389, 'Faculdade Raízes', 'SER', 52),
(3392, 'Faculdade Da Academia Brasileira De Educação E Cultura', 'FABEC', 33),
(3393, 'Faculdade De Ensino Superior Dom Bosco', 'FACDOMBOSCO', 41),
(3396, 'Faculdade Ls', 'FACELS', 53),
(3397, 'Faculdade Boas Novas De Ciências Teológicas, Sociais E Biotecnológicas', 'FBNCTSB', 13),
(3400, 'Faculdade De Saúde De São Paulo', 'FASSP', 35),
(3411, 'Faculdade Eça De Queiros', 'FACEQ', 35),
(3427, 'Faculdade José Augusto Vieira', 'FJAV', 28),
(3428, 'Faculdade Alfa', 'FA', 35),
(3430, 'Faculdade De Marketing E Negócios', 'UNIESSA', 31),
(3431, 'Faculdade Do Seridó', 'FAS', 24);
INSERT INTO `Instituicao` (`CodInstituicao`, `NomeInstituicao`, `SiglaInstituicao`, `CodUF`) VALUES
(3432, 'Faculdades Integradas De Ciências Humanas, Saúde E Educação De Guarulhos', 'FG', 35),
(3434, 'Faculdade De Saúde Ibituruna', 'FASI', 31),
(3436, 'Faculdade De Araraquara', 'FS', 35),
(3437, 'Faculdade Do Litoral Catarinense', 'FLC', 42),
(3443, 'Faculdade Inedi', 'CESUCA', 43),
(3448, 'Instituto Superior De Educação Ibituruna', 'ISEIB', 31),
(3456, 'Faculdade Politécnica De Campinas', 'POLICAMP', 35),
(3459, 'Instituto De Ensino Superior E Pesquisa', 'INESP', 31),
(3460, 'Instituto Superior De Ensino E Pesquisa De Ituiutaba', 'ISEPI', 31),
(3461, 'Faculdade De Filosofia De Passos', 'FAFIPA', 31),
(3462, 'Faculdade De Enfermagem De Passos', 'FAENPA', 31),
(3463, 'Faculdade De Direito De Passos', 'FADIPA', 31),
(3464, 'Faculdade De Engenharia De Passos', 'FEP', 31),
(3465, 'Faculdade De Informática De Passos', 'FIP', 31),
(3466, 'Faculdade De Serviço Social De Passos', 'FASESP', 31),
(3467, 'Faculdade De Nutrição Da Fundação De Ensino Superior De Passos', 'FANUTRI', 31),
(3469, 'Faculdade De Administração De Passos', 'FAP', 31),
(3470, 'Faculdade Educação Física De Passos', 'FADEF', 31),
(3471, 'Faculdade De Moda De Passos', 'FAMOPA', 31),
(3476, 'Faculdade De Filosofia E Letras De Diamantina', 'FAFIDIA', 31),
(3477, 'Faculdade De Filosofia Ciências E Letras Nossa Senhora De Sion', 'FAFI/SION', 31),
(3478, 'Faculdade De Ciências Exatas E Humanas Da Campanha', 'FCCP', 31),
(3480, 'Faculdade De Ciências Jurídicas De Diamantina', 'FCJ', 31),
(3482, 'Instituto Superior De Educação De Divinópolis', 'ISED', 31),
(3483, 'Instituto Superior De Educação De Cláudio', 'ISEC', 31),
(3485, 'Instituto Superior De Educação Do Alto São Francisco', 'ISAF', 31),
(3486, 'Instituto Superior De Educação De Ituiutaba', 'ISEDI', 31),
(3487, 'Faculdade Senac/rs', 'SENACRS', 43),
(3488, 'Centro De Ensino Superior De Conselheiro Lafaiete', 'CES-CL', 31),
(3495, 'Faculdade Pinhalzinho', 'HORUS', 42),
(3502, 'Faculdade Da Fronteira - Faf', 'FAF', 41),
(3506, 'Faculdade De Ciências Educacionais De Sergipe', 'FCES', 28),
(3507, 'Faculdade De Administração De Empresas Ibrafem', 'IBRAFEM', 35),
(3509, 'Faculdade Vicentina - Favi', 'FAVI', 41),
(3513, 'Faculdade De Presidente Venceslau', 'FAPREV', 35),
(3514, 'Faculdade De Ciências Gerenciais Alves Fortes', 'FACE - ALFOR', 31),
(3515, 'Faculdades Integradas Da Vitória De Santo Antão', 'FAINTVISA', 26),
(3516, 'Faculdade De Ciências Da Saúde Archimedes Theodoro', 'FAC - SAUDE ARTHE', 31),
(3518, 'Faculdade Jangada', 'FJ', 42),
(3522, 'Faculdade Católica De Pouso Alegre', 'FACAPA', 31),
(3523, 'Faculdade De Direito Da Fundação Escola Superior Do Ministério Público', NULL, 43),
(3525, 'Faculdade Evangélica De Tecnologia, Ciências E Biotecnologia Da Cgadb', 'FAECAD', 33),
(3529, 'Centro Universitário Eurípedes De Marília', 'UNIVEM', 35),
(3530, 'Faculdade De Nanuque', 'FANAN', 31),
(3533, 'Faculdade Ceres', 'FACERES', 35),
(3536, 'Faculdade De Teologia Evangélica Em Curitiba - Fatev', 'FATEV', 41),
(3538, 'Faculdades Integradas Sévigné', 'FAE SÉVIGNÉ', 43),
(3541, 'Faculdade Anglicana De Tapejara', 'FAT', 43),
(3542, 'Instituto De Ensino Superior De Minas Gerais', 'IESMIG', 31),
(3543, 'Faculdade Novo Hamburgo', 'FACULDADE IENH', 43),
(3568, 'Faculdade De Desenvolvimento E Integração Regional', 'FADIRE', 26),
(3573, 'Faculdade Teológica Batista De Brasília', 'FTBB', 53),
(3584, 'Instituto Superior De Educação Santa Cruz', 'ISED', 26),
(3585, 'Faculdade Santa Cruz', 'FACRUZ', 26),
(3587, 'Faculdade Diocesana São José', 'FADISI', 12),
(3588, 'Faculdade Dom Pedro Ii', 'FDPII', 29),
(3590, 'Faculdade De Enfermagem São Vicente De Paula', 'FESVIP', 25),
(3596, 'Faculdade América Latina', NULL, 43),
(3602, 'Faculdades Integradas Do Brasil', 'FACBRASIL', 41),
(3603, 'Faculdades Integradas Torricelli', 'FIT', 35),
(3607, 'Escola Superior Associada De Goiânia', 'ESUP', 52),
(3609, 'Faculdades Integradas Ipitanga', 'UNIBAHIA', 29),
(3610, 'Faculdades Integradas Promove De Brasilia', NULL, 53),
(3611, 'Faculdades Integradas Da União De Ensino Superior Certo', 'UNICERTO', 53),
(3612, 'Faculdade Anhanguera De Valinhos', NULL, 35),
(3613, 'Faculdades Integradas Iesgo', 'IESGO', 52),
(3614, 'Escola Superior De Ciências Sociais', 'FGV', 33),
(3615, 'Faculdade Pernambucana De Saúde', 'FPS', 26),
(3617, 'Faculdade De Ciências Humanas E Exatas Do Sertão Do São Francisco', 'FACESF', 26),
(3618, 'Faculdade Mario Schenberg', 'FMS', 35),
(3625, 'Faculdade Católica Nossa Senhora Das Vitórias', 'FCNSV', 24),
(3631, 'Faculdade Damas Da Instrução Cristã', 'FADIC', 26),
(3641, 'Centro Universitário Da Fundação Educacional De Barretos', 'UNIFEB', 35),
(3644, 'Faculdade Católica Santa Teresinha', 'FCST', 24),
(3648, 'Faculdade Anhanguera De Cuiabá', 'FAC', 51),
(3649, 'Faculdade Cidade Verde', 'FCV', 41),
(3657, 'Faculdade De Computação De Montes Claros', 'FACOMP', 31),
(3663, 'Faculdade Evangélica', 'FE', 53),
(3667, 'Faculdade Filadélfia', 'FAFIL', 35),
(3669, 'Faculdade Dom Luis De Orleans E Bragança', 'FARRP', 29),
(3675, 'Sinal - Faculdade De Teologia E Filosofia', 'SINAL', 12),
(3680, 'Faculdade De Tecnologia Darcy Ribeiro', 'FTDR', 23),
(3682, 'Instituto Superior De Educação Do Município De Itaperuna', 'ISEMI', 33),
(3683, 'Faculdade Unilagos', 'UNILAGOS', 41),
(3684, 'Fundação De Ensino Superior De Clevelândia', 'FESC', 41),
(3688, 'Faculdades Integradas Do Vale Do Ivaí', NULL, 41),
(3690, 'Faculdade Pedro Ii', 'FAPE2', 31),
(3691, 'Faculdade De Tecnologia Tupy De São Bento Do Sul', 'FTT-SBS', 42),
(3692, 'Faculdade De Tecnologia Ipep De Campinas', 'FATEC CAMPINAS', 35),
(3697, 'Faculdade De Tecnologia Saint Pastous', 'FSP', 43),
(3699, 'Faculdade Portal', 'PORTAL', 43),
(3710, 'Escola Superior Nacional De Seguros', 'ESNS', 33),
(3716, 'Faculdade Ciências Da Vida', 'FCV', 31),
(3724, 'Faculdade Maranhense São José Dos Cocais', 'FSJ', 21),
(3741, 'Faculdade De Educação De Bacabal - Febac', 'FEBAC', 21),
(3743, 'Faculdade De Tecnologia São Francisco', 'FATESF', 35),
(3746, 'Faculdade Paulista De Pesquisa E Ensino Superior', 'FAPPES', 35),
(3753, 'Faculdades Integradas Dom Pedro Ii', 'DOMPEDRO', 35),
(3754, 'Faculdades Integradas Adventistas De Minas Gerais', 'FADMINAS', 31),
(3756, 'Faculdade De Almenara', 'ALFA', 31),
(3757, 'Faculdade Serra Da Mesa', 'FASEM', 52),
(3758, 'Centro De Educação Superior Única', 'UNICA', 42),
(3760, 'Faculdade Omni', 'OMNI', 33),
(3768, 'Faculdade Ibgen - Instituto Brasileiro De Gestão De Negócios', 'IBGEN', 43),
(3769, 'Faculdade Madre Tereza', 'FAMAT', 16),
(3770, 'Faculdade Teológica Batista De São Paulo', 'FTBSP', 35),
(3772, 'Faculdade De Tecnologia Pastor Dohms', 'TECNODOHMS', 43),
(3774, 'Faculdade São Tomaz De Aquino', 'FSTA', 29),
(3775, 'Instituto Uvb.br', 'IUVB', 35),
(3776, 'Instituto De Ensino Superior De Mato Grosso', 'IESMT', 51),
(3777, 'Instituto De Ensino Superior De Curitiba', 'IESC', 41),
(3778, 'Faculdade De Aracaju', 'FACAR', 28),
(3779, 'Faculdade De Tecnologia Radial Santo André', 'FATEC  RADIAL', 35),
(3782, 'Faculdade De Tecnologia Cachoeiro De Itapemirim', 'FACI', 32),
(3783, 'Faculdade Paraense De Ensino', 'FAPEN', 15),
(3784, 'Instituto De Ensino Superior Do Rio Grande Do Norte', 'IESRN', 24),
(3785, 'Instituto Maranhense De Ensino E Cultura', 'IMEC', 21),
(3786, 'Faculdade De Ensino De Minas Gerais', 'FACEMG', 31),
(3787, 'Faculdade De Ensino Superior Da Amazônia', 'FESAM', 16),
(3788, 'Faculdade Juiz De Fora', 'FJF', 31),
(3789, 'Faculdade Evangélica De Goianésia', NULL, 52),
(3790, 'Faculdade De Tecnologia Ensitec', 'ENSITEC', 41),
(3793, 'Faculdade Frutal', 'FAF', 31),
(3794, 'Faculdade De Tecnologia De Minas Gerais', 'FATEMG', 31),
(3797, 'Faculdade Guairacá', 'FAG', 41),
(3803, 'Faculdade Jauense', NULL, 35),
(3804, 'Faculdade De Tecnologia Senac Do Rio Grande Do Sul', 'SENAC/RS', 43),
(3805, 'Faculdade De Tecnologia Da Paraíba', 'FATECPB', 25),
(3807, 'Faculdade De Tecnologia Iapec', 'IAPEC', 41),
(3815, 'Faculdade De Direito De Alta Floresta', NULL, 51),
(3817, 'Faculdade Maurício De Nassau De João Pessoa', 'FMN JOÃO PESSOA', 25),
(3823, 'Instituto De Educação Superior De Pouso Alegre', 'FAPA', 31),
(3826, 'Faculdade Vasco Da Gama', 'FVG', 29),
(3838, 'Faculdade De Tecnologia Do Uniuol', 'UNIUOL', 25),
(3839, 'Faculdade De Tecnologia Novo Rumo', NULL, 31),
(3840, 'Centro Universitário Facvest', 'FACVEST', 42),
(3847, 'Faculdade Baiana De Direito E Gestão', NULL, 29),
(3849, 'Fundação Universidade Federal Do Tocantins', 'UFT', 17),
(3853, 'Faculdade Maurício De Nassau De Natal', 'FMN NATAL', 24),
(3854, 'Faculdade Das Águas Emendadas - Fae', 'FAE', 53),
(3862, 'Faculdade Luciano Feijão', 'FLF', 23),
(3864, 'Faculdade Regional De Alagoinhas', 'FARAL', 29),
(3866, 'Faculdade Brasileira De Educação E Cultura', 'FABEC BRASIL', 52),
(3867, 'Faculdade Mauá De Brasília', 'MAUADF', 53),
(3869, 'Instituto Florence De Ensino Superior', 'IFES', 21),
(3874, 'Escola Superior Professor Paulo Martins', 'ESPAM', 53),
(3875, 'Centro Universitário Da Fundação Educacional Guaxupé', 'UNIFEG', 31),
(3876, 'Avm - Faculdade Integrada', 'IAVM', 33),
(3877, 'Faculdade Brasil Central', 'FBC', 52),
(3878, 'Faculdade Decision De Negócios', 'FACULDADE DECISION', 43),
(3879, 'Faculdade Maurício De Nassau De Campina Grande', 'FMN CG', 25),
(3881, 'Faculdade De Integração Do Sertão', 'FIS', 26),
(3896, 'Faculdade Mundial', NULL, 35),
(3920, 'Faculdade De Tecnologia Senai Roberto Mange', 'FATEC SENAI RM', 52),
(3921, 'Faculdade Arnaldo Horácio Ferreira', 'FAAHF', 29),
(3930, 'Instituto De Educação Superior Raimundo Sá', 'IESRSA', 22),
(3933, 'Faculdade Método De São Paulo', 'FAMESP', 35),
(3936, 'Faculdade Anhanguera De Limeira', NULL, 35),
(3937, 'Faculdade Anhanguera De Indaiatuba', NULL, 35),
(3939, 'Faculdade Aliança', NULL, 52),
(3940, 'Faculdade De Ensino Superior Santa Barbara', 'FAESB', 35),
(3946, 'Faculdade De Tecnologia Senac Tubarão', 'SENAC', 42),
(3947, 'Faculdade De Tecnologia Senac Chapecó', 'SENAC', 42),
(3948, 'Faculdade De Tecnologia Senac Blumenau', 'SENAC', 42),
(3951, 'Faculdade De Tecnologia Luiz Adelar Scheuer', 'FATEC- JF', 31),
(3954, 'Faculdade De Ciências Jurídicas E Gerenciais De Oliveira', 'FACIJUGO', 31),
(3955, 'Faculdades Integradas De Cataguases', 'FIC', 31),
(3962, 'Faculdade De Tecnologia Senai Cimatec', 'SENAI CIMATEC', 29),
(3963, 'Instituto Superior De Educação Carlos Chagas', 'ISECC', 31),
(3966, 'Centro Universitário De Caratinga', 'UNEC', 31),
(3972, 'Centro Superior De Ensino E Pesquisa De Machado', 'CESEP', 31),
(3974, 'Universidade De Rio Verde', 'FESURV', 52),
(3975, 'Faculdade São Francisco De Piumhi', 'FASPI', 31),
(3977, 'Faculdade De Tecnologia Do Amapá', 'META', 16),
(3978, 'Faculdade De Tecnologia Pentágono', 'FATEP', 35),
(3979, 'Faculdade De Bauru', '-', 35),
(3980, 'Faculdade De Tecnologia Cenacap', 'CENACAP', 53),
(3981, 'Faculdade De Tecnologia Integral', 'CETI', 41),
(3983, 'Centro Universitário De Formiga', 'UNIFORMG', 31),
(3984, 'Fundação Universidade Federal Do Vale Do São Francisco', 'UNIVASF', 26),
(3985, 'Centro Universitário Senac', 'SENACSP', 35),
(3986, 'Instituto Superior De Educação Do Paraná', 'INSEP', 41),
(3987, 'Faculdade União De Goyazes', 'FUG', 52),
(3989, 'Faculdade De Tecnologia De João Pessoa', 'FATEC', 25),
(3990, 'Faculdade De Tecnologia Anchieta', 'FTA', 35),
(3991, 'Faculdade De Tecnologia São Mateus', 'FATESM', 11),
(3992, 'Faculdade Jk - Asa Norte', '-', 53),
(3993, 'Faculdade De Tecnologia Cetep', 'CETEP', 41),
(3995, 'Faculdade Evangélica Cristo Rei', 'FECR', 22),
(3996, 'Faculdade Senac Pernambuco', 'SENACPE', 26),
(3998, 'Faculdade De Tecnologia Infnet Rio De Janeiro', 'INSTITUTO INFNET', 33),
(4000, 'Faculdade De Ensino Superior Do Interior Paulista', 'FAIP', 35),
(4005, 'Faculdade Cenecista De Senhor Do Bonfim', 'FACESB', 29),
(4006, 'Faculdade De Tecnologia Senac Pelotas', 'FATEC SENAC PELOTAS', 43),
(4007, 'Fatece - Faculdade De Tecnologia, Ciências E Educação', 'FATECE', 35),
(4008, 'Faculdade De Tecnologia Senac Passo Fundo', 'SENAC PASSO FUNDO', 43),
(4009, 'Faculdade De Tecnologia Radial Curitiba', 'FATEC RADIAL CTBA', 41),
(4010, 'Centro Universitário Metodista', 'IPA', 43),
(4013, 'Faculdade Anhanguera De Rio Claro', NULL, 35),
(4016, 'Instituto Nacional De Educação De Surdos', 'INES', 33),
(4017, 'Centro Universitário Padre Anchieta', 'UNIANCHIETA', 35),
(4020, 'Faculdade De Tecnologia De Botucatu', 'FATEC BT', 35),
(4021, 'Faculdade De Tecnologia De Garça', 'FATECGA', 35),
(4022, 'Faculdade De Tecnologia De Jundiaí', 'FATEC/JD', 35),
(4023, 'Faculdade De Tecnologia De Mauá', 'FATEC MAUÁ', 35),
(4024, 'Faculdade De Tecnologia De Mococa', 'FATEC', 35),
(4025, 'Faculdade De Tecnologia De São José Do Rio Preto', 'FATECRP', 35),
(4026, 'Faculdade De Tecnologia Zona Leste', 'FATEC-ZL', 35),
(4028, 'Faculdade De Itapecerica Da Serra', 'FIT', 35),
(4029, 'Faculdade Politec', 'FAP', 35),
(4030, 'Centro Universitário Fluminense', 'UNIFLU', 33),
(4036, 'Faculdade De Tecnologia De Catalão', 'FATECA', 52),
(4037, 'Faculdade De Tecnologia Intensiva', 'FATECI', 23),
(4043, 'Faculdade Tecnologia Eduvale - Avaré', 'FATEC EDUVALE', 35),
(4045, 'Faculdade De Tecnologia Tupy Curitiba', 'FTT-CWB', 41),
(4053, 'Centro De Educação Superior Barnabita', 'CESB', 31),
(4059, 'Faculdade De Ciências Gerenciais', NULL, 35),
(4064, 'Faculdade De Tecnologia Fama', 'FAMA', 26),
(4066, 'Faculdade Batista Do Estado Do Rio De Janeiro - Faberj', 'FABERJ', 33),
(4068, 'Instituto Superior De Educação Do Icesp', 'ISE-ICESP', 53),
(4077, 'Faculdade De Tecnologia De Gravataí', 'FAQI', 43),
(4079, 'Faculdade Tecnológica Inap', 'FAT- INAP', 31),
(4086, 'Faculdade De Tecnologia Jardim', 'FATEJ', 35),
(4090, 'Faculdade De Roseira', 'FARO', 35),
(4092, 'Faculdade De Tecnologia Pedro Rogério Garcia', 'FATTEP', 42),
(4093, 'Faculdade De Tecnologia De Curitiba', 'FATEC-PR', 41),
(4094, 'Faculdade De Tecnologia Ibratec De João Pessoa', 'UNIBRATEC', 25),
(4095, 'Faculdade De Tecnologia Equipe Darwin', 'FTED', 53),
(4096, 'Faculdade De Tecnologia Tecbrasil - Unidade Porto Alegre', 'Ftec Porto Alegre', 43),
(4097, 'Faculdade De Tecnologia Tecbrasil - Unidade Bento Gonçalves', 'Ftec Bento Gonçalves', 43),
(4098, 'Instituto Federal De Educação, Ciência E Tecnologia Farroupilha', 'IFFarroupilha', 43),
(4100, 'Faculdade De Tecnologia Senai Ítalo Bologna', 'FATECIB', 52),
(4101, 'Faculdade De Tecnologia Senai De Desenvolvimento Gerencial', 'FATESG', 52),
(4104, 'Escola Superior De Engenharia E Gestão De São Paulo - Eseg', 'ESEG', 35),
(4107, 'Faculdade De Tecnologia Senai Porto Alegre', 'FATEC SENAI', 43),
(4108, 'Instituto Católico De Estudos Superiores Do Piauí', 'ICESPI', 22),
(4113, 'Faculdade De Ceres', 'FACERES', 52),
(4118, 'Faculdade Joaquim Nabuco - Paulista', 'FJN', 26),
(4121, 'Faculdade Tobias Barreto', 'FTB', 28),
(4123, 'Faculdade Jataiense', 'FAJA', 52),
(4126, 'Faculdade De Ciências Sociais Aplicadas E De Tecnologias De Agua Boa', 'FACESA', 51),
(4138, 'Faculdade Anhanguera De Santa Bárbara', NULL, 35),
(4141, 'Faculdade Anhanguera De Taubaté', NULL, 35),
(4146, 'Faculdade De Ciências Jurídicas De Alagoas', 'FCJAL', 27),
(4148, 'Faculdade De Tecnologia Senai São José', 'SENAISC', 42),
(4149, 'Faculdade De Tecnologia Senai Itajaí', 'FATEC SENAI ITAJAÍ', 42),
(4150, 'Faculdade De Tecnologia De Piracicaba', 'FATEP', 35),
(4153, 'Faculdade Joaquim Nabuco Recife', 'FJN', 26),
(4157, 'Faculdade Metropolitana De Rio Do Sul', 'FAMESUL', 42),
(4162, 'Faculdade De Tecnologia Senac Goiás', NULL, 52),
(4163, 'Centro Universitário Barriga Verde', 'UNIBAVE', 42),
(4166, 'Centro De Ensino Superior De Uberaba', 'CESUBE', 31),
(4169, 'Faculdade Nossa Cidade', 'FNC', 35),
(4173, 'Faculdade De Tecnologia Paulo Freire', 'FATEP-DF', 53),
(4178, 'Faculdade Evilásio Formiga', 'FEF', 25),
(4179, 'Faculdade Nazarena Do Brasil', 'FNB', 35),
(4185, 'Faculdade Peruibe', 'FPBE', 35),
(4197, 'Faculdade Aliança', 'FACE', 22),
(4198, 'Faculdade Mineirense', 'FAMA', 52),
(4199, 'Faculdade De Tecnologia Rogacionista', 'ROGA', 53),
(4200, 'Faculdade De Comunicação Social De Passos', 'FACOMP', 31),
(4201, 'Faculdade De Ensino Superior Do Nordeste', 'FAESNE', 25),
(4204, 'Faculdade De Tecnologia Ined - Unidade Ipatinga', 'FATEC IPATINGA', 31),
(4209, 'Faculdade De Tecnologia César Lattes', NULL, 35),
(4218, 'Faculdade De Direito De Pedro Leopoldo', 'FADIPEL', 31),
(4219, 'Instituto Superior De Educação Professora Nair Fortes Abu-merhy', 'ISEFOR', 31),
(4222, 'Instituto Superior De Educação De Matias Barbosa', 'ISEMB', 31),
(4239, 'Faculdade Ação', 'FCTVALE', 42),
(4251, 'Faculdade De Tecnologia Ined - Unidade Lagoa Da Pampulha', 'FATEC/PITÁGORAS', 31),
(4255, 'Faculdades Integradas De Cacoal', 'UNESC', 11),
(4256, 'Faculdades Integradas Pitágoras', 'FIP-MOC', 31),
(4257, 'Instituto De Filosofia E Teologia De Goiás', 'IFITEG', 52),
(4259, 'Faculdade De Inhumas - Fac-mais', 'FACMAIS', 52),
(4261, 'Faculdade De Tecnologia De Porto Alegre', 'FAQI', 43),
(4277, 'Faculdade Literatus', 'FAL', 13),
(4289, 'Faculdade Do Vale Elvira Dayrell - Faved', 'FAVED', 31),
(4293, 'Faculdade Integração Tiete', 'FIT', 35),
(4294, 'Faculdade De Tecnologia Senac Jaraguá Do Sul', NULL, 42),
(4295, 'Faculdade De Tecnologia Senai Cetind', NULL, 29),
(4329, 'Faculdade Do Centro Educacional Mineiro - Facem', 'FACEM-BH', 31),
(4330, 'Faculdade De Tecnologia América Do Sul', NULL, 41),
(4355, 'Faculdade De Tecnologia De Palmas', 'FTP', 17),
(4356, 'Faculdade De Ciências Sociais Dos Palmares', 'FACIP', 26),
(4357, 'Faculdade De Tecnologia Álvares De Azevedo', 'FAATESP', 35),
(4358, 'Instituto Federal De Educação, Ciência E Tecnologia Do Sul De Minas Gerais', 'IF SUL DE MINAS', 31),
(4362, 'Faculdade Pitágoras De Betim', 'PITÁGORAS-BETIM', 31),
(4367, 'Faculdade Terra Nordeste', 'FATENE', 23),
(4371, 'Faculdade Padre Anchieta De Cajamar', NULL, 35),
(4394, 'Faculdade De Educação Física De Araguaína', 'ITPAC', 17),
(4396, 'Faculdades Integradas De Mineiros', 'FIMES', 52),
(4398, 'Instituto Superior De Educação De Goiana', 'I.S.E.G.', 26),
(4399, 'Faculdade De Balsas', 'UNIBALSAS', 21),
(4411, 'Faculdade Panamericana De Ji-paraná', NULL, 11),
(4416, 'Faculdade Jk - Unidade I - Gama', NULL, 53),
(4417, 'Faculdade De Enfermagem De Belo Jardim', 'FAEB', 26),
(4420, 'Faculdades Integradas Barros Melo', 'FIBAM', 26),
(4421, 'Faculdade De Tecnologia Senai Belo Horizonte', 'FATEC SENAI BH', 31),
(4428, 'Faculdade Professor Miguel Ângelo Da Silva Santos', 'FEMASS', 33),
(4429, 'Faculdade Unigran Capital', 'UNIGRAN CAPITAL', 50),
(4431, 'Faculdade De Enfermagem Nova Esperança De Mossoró - Facene/rn', 'FACENE/RN', 24),
(4435, 'Faculdade São Paulo', 'FACSP', 35),
(4442, 'Escola Superior Paulista De Administração - Espa', 'ESPA', 35),
(4443, 'Faculdade Rio Claro', NULL, 43),
(4446, 'Faculdade Cidade De Guanhães - Facig', 'FACIG', 31),
(4450, 'Faculdade Metropolitana Da Amazônia', 'FAMAZ', 15),
(4452, 'Faculdade Metropolitana De Marabá', 'METROPOLITANA', 15),
(4460, 'Faculdade Dom Pedro Ii De Tecnologia', 'FAB', 29),
(4492, 'Faculdade Paschoal Dantas', 'FPD', 35),
(4495, 'Faculdade Anhanguera Jaraguá Do Sul', 'FATEJA', 42),
(4496, 'Faculdade De Tecnologia Do Vale Do Ivaí', 'FATEC-IVAI', 41),
(4502, 'Faculdades Integradas Campo-grandenses', 'FIC', 33),
(4503, 'Universidade Federal Do Recôncavo Da Bahia', 'UFRB', 29),
(4504, 'Fundação Universidade Federal Da Grande Dourados', 'UFGD', 50),
(4518, 'Faculdade Regional Palmitos', 'FAP', 42),
(4522, 'Centro Universitário Católico Salesiano Auxilium', 'UNISALESIANO', 35),
(4530, 'Faculdade Integrada Tiradentes', 'FITS', 27),
(4531, 'Faculdade Adventista Da Bahia', 'FADBA', 29),
(4532, 'Faculdade De Tecnologia Senai Campo Grande', NULL, 50),
(4533, 'Faculdade São Francisco Da Paraíba', 'FASP', 25),
(4534, 'Faculdade De Tecnologia Herrero', 'FATEC', 41),
(4538, 'Faculdade Parque', 'FAP', 29),
(4566, 'Faculdade De Excelência Educacional Do Rio Grande Do Norte', 'SUDERN', 24),
(4567, 'Faculdade Centro Mato-grossense', NULL, 51),
(4584, 'Faculdade De Tecnologia Machado De Assis', 'FAMA', 41),
(4586, 'Faculdade Do Norte Goiano', 'FNG', 52),
(4588, 'Faculdade Apogeu', 'APOGEU', 53),
(4590, 'Faculdade De Tecnologia Fatep', 'FATEP', 35),
(4592, 'Faculdade De Ouro Preto Do Oeste', 'UNEOURO', 11),
(4594, 'Faculdade Católica De Rondonia', 'FCR', 11),
(4596, 'Faculdade De Administração E Negócios Em Ribeirão Preto', NULL, 35),
(4597, 'Faculdade De Ciências Gerenciais Em Votuporanga', NULL, 35),
(4598, 'Faculdade De Ciências Gerenciais Barão De Jundiaí', 'FCG', 35),
(4605, 'Faculdade De Ensino Superior Km 125', NULL, 41),
(4610, 'Faculdade De Tecnologia Assessoritec', NULL, 42),
(4613, 'Faculdade De Educação E Meio Ambiente', 'FAEMA', 11),
(4616, 'Faculdade Anhanguera De Caxias Do Sul', 'FACS', 43),
(4629, 'Faculdade De Tecnologia Fundetec', 'FATEF', 35),
(4630, 'Faculdade De Tecnologia Tecmed', 'TECMED', 35),
(4631, 'Faculdade Anglo-americano De João Pessoa', 'FAAJP', 25),
(4632, 'Faculdade Anglo-americano De Caxias Do Sul', 'FAACS', 43),
(4633, 'Faculdade Anglo-americano De Passo Fundo', 'FAAPF', 43),
(4652, 'Faculdade Anhangüera De São José', NULL, 35),
(4655, 'Faculdade Anhangüera De Sorocaba', 'FSO', 35),
(4656, 'Faculdade Anhangüera De Piracicaba', NULL, 35),
(4661, 'Faculdade De Agronegócio Paraíso Do Norte', 'FAPAN', 41),
(4667, 'Faculdade Rio Sono', 'RISO', 17),
(4669, 'Faculdade Delta', 'FACULDADE DELTA', 52),
(4674, 'Faculdade Porto Das Águas', 'FAPAG', 42),
(4681, 'Faculdade Centro Paulistano', NULL, 35),
(4693, 'Faculdade De Tecnologia De Nova Andradina', NULL, 50),
(4699, 'Faculdade Noroeste', '-', 52),
(4700, 'Faculdade Nova Roma', 'FNR', 26),
(4702, 'Faculdade De Tecnologia Gestão & Marketing', 'IBGM / FGM', 26),
(4714, 'Faculdade Alternativa De Ensino Superior Do Agreste - Faesa', NULL, 27),
(4721, 'Escola Dominicana De Teologia', NULL, 35),
(4722, 'Faculdades Integradas Vianna Júnior', 'FIVJ', 31),
(4724, 'Faculdade De Ciências Humanas De Cruzeiro', 'FACIC', 35),
(4725, 'Faculdade De Tecnologia Egídio José Da Silva', 'FATEGIDIO', 31),
(4729, 'Faculdade Cenecista De Rio Bonito', 'FACERB', 33),
(4731, 'Faculdade Messianica', NULL, 35),
(4732, 'Faculdade De Tecnologia Senac Df', 'FAC SENAC DF', 53),
(4739, 'Faculdade Presbiteriana Augusto Galvão', 'FAPAG', 29),
(4740, 'Faculdade De Patrocinio', 'IESP', 31),
(4742, 'Faculdade Santa Emília', NULL, 26),
(4746, 'Faculdade Católica Do Cariri', NULL, 23),
(4747, 'Faculdade Regional De Riachão Do Jacuípe', 'FARJ', 29),
(4748, 'Faculdade De Tecnologia De Santa Catarina', 'FATESC', 42),
(4751, 'Faculdade De Tecnologia E Ciencias Do Norte Do Paraná', 'FATECIE', 41),
(4756, 'Centro Universitário Municipal De São José', 'USJ', 42),
(4765, 'Faculdade De Tecnologia Alfa De Umuarama', NULL, 41),
(4766, 'Faculdade Una De Contagem', 'FUNAC', 31),
(4773, 'Faculdade Bi Minas', 'FACULDADE IBS', 31),
(4777, 'Faculdade Kennedy De Belo Horizonte', 'FKBH', 31),
(4780, 'Facisa-unai Faculdade De Ciências Da Saúde De Unaí', 'FACISA-UNAI', 31),
(4784, 'Faculdade De Tecnologia Cdl De Fortaleza', NULL, 23),
(4785, 'Instituto Federal De Educação Ciência E Tecnologia De Rondônia', 'IFRO', 11),
(4786, 'Instituto Federal De Educação, Ciência E Tecnologia Do Tocantins', 'IFTO', 17),
(4791, 'Faculdade De Tecnologia Centec - Cariri', 'CENTEC', 23),
(4793, 'Faculdades Integradas De Itararé', 'FAFIT-FACIC', 35),
(4810, 'Faculdade Antônio Meneghetti', 'AMF', 43),
(4814, 'Faculdade De Tecnologia Senai Felix Guisard', NULL, 35),
(4815, 'Faculdade De Tecnologia Senai Nadir Dias De Figueiredo', NULL, 35),
(4817, 'Faculdade De Tecnologia Senai Anchieta', NULL, 35),
(4819, 'Faculdade De Tecnologia Senai Mariano Ferraz', NULL, 35),
(4820, 'Faculdade De Tecnologia Senai Antônio Adolpho Lobbe', NULL, 35),
(4821, 'Faculdade De Ciências Gerenciais E Empreendedorismo - Facige', 'FACIGE', 31),
(4823, 'Faculdade De Tecnologia Evolução', 'FECET', 23),
(4826, 'Faculdade Anhangüera De Campinas', NULL, 35),
(4829, 'Escola Superior De Artes Célia Helena', NULL, 35),
(4836, 'Faculdade De Educação  Acreano Euclides Da Cunha', 'INEC', 12),
(4846, 'Faculdade Vértice', 'VÉRTICE', 31),
(4847, 'Faculdade Diocesana De Mossoró', NULL, 24),
(4849, 'Faculdade De Ciências Humanas, Econômicas E Da Saúde De Araguaína', 'FAHESA / ITPAC', 17),
(4858, 'Escola Superior De Saúde De Arcoverde', 'ESSA', 26),
(4863, 'Faculdade Pitágoras De Poços De Caldas', NULL, 31),
(4865, 'Faculdade Pitágoras De São Luiz', NULL, 21),
(4867, 'Faculdade Pitágoras De Guarapari', NULL, 32),
(4869, 'Faculdade De Tecnologia Pitágoras - Unidade Londrina', NULL, 41),
(4873, 'Faculdade De Tecnologia De Taubaté', 'ETEP', 35),
(4878, 'Faculdade Anhanguera De Itapecerica Da Serra', NULL, 35),
(4889, 'Faculdade De Conchas', NULL, 35),
(4899, 'Faculdade De Ciências Médicas Da Bahia', 'CIENCIAS MEDICAS', 29),
(4901, 'Faculdade Fasipe', 'FASIPE', 51),
(4902, 'Faculdade Batista Pioneira', NULL, 43),
(4910, 'Faculdade Do Trabalho', 'FATRA', 31),
(4915, 'Faculdade De Castanhal', 'FCAT', 15),
(4917, 'Escola Superior De Administração, Marketing E Comunicação De Piracicaba', 'ESAMC PIRACICABA', 35),
(4922, 'Faculdade Integrada Das Cataratas', NULL, 41),
(4925, 'Fundação Universidade Federal Do Abc', 'UFABC', 35),
(4926, 'Faculdade De Tecnologia De Praia Grande', 'FATECPG', 35),
(4938, 'Faculdade Claretiana De Teologia', NULL, 41),
(4943, 'Escola Superior De Administração E Gestão Da Baixada Santista', 'ESAGS BS', 35),
(4945, 'Faculdade Internacional Do Delta', 'INTA', 22),
(4950, 'Faculdade Aum', NULL, 51),
(4959, 'Faculdade Pitágoras De Feira De Santana', NULL, 29),
(4961, 'Faculdade Integrada De Araguatins', 'FAIARA', 17),
(4962, 'Centro Universitário De Sete Lagoas', 'UNIFEMM', 31),
(4964, 'Faculdade De Ciências E Tecnologia Do Maranhão', 'FACEMA', 21),
(4969, 'Faculdade Itop', 'ITOP', 17),
(4982, 'Faculdade Metropolitana Do Planalto Norte', 'FAMEPLAN', 42),
(4983, 'Faculdade De São José Dos Campos', 'BILAC', 35),
(4992, 'Faculdade De Tecnologia Centec - Sertão Central', 'FTC SERTÃO CENTRAL', 23),
(4995, 'Faculdade Cruz Azul', 'FACRAZ', 35),
(4998, 'Faculdade De Tecnologia Inesul Do Paraná', 'FIPAR', 41),
(5000, 'Faculdade Estação', 'FAEST', 41),
(5008, 'Faculdade Do Médio Parnaíba', NULL, 22),
(5013, 'Centro Universitário Estadual Da Zona Oeste', 'UEZO', 33),
(5016, 'Instituto Superior De Tecnologia Em Ciências Da Computação Do Rio De Janeiro', 'IST-RIO', 33),
(5017, 'Instituto Superior De Tecnologia Em Ciência Da Computação De Petrópolis', 'ISTCCP', 33),
(5018, 'Instituto Superior De Educação Professor Aldo Muylaert', 'ISEPAM', 33),
(5020, 'Instituto Superior De Educação De Santo Antônio De Pádua', 'ISE PÁDUA', 33),
(5021, 'Instituto Superior De Educação De Itaperuna', 'ISEI', 33),
(5023, 'Faculdade Santo Augusto', 'FAISA', 43),
(5025, 'Faculdade De Educação São Braz', NULL, 41),
(5036, 'Instituto Federal De Educação, Ciência E Tecnologia Catarinense', 'IF Catarinense', 42),
(5038, 'Faculdade De Ciências Sociais Aplicadas De Marabá', 'FACIMAB', 15),
(5044, 'Faculdade De Direito De Garanhuns', 'FDG', 26),
(5045, 'Faculdade De Tecnologia Paulista', NULL, 35),
(5046, 'Faculdade Polis Das Artes', NULL, 35),
(5048, 'Faculdade De Teologia De São Paulo Da Igreja Presbiteriana Independente Do Brasil', NULL, 35),
(5051, 'Instituto Superior De Educação Bom Jesus Do Itabapoana', 'ISEBJI', 33),
(5052, 'Instituto Superior De Educação Três Rios', 'ISE TRÊS RIOS', 33),
(5053, 'Instituto Superior De Tecnologia De Paracambi', 'IST PARACAMBI', 33),
(5066, 'Faculdade De Tecnologia Ined - Unidade Contagem', NULL, 31),
(5077, 'Universidade Estadual De Roraima', 'UERR', 14),
(5079, 'Faculdade Educacional De Matelândia', 'FAMA', 41),
(5099, 'Faculdade De Tecnologia De São Bernardo Do Campo', 'FATEC-SB', 35),
(5105, 'Faculdade Internacional Signorelli', NULL, 33),
(5107, 'Faculdade Sogipa De Educação Física', NULL, 43),
(5124, 'Faculdade Facmil', NULL, 35),
(5131, 'Faculdade De Tecnologia Senac Caçador', 'SENAC', 42),
(5133, 'Faculdade De Tecnologia Senac São Miguel Do Oeste', '5133', 42),
(5186, 'Faculdade Dinâmica', NULL, 41),
(5215, 'Faculdades Integradas Padre Albino', 'FIPA', 35),
(5216, 'Faculdade Uirapuru', 'FAU', 35),
(5217, 'Faculdades Integradas Paulista', 'FIP', 35),
(5228, 'Faculdade Raimundo Marinho', 'FRM', 27),
(5242, 'Universidade Estadual De Alagoas - Uneal', 'UNEAL', 27),
(5243, 'Faculdade De Ciências Jurídicas De Santos Dumont', 'FCJSD', 31),
(5276, 'Faculdade De Direito De Carangola', 'FDC', 31),
(5277, 'Faculdade Fortium', NULL, 53),
(5285, 'Faculdades Integradas De Taquara', 'FACCAT', 43),
(5288, 'Faculdade Anhangüera De Ribeirão Preto', NULL, 35),
(5290, 'Faculdade De Ciências E Tecnologia De Brasília', 'FACITEB', 53),
(5303, 'Faculdade Anhangüera De Dourados', 'FAD', 50),
(5305, 'Faculdade De Ciências Sociais Aplicadas E Humanas De Garanhuns', 'FAHUG', 26),
(5312, 'Faculdades Atibaia', 'FAAT', 35),
(5313, 'Faculdades Unificadas Doctum De Cataguases', 'FACULDADES DOCTUM', 31),
(5314, 'Faculdades Unificadas Doctum De Guarapari', 'FACULDADES DOCTUM', 32),
(5315, 'Faculdades Unificadas Doctum De Iúna', 'FACULDADES DOCTUM', 32),
(5316, 'Faculdades Unificadas Doctum De Leopoldina', 'FACULDADES DOCTUM', 31),
(5317, 'Faculdade Porto-alegrense', 'FAPA', 43),
(5318, 'Faculdade Guilherme Guimbala', 'FGG', 42),
(5322, 'Fundação Universidade Federal Do Pampa - Unipampa', 'UNIPAMPA', 43),
(5362, 'Faculdade Serigy', 'FASERGY', 28),
(5369, 'Faculdades Integradas Asmec', 'ASMEC', 31),
(5370, 'Faculdades Unificadas Doctum De Teófilo Otoni', 'FACULDADES DOCTUM', 31),
(5387, 'Faculdade Impacta De Tecnologia', 'FIT', 35),
(5388, 'Faculdades Universitas', NULL, 35),
(5394, 'Instituto De Ensino Superior Integrado-iesi', 'FENORD', 31),
(5403, 'Faculdades Opet', NULL, 41),
(5430, 'Faculdade De Tecnologia De Minas Gerais - Fatemig', NULL, 31),
(5439, 'Faculdades Integradas Da União Educacional Do Planalto Central - Faciplac', 'FACIPLAC', 53),
(5447, 'Faculdade Para O Desenvolvimento Do Sudeste Tocantinense', 'FADES', 17),
(5451, 'Faculdade Anhangüera De Bauru', NULL, 35),
(5473, 'Faculdade De Ciência, Tecnologia E Educação', 'FACITE', 29),
(5511, 'Faculdade Campo Real', 'CAMPO REAL', 41),
(5518, 'Faculdade Guarapuava', 'FG', 41),
(5520, 'Faculdade Cathedral', 'FACES', 14),
(5537, 'Faculdades Vale Do Carangola - Favale', 'FAVALE', 31),
(5544, 'Faculdade Presidente Antônio Carlos', 'FAPAC', 17),
(5550, 'Faculdade Anhanguera De Anápolis', 'FAAA', 52),
(5555, 'Faculdade Anhanguera De Jacareí', NULL, 35),
(5592, 'Faculdades Integradas Do Norte De Minas - Funorte', 'FUNORTE', 31),
(5593, 'Faculdade Adventista De Hortolândia', NULL, 35),
(5599, 'Libertas - Faculdades Integradas', 'LIBERTAS', 31),
(5600, 'Faculdades Integradas São Judas Tadeu', 'SJT', 43),
(5627, 'Faculdade De Tecnologia De Presidente Prudente', 'FATEC', 35),
(5633, 'Faculdade De Tecnologia De Bragança Paulista', NULL, 35),
(5663, 'Faculdade De Vargem Grande Paulista', NULL, 35),
(5664, 'Faculdade De Ciências Humanas E Sociais De Araripina - Facisa', 'FACISA', 26),
(5668, 'Faculdade Anhanguera De Joinville', NULL, 42),
(5669, 'Faculdade De Tecnologia De São José Dos Campos', 'ETEP', 35),
(5670, 'Faculdades Unidas Do Vale Do Araguaia', 'UNIVAR', 51),
(5671, 'Centro Universitário São José De Itaperuna', NULL, 33),
(5701, 'Universidade Do Estado Do Amapá', 'UEAP', 16),
(5706, 'Faculdade Municipal De Palhoça', 'FMP', 42),
(10009, 'Famac - Faculdade De Machadinho Do Oeste', 'FAMAC', 11),
(10016, 'Faculdade Oboé - Faco', 'FACO', 23),
(10020, 'Instituto Logos De Educação Superior', 'ILES', 27),
(10058, 'Faculdade De Tecnologia De Valença', 'FACTIVA', 29),
(10059, 'Faculdade De Tecnologia De Ensino Superior - Fatec', 'CENTES', 31),
(10071, 'Faculdade De Teologia E Ciências Humanas', 'ITEPAFACULDADES', 43),
(10323, 'Faculdade De Tecnologia Bandeirantes', 'BANDTEC', 35),
(10385, 'Instituto São Paulo De Estudos Superiores', 'ITESP', 35),
(10418, 'Faculdade Hsm', NULL, 35),
(10588, 'Faculdade Líder', 'FAL', 26),
(10685, 'Faculdade Norte Capixaba De Sao Mateus', NULL, 32),
(10836, 'Faculdade União Araruama De Ensino S/s Ltda.', 'FAC-UNILAGOS', 33),
(11007, 'Faculdade Centro Oeste', 'FACEOPAR', 41),
(11289, 'Escola Superior Nacional De Seguros - Unidade São Paulo', 'ESNS-SP', 35),
(11308, 'Faculdade Anhanguera De Sumaré', 'FACSUMARÉ', 35),
(11428, 'Faculdade De Tecnologia Alto Médio São Francisco', 'FAC FUNAM', 31),
(11429, 'Faculdade Especializada Na Área De Saúde Do Rio Grande Do Sul', 'FASURGS', 43),
(11544, 'Faculdade Metropolitana De Anápolis', 'FAMA', 52),
(11563, 'Faculdade De Tecnologia Da Serra Gaúcha - Caxias Do Sul', 'FTSG', 43),
(11593, 'Faculdade De Tecnologia De Macapá', 'FTA', 16),
(11604, 'Faculdade Anglo-americano De Chapecó', 'FAACH', 42),
(11645, 'Faculdade De Educação E Cultura De Vilhena', 'FAEV', 11),
(11750, 'Faculdade Pitágoras De Votorantim - Sorocaba', '-', 35),
(11751, 'Faculdade De Tecnologia Ined - Unidade Betim', 'FATECBETIM', 31),
(11752, 'Faculdade Paulo Setubal', 'FPS', 35),
(11807, 'Faculdade De Tecnologia Do Istituto Europeo Di Design', 'IED SP', 35),
(11817, 'Faculdade Do Povo', 'FAP', 35),
(11818, 'Faculdade De Tecnologia Inspirar', 'Inspirar', 41),
(11841, 'Faculdade Evolução Alto Oeste Potiguar', 'FACEP', 24),
(11860, 'Instituto Nacional De Ensino Superior E Pós-graduação Padre Gervásio', 'INAPÓS', 31),
(11861, 'Faculdade De Ciências Aplicadas E Tecnológicas Do Litoral Sul', 'FACSUL', 35),
(11895, 'Faculdade Evangélica De Taguatinga', 'FE TAGUATINGA', 53),
(11951, 'Faculdade Do Sertão Baiano', 'FASBE', 29),
(12005, 'Faculdade De Tecnologia Ined - Unidade Venda Nova', NULL, 31),
(12189, 'Faculdade Prisma', 'FAP', 31),
(12247, 'Escola De Direito De Brasília', 'EDB', 53),
(12249, 'Faculdade Padre Anchieta De Várzea Paulista', 'ANCHIETA', 35),
(12338, 'Faculdade De Tecnologia La Salle - Estrela', 'FACSALLE', 43),
(12346, 'Faculdade Metropolitana São Carlos', 'FAMESC', 33),
(12430, 'Faculdade Metropolitana São Carlos Bji', 'FAMESC-BJI', 33),
(12522, 'Faculdade Mogiana Do Estado De São Paulo', 'FAMOESP', 35),
(12523, 'Faculdade De Tecnologia Da Serra Gaúcha - Bento Conçalves', 'FTSG', 43),
(12601, 'Faculdade Brasileira De Estudos Avançados', 'FABEA', 21),
(12611, 'Faculdade De Música Souza Lima', 'FMSL', 35),
(12620, 'Faculdade De Tecnologia De Sete Lagoas', 'FASSETE', 31),
(12625, 'Escola Superior De Aviação Civil', 'ESAC', 25),
(12723, 'Faculdade De Tecnologia Finaci', 'FINACI', 35),
(12748, 'Faculdade De Educação, Tecnologia E Administração De Caarapó', 'FETAC', 50),
(12749, 'Faculdades Unidas De Pesquisa, Ciências E Saúde Ltda', 'FAPEC', 29),
(12754, 'Faculdade Teológica Da Assembléia De Deus Em Curitiba', 'FATADC', 41),
(12766, 'Faculdade União De Campo Mourão', NULL, 41),
(12784, 'Faculdade De Tecnologia Tecbrasil - Unidade Novo Hamburgo', 'Ftec Novo Hamburgo', 43),
(12803, 'Faculdade Ibmec Distrito Federal', 'IBMEC/DF', 53),
(12847, 'Faculdade Educacional De Francisco Beltrão', 'FEFB', 41),
(12916, 'Ipog - Instituto De Pós-graduação & Graduação', 'IPOG', 52),
(13106, 'Faculdade De Tecnologia Lourenço Filho', 'FATEC - FLF', 23),
(13133, 'Faculdade De Goiânia - Unidade 1', 'FAG', 52),
(13300, 'Faculdade Adjetivo Cetep', 'ADJETIVO-CETEP', 31),
(13417, 'Faculdade Princesa Do Oeste', 'FPO', 23),
(13527, 'Faculdade Canção Nova', 'FCN', 35),
(13631, 'Faculdade São Fidelis', 'FSF', 33),
(13643, 'Faculdades Evangélicas Integradas Cantares De Salomão', 'FEICS', 51),
(13657, 'Faculdade De Tecnologia Ateneu', NULL, 23),
(13663, 'Faculdade Iseib De Betim', 'FISBE', 31),
(13684, 'Faculdade Pitágoras De Contagem', 'PIT Contagem', 31),
(13717, 'Faculdades Futurão', 'CENTEFF', 42),
(13743, 'Faculdade Pitágoras De Governador Valadares', 'PIT GV', 31),
(13796, 'Faculdade De Porto Feliz', NULL, 35),
(13809, 'Faculdade Santo Agostinho De Sete Lagoas', 'FASASETE', 31),
(13812, 'Escola Superior Aberta Do Brasil', 'ESAB', 32),
(13832, 'Faculdade Sagrada Família', 'FASF', 41),
(13889, 'Faculdade Itapuranga', NULL, 52),
(13890, 'Faculdade De Tecnologia Bsg-u', 'FBSG-U', 35),
(13938, 'Faculdade De Marília', 'FAMAR', 35),
(13982, 'Faculdade Universo', 'FAUNI', 15),
(14005, 'Instituto Superior De Ciências Humanas E Sociais Aplicadas De Abaeté', 'ISAB', 31),
(14028, 'Faculdade Presidente Antônio Carlos De Betim', 'FUNEC Betim', 31),
(14029, 'Faculdade Presidente Antônio Carlos De Aimorés', 'FUNEC Aimorés', 31),
(14032, 'Faculdade Presidente Antônio Carlos De Belo Horizonte', 'FUNEC Belo Horizonte', 31),
(14090, 'Faculdade Betim', 'FABE', 31),
(14098, 'Faculdade Presidente Antônio Carlos De Almenara', 'FUNEC Almenara', 31),
(14101, 'Faculdade Presidente Antônio Carlos De Baependi', 'FUNEES Baependi', 31),
(14115, 'Faculdade Presidente Antônio Carlos De Ponte Nova', 'FUNEES Ponte Nova', 31),
(14118, 'Faculdade Presidente Antônio Carlos De Raul Soares', 'FUNEES Raul Soares', 31),
(14119, 'Faculdade Presidente Antônio Carlos De São Francisco', 'FUNEES São Francisco', 31),
(14121, 'Faculdade Presidente Antônio Carlos De São João Nepomuceno', 'FUNEES SJN', 31),
(14126, 'Faculdade Presidente Antônio Carlos De São Lourenço', 'FUNEES São Lourenço', 31),
(14127, 'Faculdade Presidente Antônio Carlos De Campo Belo', 'FUNEES Campo Belo', 31),
(14128, 'Faculdade Presidente Antônio Carlos De Vazante', 'FEES Vazante', 31),
(14129, 'Faculdade Presidente Antônio Carlos De Curvelo', 'FUNEES Curvelo', 31),
(14130, 'Faculdade Presidente Antônio Carlos De Várzea Da Palma', 'FEES Várzea da Palma', 31),
(14132, 'Faculdade Presidente Antônio Carlos De Itanhandu', 'FUNEES Itanhandu', 31),
(14133, 'Faculdade Presidente Antônio Carlos De Lambari', 'FUNEES Lambari', 31),
(14147, 'Faculdade Presidente Antônio Carlos De Barão De Cocais', NULL, 31),
(14148, 'Faculdade Presidente Antônio Carlos De Mariana', 'FUNEC Mariana', 31),
(14149, 'Faculdade Presidente Antônio Carlos De Bocaiúva', 'FUNEES Bocaiúva', 31),
(14150, 'Faculdade Presidente Antônio Carlos De Montes Claros', 'FUNEC Montes Claros', 31),
(14151, 'Faculdade Presidente Antônio Carlos De Nova Lima', 'FUNEC Nova Lima', 31),
(14153, 'Faculdade Presidente Antônio Carlos De Porteirinha', 'FUNEES Porteirinha', 31),
(14155, 'Faculdade Presidente Antônio Carlos De Sabará', 'FUNEES Sabará', 31),
(14156, 'Faculdade Presidente Antônio Carlos De Teófilo Otoni', 'FUNEES Teófilo Otoni', 31),
(14157, 'Faculdade De Educação E Estudos Sociais De Uberlândia', 'FUNEES Uberlândia', 31),
(14160, 'Faculdade Presidente Antônio Carlos De Carmópolis', 'FUNEES C. de Minas', 31),
(14161, 'Faculdade Presidente Antônio Carlos De Contagem', 'FACEC Contagem', 31),
(14162, 'Faculdade Presidente Antônio Carlos De Governador Valadares', 'FAU G. Valadares', 31),
(14163, 'Faculdade De Educação E Estudos Sociais De Governador Valadares', 'FUNEES G. Valadares', 31),
(14165, 'Faculdade Três Pontas', 'FATEP', 31),
(14166, 'Faculdade Presidente Antônio Carlos De Itabira', 'FUNEES Itabira', 31),
(14169, 'Faculdade Presidente Antônio Carlos De Itambacuri', 'FUNEES Itambacuri', 31),
(14171, 'Faculdade Presidente Antõnio Carlos De Perdões', 'FUNEES Perdões', 31),
(14173, 'Faculdade Presidente Antônio Carlos De Ribeirão Das Neves', 'FUNEES R. das Neves', 31),
(14183, 'Faculdade Presidente Antônio Carlos De São João Del Rei', 'FUNEES SJDR', 31),
(14201, 'Instituto Superior De Ciências Agrárias', 'ISAP', 31),
(14204, 'Faculdade Presidente Antônio Carlos De Arcos', 'FUNEES Arcos', 31),
(14206, 'Faculdade Presidente Antônio Carlos De Elói Mendes', 'FUNEES', 31),
(14209, 'Faculdade Presidente Antônio Carlos De Lagoa Santa', 'FUNEES', 31),
(14216, 'Faculdade Presidente Antônio Carlos De Divino', 'FUNEES', 31),
(14222, 'Faculdade Presidente Antônio Carlos De Senhora Dos Remédios', 'FUNEES', 31),
(14223, 'Faculdade Presidente Antônio Carlos De Central De Minas', 'FUNEES', 31),
(14225, 'Faculdade Presidente Antônio Carlos De Felixlândia', 'FUNEES', 31),
(14231, 'Faculdade Presidente Antônio Carlos De Uruana De Minas', 'FUNEES', 31),
(14236, 'Faculdade De Ciências Gerenciais', 'FACIG', 31),
(14242, 'Faculdade Presidente Antônio Carlos De Timóteo', 'FECT', 31),
(14243, 'Faculdade Presidente Antônio Carlos De Itabirito', NULL, 31),
(14246, 'Faculdade Presidente Antônio Carlos De Uberaba', NULL, 31),
(14247, 'Faculdade Presidente Antônio Carlos De Tupaciguara', NULL, 31),
(14248, 'Faculdade Presidente Antônio Carlos De Uberlândia', NULL, 31),
(14249, 'Faculdade Presidente Antônio Carlos De Congonhas', NULL, 31),
(14258, 'Instituto Superior De Ensino E Pesquisa De Cambuí', 'ISEPEC', 31),
(14263, 'Faculdade Presidente Antônio Carlos De Itajubá', NULL, 31),
(14313, 'Nova Faculdade', 'NF', 31),
(14367, 'Faculdade Eficaz', 'FACULDADE EFICAZ', 41),
(14401, 'Faculdade De Tecnologia Porto Das Monções', 'FAMO', 35),
(14408, 'Instituto Federal De Educação, Ciencia E Tecnologia De Brasilia', 'IFB', 53),
(14509, 'Instituto Federal De Educação, Ciência E Tecnologia Baiano', 'IFBAIANO', 29),
(14724, 'Instituto Federal De Educação, Ciência E Tecnologia Do Paraná', 'IFPR', 41),
(14858, 'Faculdade De Tecnologia Francisco Morato', 'FFRAMO', 35),
(14914, 'Faculdade Teológica Evangélica Do Rio De Janeiro', 'FATERJ', 33),
(15001, 'Universidade Federal Da Integração Latino-americana', 'UNILA', 41),
(15015, 'Universidade Estadual Do Norte Do Paraná', 'UENP', 41),
(15032, 'Universidade Alto Vale Do Rio Do Peixe', 'UNIARP', 42),
(15059, 'Universidade Federal Do Oeste Do Pará', 'UFOPA', 15),
(15121, 'Universidade Federal Da Fronteira Sul', 'UFFS', 42),
(15357, 'Faculdade Presidente Antônio Carlos De Ubá', NULL, 31),
(15428, 'Faculdade Dom Heitor Sales', '-', 24),
(15450, 'Faculdade Presidente Antônio Carlos De Ipatinga', NULL, 31),
(15451, 'Faculdade De Direito De Ipatinga', 'FADIPA', 31),
(15452, 'Faculdade Presidente Antônio Carlos De Bom Despacho', NULL, 31),
(15453, 'Faculdade Presidente Antônio Carlos De Conselheiro Lafaiete', NULL, 31),
(15467, 'Faculdade Presidente Antônio Carlos De Visconde Do Rio Branco', NULL, 31),
(15468, 'Faculdade Presidente Antônio Carlos De Leopoldina', NULL, 31),
(15497, 'Universidade Da Integração Internacional Da Lusofonia Afro-brasileira', 'UNILAB', 23),
(15507, 'Instituto Federal De Educação, Ciência E Tecnologia Do Acre', 'IFAC', 12),
(15520, 'Instituto Federal De Educação, Ciência E Tecnologia De Mato Grosso Do Sul', 'IFMS', 50),
(15522, 'Instituto Federal De Educação, Ciência E Tecnologia Do Amapá', 'IFAP', 16),
(15576, 'Faculdade De Tecnologia De Mogi Das Cruzes', 'FATEC-MC', 35),
(15581, 'Faculdade De Tecnologia De São José Dos Campos - Jessen Vidal', 'FATECSJCAMPOS', 35),
(15585, 'Faculdade De Tecnologia Santo André', 'FATEC-SA', 35),
(15639, 'Faculdade De Tecnologia De Itaquaquecetuba', 'Fatec Itaqua', 35),
(15669, 'Faculdade De Ciências Exatas De Garanhuns', 'FACEG', 26),
(15680, 'Fatec Cruzeiro Prof. Waldomiro May', NULL, 35),
(15682, 'Faculdade De Tecnologia De Piracicaba', 'Fatec Piracicaba', 35),
(15687, 'Faculdade De Tecnologia De Pindamonhangaba', 'FATEC PI', 35),
(15688, 'Faculdade De Teconologia Da Zona Sul', 'FATEC ZONASUL', 35),
(15689, 'Faculdade De Tecnologia De Bauru', 'FATEC', 35),
(15693, 'Faculdade De Tecnologia De Itapetininga - Prof.antônio Belizandro Barbosa Rezende', 'Fatec - Itapetininga', 35),
(15695, 'Faculdade De Tecnologia Dom Amaury Castanho', 'Fatec Itu', 35),
(15696, 'Faculdade De Tecnologia De Sertãozinho', 'FATEC SERTÃOZINHO', 35),
(15697, 'Faculdade De Tecnologia De Araçatuba', 'FATEC Araçatuba', 35),
(15704, 'Faculdade De Tecnologia De Capão Bonito', 'FATEC-CB', 35),
(15708, 'Faculdade De Tecnologia Dr. Thomaz Novelino', 'FATEC Franca', 35),
(15709, 'Faculdade De Tecnologia De Osasco - Prefeito Hirant Sanazar', 'Fatec Osasco', 35),
(15715, 'Faculdade De Tecnologia De Lins', 'FATEC LINS', 35),
(15745, 'Faculdade De Tecnologia De São Caetano Do Sul', 'FATEC SCS', 35),
(15746, 'Faculdade De Tecnologia Do Ipiranga', 'FATECIPI', 35),
(15752, 'Faculdade De Tecnologia De Guarulhos', 'FATEC GR', 35),
(15753, 'Faculdade De Tecnologia De Jaboticabal', 'FATEC JB', 35),
(15757, 'Faculdade De Tecnologia De Barueri', 'Fatec Barueri', 35),
(15769, 'Faculdade De Tecnologia De Jales', 'Fatec Jales', 35),
(15784, 'Faculdade De Tecnologia Estudante Rafael Almeida Camarinha - Marilia', 'Fatec Marilia', 35),
(15793, 'Faculdade De Tecnologia De São Sebastião', 'Fatec SS', 35),
(15803, 'Faculdade De Tecnologia De Tatuí - Prof. Wilson Roberto Ribeiro De Camargo', 'FATEC TATUÍ', 35),
(16395, 'Faculdade De Tecnologia De Carapicuiba', 'FATEC', 35),
(16410, 'Faculdade De Tecnologia De Catanduva', 'FATEC Catanduva', 35),
(16453, 'Faculdade De Tecnologia Apoena', 'FTA', 23),
(16759, 'Faculdade Do Bico Do Papagaio', 'FABIC', 17),
(17542, 'Faculdade De Ciências Gerenciais De Guarapari', NULL, 32),
(17543, 'Escola Nacional de Saúde Pública (ENSP)', 'ENSP', 33),
(17544, 'Universidade de Brasília-Faculdade de Ceilândia', 'UnB', 53),
(17545, 'Fundação Oswaldo Cruz (FIOCRUZ)', 'FIOCRUZ', 33),
(17546, 'Fundação Universidade Federal do Tocantins (UFT)', 'UFT', 17),
(17547, 'Grupo Hospitalar Conceição (GHC)', 'GHC', 43),
(17548, 'Instituto Nacional de Infectologia Evandro Chagas (INI)', 'INI', 33),
(17549, 'Ministério da Saúde (MS)', 'MS', 53),
(17550, 'Pontifícia Universidade Católica de São Paulo (PUC-SP)', 'PUC-SP', 35),
(17551, 'Secretaria Municipal de Saúde do Rio de Janeiro (SMS-RJ)', 'SMS-RJ', 33),
(17552, 'Freie Universitat Berlin', 'FU', NULL),
(17553, 'Escuela Andaluza de Salud Pública. Granada Andaluzia Espanha (EASP)', 'EASP', NULL),
(17554, 'Imperial College London', NULL, NULL),
(17555, 'Organização Mundial da Saúde (OMS)', 'OMS', NULL),
(17556, 'Organização Pan-Americana da Saúde (OPAS)', 'OPAS', NULL),
(17557, 'Sociedade Brasileira de Clínica Médica (SBCM)', 'SBCM', NULL),
(17558, 'The Lancet Oncology Comissão (TLO)', 'TLO', NULL),
(17559, 'Universidad Nacional de La Matanza (UNLAM)', 'UNLAM', NULL),
(17560, 'Universidade Aberta do SUS (UNASUS)', 'UNASUS', NULL),
(17561, 'Universidade de Brasília ', 'UNB', 53),
(17562, 'Universidade Nova de Lisboa (UNL)', 'UNL', NULL),
(17563, 'UNIVERSIDADE FEDERAL DO SUL DA BAHIA (UFSB)', 'UFSB', 29),
(17564, 'Fundação Joaquim Nabuco ', 'FUNDAJ', 26),
(17565, 'Universidade Federal de Pernambuco-Campus Vitória', 'UFPE', 26),
(17566, 'Fundação Oswaldo Cruz-Instituto Aggeu Magalhães', 'FIOCRUZ', 26),
(17567, 'Fundação Oswaldo Cruz-Instituto Leônidas e Maria Deane (FIOCRUZ-ILMD)', 'FIOCRUZ', 13),
(17568, 'Ministerio de Salud Pública de Cuba  (MINSAP)', 'MINSAP', NULL),
(17569, 'Secretaria de Planejamento e Gestão do Estado de São Paulo', NULL, 35),
(17570, 'Fundação Oswaldo Cruz-Ceará', 'FIOCRUZ', 23),
(17571, 'Fundação Oswaldo Cruz-Brasília', 'FIOCRUZ', 53),
(17572, ' Secretaria de Estado de Saúde do Distrito Federal', 'SES-DF', 53);

-- --------------------------------------------------------

--
-- Estrutura para tabela `ObjetoPesquisa`
--

CREATE TABLE IF NOT EXISTS `ObjetoPesquisa` (
  `CodObjetoPesquisa` int(11) NOT NULL,
  `NomeObjetoPesquisa` varchar(100) NOT NULL,
  `CodObjetoPesquisaPai` int(11) DEFAULT NULL,
  `IndicadorExclusao` varchar(1) DEFAULT NULL
) ENGINE=InnoDB DEFAULT CHARSET=utf8;

--
-- Fazendo dump de dados para tabela `ObjetoPesquisa`
--

INSERT INTO `ObjetoPesquisa` (`CodObjetoPesquisa`, `NomeObjetoPesquisa`, `CodObjetoPesquisaPai`, `IndicadorExclusao`) VALUES
(1, 'Programa Mais Médicos', NULL, NULL),
(2, 'Provimento emergencial de médicos', NULL, NULL),
(3, 'Formação de médicos', NULL, NULL),
(4, 'Expandir a (i) infraestrutura física e da (ii) oferta de saúde', NULL, NULL),
(5, 'Outros', NULL, NULL);

-- --------------------------------------------------------

--
-- Estrutura para tabela `Palavra`
--

CREATE TABLE IF NOT EXISTS `Palavra` (
  `CodPalavra` int(11) NOT NULL,
  `NomePalavra` varchar(100) NOT NULL
) ENGINE=InnoDB DEFAULT CHARSET=utf8;

--
-- Fazendo dump de dados para tabela `Palavra`
--

INSERT INTO `Palavra` (`CodPalavra`, `NomePalavra`) VALUES
(3, 'Atração'),
(4, 'Provimento de profissionais de saúde'),
(5, 'Médicos rurais'),
(6, 'Escassez de médicos'),
(7, 'Distribuição desigual'),
(8, 'Retenção e recrutamento de força de trabalho'),
(10, 'Enfermeiros'),
(11, 'Avaliação de serviços de saúde'),
(12, 'Médicos de atenção primária'),
(13, 'Distribuição de médicos'),
(15, 'Qualidade'),
(16, 'Acesso e avaliação da assistência á saúde'),
(17, 'Satisfação dos usuários'),
(23, 'Integralidade em saúde'),
(24, 'Estratégia Saúde da Família'),
(25, 'Programas nacionais de saúde'),
(26, 'Sistema Único de Saúde'),
(27, 'Educação Médica'),
(28, 'Narrativa e Memória'),
(29, 'Currículo'),
(30, 'Programa Mais Médicos'),
(31, 'Ensino Baseado na Comunidade'),
(32, 'Cobertura universal em saúde'),
(33, 'Políticas públicas'),
(34, 'Planejamento e administração em Saúde'),
(35, 'Programas governamentais'),
(38, 'Análise fatorial'),
(39, 'Avaliação de programa'),
(40, 'Saúde pública'),
(41, 'Médicos'),
(42, 'Atenção Primária à Saúde'),
(43, ' Médicos de Atenção Primária'),
(44, ' Enfermeiros'),
(45, ' Avaliação de serviços de saúde'),
(46, ' Estratégia de Saúde da Família'),
(47, 'Cuidados primários'),
(48, 'Médicos graduados estrangeiros'),
(49, 'Saúde Coletiva'),
(50, 'Formulação e Implementação'),
(51, ' Insulamento Burocrático'),
(52, 'SUS'),
(53, ' Janela de Oportunidades'),
(54, ' Arranjos institucionais '),
(55, 'não se aplica'),
(56, 'Comunicação em saúde'),
(57, 'Gestão em saúde'),
(58, 'Mídias sociais'),
(59, ' Sociedades médicas'),
(60, ' Programas médicos regionais'),
(61, 'Políticas'),
(62, ' Cooperação Internacional'),
(63, 'Recursos humanos em saúde'),
(64, 'Mercado de trabalho de saúde'),
(65, 'Políticas públicas em saúde'),
(66, 'Acesso à atenção médica'),
(67, 'recursos humanos para a saúde '),
(68, 'Brasil'),
(69, 'Inglaterra'),
(70, 'Atenção Básica em Saúde'),
(71, 'Avaliação em Saúde'),
(72, 'Programas Médicos Regionais'),
(73, 'Mais Médicos'),
(74, 'Avaliação de Políticas de Saúde'),
(75, 'Cidades pequenas'),
(76, 'Política de Saúde'),
(77, ' Iniquidades em saúde'),
(78, ' Provisão de médicos'),
(79, 'Avaliação de sistemas de saúde'),
(80, 'Cooperação internacional'),
(81, 'Programas de cooperação bilateral'),
(82, ' Múltiplos Fluxos'),
(83, 'Manifestações Populares'),
(84, 'Políticas de saúde'),
(85, 'Atores sociais'),
(86, ' Políticas públicas'),
(87, 'Atores'),
(88, ' Ciclo de políticas públicas '),
(89, 'Sociedade'),
(90, ' Áreas rurais'),
(91, ' Saúde '),
(92, 'PMM'),
(93, 'Infraestrutura'),
(94, 'IDHM'),
(95, 'UBS'),
(96, 'Indicadores'),
(97, 'Gestão do Trabalho e Educação em Saúde'),
(98, ' Humanismo'),
(99, ' educação médica'),
(100, 'Cuba'),
(101, 'recursos humanos   '),
(102, 'Saúde da Mulher'),
(103, 'Cuidado Pré-Natal'),
(104, ' Período Pós-Parto '),
(105, 'não consta');

-- --------------------------------------------------------

--
-- Estrutura para tabela `TipoAnalise`
--

CREATE TABLE IF NOT EXISTS `TipoAnalise` (
  `CodTipoAnalise` int(11) NOT NULL,
  `NomeTipoAnalise` varchar(100) NOT NULL,
  `IndicadorExclusao` varchar(1) DEFAULT NULL
) ENGINE=InnoDB DEFAULT CHARSET=utf8;

--
-- Fazendo dump de dados para tabela `TipoAnalise`
--

INSERT INTO `TipoAnalise` (`CodTipoAnalise`, `NomeTipoAnalise`, `IndicadorExclusao`) VALUES
(1, 'Quantitativas', NULL),
(2, 'Qualitativas', NULL),
(3, 'Triangulação', NULL),
(4, 'Outros', NULL);

-- --------------------------------------------------------

--
-- Estrutura para tabela `TipoObjetivo`
--

CREATE TABLE IF NOT EXISTS `TipoObjetivo` (
  `CodTipoObjetivo` int(11) NOT NULL,
  `NomeTipoObjetivo` varchar(100) NOT NULL,
  `IndicadorExclusao` varchar(1) DEFAULT NULL
) ENGINE=InnoDB DEFAULT CHARSET=utf8;

--
-- Fazendo dump de dados para tabela `TipoObjetivo`
--

INSERT INTO `TipoObjetivo` (`CodTipoObjetivo`, `NomeTipoObjetivo`, `IndicadorExclusao`) VALUES
(1, 'Exploratório', NULL),
(2, 'Descritiva', NULL),
(3, 'Explicativa', NULL);

-- --------------------------------------------------------

--
-- Estrutura para tabela `TipoProcedimento`
--

CREATE TABLE IF NOT EXISTS `TipoProcedimento` (
  `CodTipoProcedimento` int(11) NOT NULL,
  `NomeTipoProcedimento` varchar(100) NOT NULL,
  `IndicadorExclusao` varchar(1) DEFAULT NULL
) ENGINE=InnoDB DEFAULT CHARSET=utf8;

--
-- Fazendo dump de dados para tabela `TipoProcedimento`
--

INSERT INTO `TipoProcedimento` (`CodTipoProcedimento`, `NomeTipoProcedimento`, `IndicadorExclusao`) VALUES
(1, 'Bibliográfico', NULL),
(2, 'Documental', NULL),
(3, 'Campo', NULL);

-- --------------------------------------------------------

--
-- Estrutura para tabela `UnidadeFederacao`
--

CREATE TABLE IF NOT EXISTS `UnidadeFederacao` (
  `CodUF` int(11) NOT NULL,
  `NomeUF` varchar(30) NOT NULL,
  `SiglaUF` varchar(2) NOT NULL
) ENGINE=InnoDB DEFAULT CHARSET=utf8;

--
-- Fazendo dump de dados para tabela `UnidadeFederacao`
--

INSERT INTO `UnidadeFederacao` (`CodUF`, `NomeUF`, `SiglaUF`) VALUES
(11, 'Rondônia', 'RO'),
(12, 'Acre', 'AC'),
(13, 'Amazonas', 'AM'),
(14, 'Roraima', 'RR'),
(15, 'Pará', 'PA'),
(16, 'Amapá', 'AP'),
(17, 'Tocantins', 'TO'),
(21, 'Maranhão', 'MA'),
(22, 'Piauí', 'PI'),
(23, 'Ceará', 'CE'),
(24, 'Rio Grande do Norte', 'RN'),
(25, 'Paraíba', 'PB'),
(26, 'Pernambuco', 'PE'),
(27, 'Alagoas', 'AL'),
(28, 'Sergipe', 'SE'),
(29, 'Bahia', 'BA'),
(31, 'Minas Gerais', 'MG'),
(32, 'Espírito Santo', 'ES'),
(33, 'Rio de Janeiro', 'RJ'),
(35, 'São Paulo', 'SP'),
(41, 'Paraná', 'PR'),
(42, 'Santa Catarina', 'SC'),
(43, 'Rio Grande do Sul', 'RS'),
(50, 'Mato Grosso do Sul', 'MS'),
(51, 'Mato Grosso', 'MT'),
(52, 'Goiás', 'GO'),
(53, 'Distrito Federal', 'DF');

-- --------------------------------------------------------

--
-- Estrutura para tabela `Usuario`
--

CREATE TABLE IF NOT EXISTS `Usuario` (
  `CodUsuario` int(11) NOT NULL,
  `NomeUsuario` varchar(100) NOT NULL,
  `EmailUsuario` varchar(45) NOT NULL,
  `SenhaUsuario` varchar(255) NOT NULL,
  `IndicadorExclusao` varchar(1) DEFAULT NULL
) ENGINE=InnoDB DEFAULT CHARSET=utf8;

--
-- Fazendo dump de dados para tabela `Usuario`
--

INSERT INTO `Usuario` (`CodUsuario`, `NomeUsuario`, `EmailUsuario`, `SenhaUsuario`, `IndicadorExclusao`) VALUES
(1, 'Matheus Michel', 'matmic08@gmail.com', '$2y$10$D0GOoFW6Kal.LQ3H35.e5.kL5UtMlfuSztyAZiPBayXgExOSN6RG2', NULL),
(2, 'Renata Galante', 'galante@inf.ufrgs.br', '$2y$10$604JSJZn2Ihp/9GTIWiMeOTxL5ZmtUPvIt5zqEWmfi4paI2MvZw9m', NULL),
(3, 'Giovanni Kuhn', 'giovannikuhn@gmail.com', '$2y$10$ByXsGYWBEz.ZOBqGtmDF4uuALQmgUMc1xBxTO0HycMrqFet/hdMLO', NULL),
(4, 'Alessandra Mendez', 'alessandramendezbr@gmail.com', '$2y$10$688Ta0j7S67izpxkXGY7CuyNgKD1JgqOA2u.ZQMFom/ZmXxO8xcaW', NULL);

--
-- Índices de tabelas apagadas
--

--
-- Índices de tabela `Abrangencia`
--
ALTER TABLE `Abrangencia`
  ADD PRIMARY KEY (`CodAbrangencia`);

--
-- Índices de tabela `Artigo`
--
ALTER TABLE `Artigo`
  ADD PRIMARY KEY (`CodArtigo`),
  ADD KEY `fkIdx_99` (`CodAbrangencia`),
  ADD KEY `fkIdx_103` (`CodObjetoPesquisa`),
  ADD KEY `fkIdx_215` (`CodUsuarioInsercao`),
  ADD KEY `fkIdx_218` (`CodUsuarioUltimaAtu`);

--
-- Índices de tabela `ArtigoAutor`
--
ALTER TABLE `ArtigoAutor`
  ADD PRIMARY KEY (`CodArtigo`,`CodAutor`),
  ADD KEY `fkIdx_179` (`CodArtigo`),
  ADD KEY `fkIdx_184` (`CodAutor`);

--
-- Índices de tabela `ArtigoCoordenador`
--
ALTER TABLE `ArtigoCoordenador`
  ADD PRIMARY KEY (`CodArtigo`,`CodCoordenador`),
  ADD KEY `fkIdx_235` (`CodArtigo`),
  ADD KEY `fkIdx_239` (`CodCoordenador`);

--
-- Índices de tabela `ArtigoInstituicao`
--
ALTER TABLE `ArtigoInstituicao`
  ADD PRIMARY KEY (`CodArtigo`,`CodInstituicao`),
  ADD KEY `fkIdx_120` (`CodArtigo`),
  ADD KEY `fkIdx_125` (`CodInstituicao`);

--
-- Índices de tabela `ArtigoPalavra`
--
ALTER TABLE `ArtigoPalavra`
  ADD PRIMARY KEY (`CodArtigo`,`CodPalavra`),
  ADD KEY `fkIdx_222` (`CodArtigo`),
  ADD KEY `fkIdx_226` (`CodPalavra`);

--
-- Índices de tabela `ArtigoTipoAnalise`
--
ALTER TABLE `ArtigoTipoAnalise`
  ADD PRIMARY KEY (`CodArtigo`,`CodTipoAnalise`),
  ADD KEY `fkIdx_47` (`CodTipoAnalise`),
  ADD KEY `fkIdx_66` (`CodArtigo`);

--
-- Índices de tabela `ArtigoTipoObjetivo`
--
ALTER TABLE `ArtigoTipoObjetivo`
  ADD PRIMARY KEY (`CodArtigo`,`CodTipoObjetivo`),
  ADD KEY `fkIdx_109` (`CodArtigo`),
  ADD KEY `fkIdx_114` (`CodTipoObjetivo`);

--
-- Índices de tabela `ArtigoTipoProcedimento`
--
ALTER TABLE `ArtigoTipoProcedimento`
  ADD PRIMARY KEY (`CodArtigo`,`CodTipoProcedimento`),
  ADD KEY `fkIdx_75` (`CodArtigo`),
  ADD KEY `fkIdx_80` (`CodTipoProcedimento`);

--
-- Índices de tabela `Autor`
--
ALTER TABLE `Autor`
  ADD PRIMARY KEY (`CodAutor`);

--
-- Índices de tabela `Coordenador`
--
ALTER TABLE `Coordenador`
  ADD PRIMARY KEY (`CodCoordenador`);

--
-- Índices de tabela `Instituicao`
--
ALTER TABLE `Instituicao`
  ADD PRIMARY KEY (`CodInstituicao`),
  ADD KEY `fkIdx_195` (`CodUF`);

--
-- Índices de tabela `ObjetoPesquisa`
--
ALTER TABLE `ObjetoPesquisa`
  ADD PRIMARY KEY (`CodObjetoPesquisa`),
  ADD KEY `fkIdx_164` (`CodObjetoPesquisaPai`);

--
-- Índices de tabela `Palavra`
--
ALTER TABLE `Palavra`
  ADD PRIMARY KEY (`CodPalavra`);

--
-- Índices de tabela `TipoAnalise`
--
ALTER TABLE `TipoAnalise`
  ADD PRIMARY KEY (`CodTipoAnalise`);

--
-- Índices de tabela `TipoObjetivo`
--
ALTER TABLE `TipoObjetivo`
  ADD PRIMARY KEY (`CodTipoObjetivo`);

--
-- Índices de tabela `TipoProcedimento`
--
ALTER TABLE `TipoProcedimento`
  ADD PRIMARY KEY (`CodTipoProcedimento`);

--
-- Índices de tabela `UnidadeFederacao`
--
ALTER TABLE `UnidadeFederacao`
  ADD PRIMARY KEY (`CodUF`);

--
-- Índices de tabela `Usuario`
--
ALTER TABLE `Usuario`
  ADD PRIMARY KEY (`CodUsuario`),
  ADD UNIQUE KEY `Ind_233` (`EmailUsuario`);

--
-- Restrições para dumps de tabelas
--

--
-- Restrições para tabelas `Artigo`
--
ALTER TABLE `Artigo`
  ADD CONSTRAINT `FK_103` FOREIGN KEY (`CodObjetoPesquisa`) REFERENCES `ObjetoPesquisa` (`CodObjetoPesquisa`),
  ADD CONSTRAINT `FK_215` FOREIGN KEY (`CodUsuarioInsercao`) REFERENCES `Usuario` (`CodUsuario`),
  ADD CONSTRAINT `FK_218` FOREIGN KEY (`CodUsuarioUltimaAtu`) REFERENCES `Usuario` (`CodUsuario`),
  ADD CONSTRAINT `FK_99` FOREIGN KEY (`CodAbrangencia`) REFERENCES `Abrangencia` (`CodAbrangencia`);

--
-- Restrições para tabelas `ArtigoAutor`
--
ALTER TABLE `ArtigoAutor`
  ADD CONSTRAINT `FK_179` FOREIGN KEY (`CodArtigo`) REFERENCES `Artigo` (`CodArtigo`),
  ADD CONSTRAINT `FK_184` FOREIGN KEY (`CodAutor`) REFERENCES `Autor` (`CodAutor`);

--
-- Restrições para tabelas `ArtigoCoordenador`
--
ALTER TABLE `ArtigoCoordenador`
  ADD CONSTRAINT `FK_235` FOREIGN KEY (`CodArtigo`) REFERENCES `Artigo` (`CodArtigo`),
  ADD CONSTRAINT `FK_239` FOREIGN KEY (`CodCoordenador`) REFERENCES `Coordenador` (`CodCoordenador`);

--
-- Restrições para tabelas `ArtigoInstituicao`
--
ALTER TABLE `ArtigoInstituicao`
  ADD CONSTRAINT `FK_120` FOREIGN KEY (`CodArtigo`) REFERENCES `Artigo` (`CodArtigo`),
  ADD CONSTRAINT `FK_125` FOREIGN KEY (`CodInstituicao`) REFERENCES `Instituicao` (`CodInstituicao`);

--
-- Restrições para tabelas `ArtigoPalavra`
--
ALTER TABLE `ArtigoPalavra`
  ADD CONSTRAINT `FK_222` FOREIGN KEY (`CodArtigo`) REFERENCES `Artigo` (`CodArtigo`),
  ADD CONSTRAINT `FK_226` FOREIGN KEY (`CodPalavra`) REFERENCES `Palavra` (`CodPalavra`);

--
-- Restrições para tabelas `ArtigoTipoAnalise`
--
ALTER TABLE `ArtigoTipoAnalise`
  ADD CONSTRAINT `FK_47` FOREIGN KEY (`CodTipoAnalise`) REFERENCES `TipoAnalise` (`CodTipoAnalise`),
  ADD CONSTRAINT `FK_66` FOREIGN KEY (`CodArtigo`) REFERENCES `Artigo` (`CodArtigo`);

--
-- Restrições para tabelas `ArtigoTipoObjetivo`
--
ALTER TABLE `ArtigoTipoObjetivo`
  ADD CONSTRAINT `FK_109` FOREIGN KEY (`CodArtigo`) REFERENCES `Artigo` (`CodArtigo`),
  ADD CONSTRAINT `FK_114` FOREIGN KEY (`CodTipoObjetivo`) REFERENCES `TipoObjetivo` (`CodTipoObjetivo`);

--
-- Restrições para tabelas `ArtigoTipoProcedimento`
--
ALTER TABLE `ArtigoTipoProcedimento`
  ADD CONSTRAINT `FK_75` FOREIGN KEY (`CodArtigo`) REFERENCES `Artigo` (`CodArtigo`),
  ADD CONSTRAINT `FK_80` FOREIGN KEY (`CodTipoProcedimento`) REFERENCES `TipoProcedimento` (`CodTipoProcedimento`);

--
-- Restrições para tabelas `Instituicao`
--
ALTER TABLE `Instituicao`
  ADD CONSTRAINT `FK_195` FOREIGN KEY (`CodUF`) REFERENCES `UnidadeFederacao` (`CodUF`);

--
-- Restrições para tabelas `ObjetoPesquisa`
--
ALTER TABLE `ObjetoPesquisa`
  ADD CONSTRAINT `FK_164` FOREIGN KEY (`CodObjetoPesquisaPai`) REFERENCES `ObjetoPesquisa` (`CodObjetoPesquisa`);

/*!40101 SET CHARACTER_SET_CLIENT=@OLD_CHARACTER_SET_CLIENT */;
/*!40101 SET CHARACTER_SET_RESULTS=@OLD_CHARACTER_SET_RESULTS */;
/*!40101 SET COLLATION_CONNECTION=@OLD_COLLATION_CONNECTION */;
