-- phpMyAdmin SQL Dump
-- version 4.4.10
-- http://www.phpmyadmin.net
--
-- Host: bdlivre.ufrgs.br
-- Tempo de geração: 28/05/2019 às 18:44
-- Versão do servidor: 5.5.31
-- Versão do PHP: 5.6.20

SET SQL_MODE = "NO_AUTO_VALUE_ON_ZERO";
SET time_zone = "+00:00";


/*!40101 SET @OLD_CHARACTER_SET_CLIENT=@@CHARACTER_SET_CLIENT */;
/*!40101 SET @OLD_CHARACTER_SET_RESULTS=@@CHARACTER_SET_RESULTS */;
/*!40101 SET @OLD_COLLATION_CONNECTION=@@COLLATION_CONNECTION */;
/*!40101 SET NAMES utf8mb4 */;

--
-- Banco de dados: `pmmpub`
--

-- --------------------------------------------------------

--
-- Estrutura para tabela `Abrangencia`
--

CREATE TABLE IF NOT EXISTS `Abrangencia` (
  `CodAbrangencia` int(11) NOT NULL,
  `NomeAbrangencia` varchar(100) NOT NULL
) ENGINE=InnoDB DEFAULT CHARSET=utf8;

--
-- Fazendo dump de dados para tabela `Abrangencia`
--

INSERT INTO `Abrangencia` (`CodAbrangencia`, `NomeAbrangencia`) VALUES
(1, 'Local'),
(2, 'Regional'),
(3, 'Nacional'),
(4, 'Internacional');

-- --------------------------------------------------------

--
-- Estrutura para tabela `Artigo`
--

CREATE TABLE IF NOT EXISTS `Artigo` (
  `CodArtigo` int(11) NOT NULL,
  `NomeArtigo` varchar(300) NOT NULL,
  `NomeArtigoIngles` varchar(300) DEFAULT NULL,
  `Resumo` varchar(5000) NOT NULL,
  `NomeRevistaConferencia` varchar(300) DEFAULT NULL,
  `Volume` varchar(45) DEFAULT NULL,
  `Numero` varchar(10) DEFAULT NULL,
  `AnoPublicacao` year(4) NOT NULL,
  `Paginas` varchar(15) DEFAULT NULL,
  `IndicadorRevistaConferencia` varchar(1) NOT NULL,
  `DataInicioEstudo` date DEFAULT NULL,
  `DataFimEstudo` date DEFAULT NULL,
  `IndicadorMulticentrico` varchar(1) NOT NULL,
  `UrlArtigo` varchar(500) DEFAULT NULL,
  `CodObjetoPesquisa` int(11) NOT NULL,
  `CodAbrangencia` int(11) NOT NULL,
  `CodRevista` int(11) DEFAULT NULL,
  `CodUsuarioInsercao` int(11) NOT NULL,
  `CodUsuarioUltimaAtu` int(11) NOT NULL,
  `DataInsercao` datetime NOT NULL,
  `DataUltimaAtu` datetime NOT NULL
) ENGINE=InnoDB DEFAULT CHARSET=utf8;

--
-- Fazendo dump de dados para tabela `Artigo`
--

INSERT INTO `Artigo` (`CodArtigo`, `NomeArtigo`, `NomeArtigoIngles`, `Resumo`, `NomeRevistaConferencia`, `Volume`, `Numero`, `AnoPublicacao`, `Paginas`, `IndicadorRevistaConferencia`, `DataInicioEstudo`, `DataFimEstudo`, `IndicadorMulticentrico`, `UrlArtigo`, `CodObjetoPesquisa`, `CodAbrangencia`, `CodRevista`, `CodUsuarioInsercao`, `CodUsuarioUltimaAtu`, `DataInsercao`, `DataUltimaAtu`) VALUES
(1, 'A contribuição do Programa Mais Médicos: análise a partir das recomendações da OMS para provimento de médicos', 'Mais Médicos (More Doctors) Program: its contribution in view of WHO recommendations for provision of doctors', 'Este estudo tem como objetivo analisar se o Programa Mais Médicos (PMM) contemplou as recomendações da Organização Mundial da Saúde (OMS) relacionadas ao aprimoramento da atração, do recrutamento e da retenção de profissionais de saúde em áreas remotas e rurais. Trata-se de um estudo descritivo, qualitativo, baseado em análise documental, no intuito de comparar se as recomendações publicadas em 2010 pela OMS foram contempladas na Lei 12.871/13, que instituiu o PMM. Ao total, foram sistematizadas 16 recomendações da OMS, para as quais o PMM atendeu a 37,5%. Entre as recomendações não contempladas, encontram-se a ausência de programas de desenvolvimento da carreira e de medidas de reconhecimento público. Algumas recomendações que não foram atendidas pela PMM já estavam sendo desenvolvidas, tais como o Programa Nacional de Bolsa Permanência para estudantes de nível superior e a inserção de diferentes profissionais de saúde no SUS (Estratégia Saúde da Família). O programa apresenta fatores inovadores, como a mudança curricular do curso de medicina e o serviço médico obrigatório, entretanto, poderia ter feito mais investimentos na categoria de apoio pessoal e profissional.', 'Ciência e Saúde Coletiva', '21', '9', 2016, '2773-2784', 'R', '2016-01-01', '2016-12-31', 'S', 'http://www.scielo.br/pdf/csc/v21n9/1413-8123-csc-21-09-2773.pdf', 1, 3, 1, 1, 5, '2018-10-11 12:49:37', '2019-02-07 11:12:29'),
(3, 'Avaliação da satisfação dos usuários e da responsividade dos serviços em municípios inscritos no Programa Mais Médicos', 'Evaluation of user satisfaction and service responsiveness in municipalities enrolled in the Mais Médicos (More Doctors) Program', '"A finalidade do Programa Mais Médicos é diminuir a carência de médicos e reduzir as desigualdades regionais no acesso à atenção à saúde. O estudo objetivou avaliar a satisfação dos usuários com os médicos do Programa e a responsividade destes serviços de saúde. Estudo transversal descritivo realizado em 32 municípios com 20% ou mais de extrema pobreza com 263 usuários dos serviços de saúde. Aplicou-se um questionário estruturado com perguntas abertas e fechadas. Os usuários expressaram satisfação quanto ao atendimento médico, às informações recebidas sobre a doença e o tratamento, e a clareza e a compreensão das indicações. O bom desempenho técnico e humanizado dos médicos contribuiu para a satisfação dos usuários que ressaltaram a importância da continuidade do programa. Na dimensão responsividade, a maioria dos usuários externou contentamento quanto aos aspectos não médicos do cuidado: rapidez no agendamento, tempo de espera inferior a uma hora e privacidade. As sugestões dos usuários de melhorias na infraestrutura, maior disponibilidade de medicamentos e presença de mais médicos, devem ser consideradas pelos gestores do Sistema Único de Saúde para avançar na garantia do direito constitucional de acesso à saúde no Brasil."', 'Ciência e Saúde Coletiva', '21', '9', 2016, '2749-2759', 'R', '2014-01-01', '2015-12-31', 'S', 'http://www.scielo.br/pdf/csc/v21n9/1413-8123-csc-21-09-2749.pdf', 2, 3, 1, 1, 5, '2018-10-19 21:41:00', '2019-02-13 10:21:26'),
(4, 'A implementação do Programa Mais Médicos e a integralidade nas práticas da Estratégia Saúde da Família', 'The implementation of the Mais Médicos (More Doctors) Program and comprehensiveness of care in the Family Health Strategy', 'O Programa Mais Médicos (PMM) é uma estratégia do governo do Brasil que visa à ampliação do acesso a profissionais médicos e,\r\nconsequentemente, melhorias na qualidade dos serviços de Atenção Primária à Saúde. Objetivou-se analisar a percepção dos outros membros das equipes de saúde da família acerca da integralidade nas práticas a partir da incorporação do médico do Programa. Estudo em 32 municípios pobres nas cinco regiões do Brasil, nos quais foram entrevistados 78 profissionais de saúde, não médicos,\r\ndas equipes que receberam médicos do PMM. As entrevistas foram submetidas à análise de conteúdo auxiliada pelo software Atlas.ti. Os principais achados revelaram o aumento do acesso e da acessibilidade ao serviço de saúde da Estratégia Saúde da Família; acolhimento humanizado e vínculo: compreensão, parceria, amizade e respeito; o resgate da clínica: tempo dedicado, escuta atenta, exame físico minucioso; o desejo e a disponibilidade para resolver problemas; a continuidade dos cuidados; a garantia de visitas domiciliares e as equipes multiprofissionais articuladas em redes. Conclui-se que o Programa Mais Médicos contribuiu na presença de traços de integralidade nas práticas de saúde, impactando positivamente na melhoria da Atenção Básica à Saúde.', 'Ciência e Saúde Coletiva', '21', '9', 2016, '2729-2738', 'R', '2014-01-01', '2015-12-31', 'S', 'http://www.scielo.br/pdf/csc/v21n9/1413-8123-csc-21-09-2729.pdf', 2, 3, 1, 1, 5, '2018-10-19 21:41:01', '2019-02-13 10:39:44'),
(5, 'Narrativas e Memórias de Docentes Médicos sobre o Ensino Baseado na Comunidade no Sertão Nordestino', 'Narratives and Memories of Professors of Medicine on Community-Based Education in the Brazilian Northeast', 'O ensino baseado na comunidade trata-se de uma abordagem educacional voltada à inserção de estudantes em cenários de prática real desde os anos iniciais dos cursos, principalmente em comunidades urbanas e/ou rurais e em serviços da atenção primária à saúde, em que o planejamento, a execução e a avaliação das ações desenvolvidas partem das necessidades de saúde local e, idealmente, inclui a participação de pessoas da comunidade, das equipes de saúde e da própria universidade em todas as suas etapas. Este estudo problematizou o processo de implementação de um currículo baseado no ensino em comunidade em uma escola médica criada no âmbito do Programa Mais Médicos, no sertão nordestino. Para isto, trabalhou-se com interlocuções teóricas entre narrativas, memória e currículo. Teve-se por objetivo compreender como docentes médicos vivenciam o ensino baseado na comunidade, tendo em vista suas memórias da formação médica. Trata-se de estudo qualitativo, nos marcos da história oral. Para a produção das narrativas e contextualização dos sujeitos, utilizaram-se observações participantes, questionários socioeconômicos e entrevistas individuais semi-estruturadas. As informações foram  analisadas  pela  técnica  de  codificação  temática.  Os  resultados  são  apresentados  e  discutidos por  meio  de  duas  categorias  temáticas:  ?eles  serão  médicos  dentro  de  uma  comunidade?:  currículo, memória e formação médica; e ?na hora em que eu cheguei lá, quis ir embora?: atuação docente no ensino baseado na comunidade. As narrativas desvelaram as disparidades e incongruências entre uma formação  médica  modelada  nas  prescrições  do  currículo  ?tradicional?  e  as  expectativas  de  atuação docente num currículo ?inovador?, caracterizado pela centralidade do estudante e das necessidades de saúde locais que produzem arranjos pedagógicos diversos próprios do ensino baseado na comunidade. Nesse panorama, imbricam-se desafios, dificuldades e gratificações num movimento ainda amorfo e num espaço ainda com muitos vazios que esperam para serem preenchidos, descritos, narrados com futuras histórias de vida que poderão elucidar como se aprendeu a ser docente nesse horizonte que se espraia a nossa frente. Cumpre destacar a polissemia do termo "comunidade" no contexto estudado e as dificuldades vivenciadas no início da carreira docente, o que evidencia a necessidade de investimentos em desenvolvimento docente nos cursos médicos, em geral, e nos recém-criados, em particular.', 'Revista Brasileira de Educação Médica', '42', '1', 2018, '142-151', 'R', '2013-01-01', '2015-12-31', 'N', 'http://www.scielo.br/pdf/rbem/v42n1/0100-5502-rbem-42-01-0142.pdf', 3, 1, 2, 1, 5, '2018-10-19 21:55:41', '2019-02-13 11:33:55'),
(6, ' Cobertura universal em saúde e o Programa Mais Médicos no Brasil', 'Universal health coverage and the More Doctors physician recruitment program (Programa Mais Médicos) in Brazil', 'A cobertura universal pode ser entendida como uma meta que engloba diversas medidas que permitem a ampliação do acesso pelos sistemas de saúde. A atenção primária à saúde (APS) deve ser vista como um aspecto essencial desse processo, com papel de re-organização dos serviços com base nas necessidades em saúde. O Programa Mais Médicos no Brasil traz uma série de medidas para fortalecer a APS no país. A partir de uma revisão conceitual de cobertura universal em saúde e de uma análise do Programa Mais Médicos sob a ótica dos resultados obtidos em termos de fortalecimento da APS no Sistema Único de Saúde (SUS), o objetivo do artigo foi discutir a potencial contribuição do Programa Mais Médicos para o avanço do sistema de saúde brasileiro rumo à cobertura universal. Conclui-se que o Programa Mais Médicos é um propulsor para o alcance da cobertura universal no SUS.', 'SCIELO', NULL, NULL, 2018, NULL, 'R', NULL, NULL, 'N', 'http://iris.paho.org/xmlui/bitstream/handle/123456789/34589/v42e12018.pdf?sequence=1&isAllowed=y', 1, 3, 3, 3, 5, '2018-10-31 16:11:46', '2019-02-07 11:13:06'),
(7, 'O Projeto Mais Médicos para o Brasil e a construção de mitos: uma leitura bartheana', NULL, 'O Projeto Mais Médicos para o Brasil (PMMB) tenciona prover recursos humanos para o Sistema Único de Saúde por meio da melhoria da infraestrutura da rede de saúde; da ampliação das reformas educacionais dos cursos de Medicina e residência médica; e da provisão de médicos para áreas vulneráveis. A implantação do projeto enfrentou reações contrárias à proposta, envolvendo principalmente as instituições médicas do país. Inspirados no conceito de mito, realizamos uma leitura dos discursos com que o Conselho Federal de Medicina sustentou o debate, por meio da análise do Jornal Medicina durante os primeiros 24 meses da implantação do PMMB. O mito é revelador de como práticas discursivas introduzem no imaginário coletivo alegorias que demarcam espaços ideológicos e permite analisar o processo de disputa social e das condições históricas de formulação e implantação de um programa governamental.', NULL, '21', NULL, 2017, '1157-1168', 'R', '2013-02-04', '2014-08-05', 'N', 'http://www.scielo.br/pdf/icse/v21s1/1807-5762-icse-1807-576220160540.pdf', 1, 3, 7, 3, 5, '2018-11-05 14:26:34', '2019-02-07 11:11:45'),
(9, 'Escala de Avaliação das Percepções sobre o Programa Mais Médicos', 'Scale for Assessment of Beliefs about the Program More Doctors ', 'A presente pesquisa objetivou criar um instrumento de avaliação da eficácia do Programa Mais Médicos (PMM), apreendendo as percepções de uma amostra não probabilística nacional estratificada de 643 brasileiros. Foi realizada análise fatorial na escala, e os dados de avaliação do PMM foram analisados por meio de estatística descritiva, bivariada e multivariada. Com indicação de melhores valores psicométricos e explicação teórica, o método Componentes Principais, com rotação varimax, estruturou os 35 itens da escala dicotômica em dois fatores, que explicam conjuntamente 56,92% da variância total: “Aspectos estruturais e organizacionais do Programa Mais Médicos” (α = 0,96) e “A atuação dos médicos no Programa Mais Médicos” (α = 0,74). Contempla-se, ainda, que a eficácia do PMM foi avaliada negativamente. Esses achados revelam que o instrumento é útil para avaliação do PMM, ainda escasso de instrumentos na literatura para sua avaliação, podendo ser adequadamente utilizada em estudos futuros.', NULL, '22', '3', 2017, '501-513', 'R', NULL, NULL, 'N', 'http://www.scielo.br/pdf/pusf/v22n3/2175-3563-pusf-22-03-501.pdf ', 1, 3, 35, 3, 5, '2018-11-05 14:43:49', '2019-02-07 11:18:00'),
(10, 'Efetividade da Estratégia Saúde da Família em unidades com e sem Programa Mais Médicos em município no oeste do Paraná, Brasil', 'Effectiveness of the Family Health Strategy in units with, and without, the Mais Médicos (More Doctors) Program in a municipality in the west of Paraná state, Brazil', 'Após dois anos de implantação do Programa Mais Médicos no país, estudar sua viabilidade faz-se necessário. Esta pesquisa teve como objetivo avaliar a efetividade da assistência oferecida na atenção primária, segundo a ótica dos profissionais de saúde, comparando-se unidades com e sem médicos do Programa Mais Médicos.Pesquisa quantitativa que utilizou para coleta de dados, o instrumento Primary Care Assesment Tool – Brasil, versão para profissionais de saúde, na totalidade das unidades de saúde da família, em município de médio porte, no interior do Paraná, de novembro de 2015 a fevereiro de 2016. Abrangeu 72 profissionais, 47 alocados em unidades da estratégia saúde da família e 25 nessas unidades contendo o programa. Os resultados evidenciaram que os escores dos atributos essencial (6,93) e geral (7,10) obtiveram valores considerados orientados aos preceitos da atenção primária, em ambas as unidades. Contudo, a acessibilidade (4,17), em ambas as unidades e coordenação – sistema de informações (6,57), em unidades com o Programa Mais Médicos, não atingiram avaliação satisfatória, o que remete à necessidade de alteração na organização da estratégia saúde da família, independente da implantação desse programa.', 'Ciência e Saúde Coletiva', '21', '9', 2016, '2849-2860', 'R', '2015-11-01', '2016-02-01', 'N', 'http://www.scielo.br/pdf/csc/v21n9/1413-8123-csc-21-09-2849.pdf ', 2, 1, 1, 4, 5, '2018-11-05 14:53:06', '2019-02-13 10:20:09'),
(11, ' Programa Mais Médicos no Nordeste: avaliação das internações por condições sensíveis à Atenção Primária à Saúde ', 'The Mais Médicos (More Doctors) Program in Northeast: evaluation of hospitalizations for Primary Healthcare-sensitive conditions. ', 'Este artigo analisa o incremento de profissionais na Região Nordeste propiciado pelo Programa Mais Médicos. A efetividade do incremento foi analisada por meio do indicador internações por condições sensíveis à Atenção Primária. A metodologia utilizada foi a abordagem quantitativa, a partir de dados acerca da distribuição e do provimento de médicos nos estados, e das internações por diarreia e gastroenterite no período de setembro de 2012 a agosto de 2015. A seleção do agravo considerou os aspectos da sua elevada frequência no período, simplicidade de intervenção e ocorrência histórica no Nordeste. Os resultados mostram que o Programa Mais Médicos influenciou na redução das internações por essa condição sensível, que diminuíram 35% no período investigado, com diferenças importantes entre os estados. Apesar da importância do aporte de profissionais médicos para o sistema de saúde, sabe-se que isoladamente o efeito do incremento profissional de uma categoria é limitado para o aprimoramento da APS.', NULL, '21', '9', 2016, '2815-2824', 'R', '2012-03-02', '2015-05-04', 'N', 'http://www.scielo.br/pdf/csc/v21n9/1413-8123-csc-21-09-2815.pdf', 1, 2, 1, 3, 5, '2018-11-05 14:56:31', '2019-02-07 11:19:33'),
(12, 'Análise das emendas parlamentares ao Programa Mais Médicos: o modelo de formação médica em disputa', NULL, 'O conjunto dos interesses e disputas envolvidos no processo, seja aperfeiçoando ou desvirtuando. Ressalta os confrontos nas emendas que atendem a interesses corporativos e aquelas aliadas ao princípio constitucional da universalidade, resultando em mudanças principalmente no Capítulo da Formação Médica. Conclui que a polêmica e o acirramento entre posições ideológicas não comprometeram a iniciativa governamental de diminuir a carência de médicos e fixá-los em áreas prioritárias do Sistema Único de Saúde (SUS).', NULL, '41', '3', 2017, '60-73', 'R', '2016-03-01', '2016-12-15', 'N', 'http://www.scielo.br/pdf/sdeb/v41nspe3/0103-1104-sdeb-41-spe3-0060.pdf ', 1, 3, 18, 3, 5, '2018-11-05 15:07:09', '2019-02-07 11:22:51'),
(13, 'Programa Mais Médicos, aperfeiçoando o SUS e democratizando a saúde: um balanço analítico do programa', 'Mais Médicos Program, improving SUS and democratizing health: an analytic balance of the program', 'Este trabalho visa analisar o Programa Mais Médicos (PMM) enquanto política pública da saúde, descrevendo algumas de suas características principais e apresentando dados que permitam uma visão sobre seu desempenho, a fim de trazer à luz, além de outros aspectos, a discrepância entre os resultados alcançados e a oposição feita ao programa pelo Conselho Federal de Medicina e pelo Conselho Regional de Medicina do Estado de São Paulo. Tomando como referência o ciclo de políticas públicas, o trabalho trata com especial ênfase as etapas de formulação e implementação. Utilizando como referencial analítico os conceitos de insulamento burocrático e janela de oportunidades, argumenta-se que o PMM possui aspectos instigantes, seja pelas características insuladas que marcam seu processo de formulação – levando a crer que o programa se manteve alheio a pressões externas durante essa fase –, seja pelo caráter oportuno gerado pelas chamadas Jornadas de Junho de 2013, que criaram condições necessárias para o governo federal lançar uma iniciativa claramente polêmica. Essas características, associadas ao significativo impacto social do programa, propiciam reflexões com potenciais aprendizados para processos envolvendo políticas públicas.', NULL, '26', '4', 2017, '872-877', 'R', '2016-03-02', '2016-12-15', 'N', 'http://www.scielo.br/pdf/sausoc/v26n4/1984-0470-sausoc-26-04-872.pdf ', 1, 3, 11, 3, 5, '2018-11-05 15:11:37', '2019-02-07 11:24:13'),
(14, 'Análise do Programa Mais Médicos à luz dos arranjos institucionais: intersetorialidade, relações federativas, participação social e territorialidade', 'Analysis of the Mais Médicos (More Doctors) Program in terms of its institutional arrangements: sector cooperation, federative relations, social participations and territoriality', 'O artigo analisa o Programa Mais Médicos, adotando como referencial o conceito de arranjo institucional, compreendido como as regras, organizações e processos que definem o desenho específico de uma determinada política pública, estabelecendo a articulação entre os seus atores e interesses. A adoção desse conceito permite compreender a dinâmica dos atores participantes desse arranjo e como se articulam a governança, a construção da decisão e a governabilidade dos atores, bem como o reflexo de todos esses fatores no desempenho da política pública. O aprofundamento da análise baseou-se em quatro categorias, consideradas fundamentais, para se compreender um arranjo organizacional no caso brasileiro: a intersetorialidade, as relações federativas, a participação social e a territorialidade. ', 'Ciência e Saúde Coletiva', '21', '9', 2016, '2761-2772', 'R', '2013-06-01', '2016-03-11', 'N', 'http://www.scielo.br/pdf/csc/v21n9/1413-8123-csc-21-09-2761.pdf ', 2, 3, 1, 4, 5, '2018-11-05 15:12:53', '2019-02-13 10:23:04'),
(15, ' "Programa Mais Médicos" e a saúde Brasil', ' "More Doctors" Program and Health care in Brazil', 'O artigo apresenta a discussão do autor acerca do funcionamento e eficácia do PMM', NULL, '11', '4', 2013, NULL, 'R', NULL, NULL, 'N', 'http://www.sbcm.org.br/revistas/RBCM/RBCM-2013-04.pdf', 1, 3, 36, 3, 5, '2018-11-05 15:18:04', '2019-02-07 11:27:20'),
(16, 'Jornais Folha de São Paulo e Correio Braziliense: o que dizem sobre o programa mais médicos?', 'Newspapers Folha de São Paulo and Correio Braziliense: what they say about the program More Doctors?', 'Analisa as publicações relacionadas ao Programa Mais Médicos de julho a setembro \r\nde 2013 e sua repercussão no Correio Braziliense e Folha de São Paulo. Trata-se de \r\num  estudo  descritivo  que  utilizou  de  metodologia qualiquantitativa. Os dados analisados e relacionados representam o que \r\no Programa assume na mídia impressa. Foram encontradas 363 publicações, sendo \r\n262 na Folha de São Paulo e 101 no Correio \r\nBraziliense. A palavra “Médicos” mais apareceu nos títulos, e na Folha de São Paulo \r\nforam 110 dos títulos negativos; no Correio \r\nBraziliense o caráter neutro esteve em 50 \r\ndas  publicações.  No  caráter  da  notícia, \r\n178  destas  são  pessimistas.  As  “neutras” \r\nrepresentaram  101  e  as  “otimistas”  83. \r\nVerificou-se  que  a  mídia  é  fundamental \r\npara a repercussão do Programa, mas não \r\ntransparece  a  verdade,  mas  a  opinião  de \r\njornalistas que escreveram as notícias relacionadas ao tema.', NULL, '48', '2', 2014, '107-115', 'R', '2013-03-20', '2013-12-15', 'N', 'http://www.scielo.br/pdf/reeusp/v48nspe2/pt_0080-6234-reeusp-48-nspe2-00107.pdf', 1, 3, 37, 3, 5, '2018-11-05 15:23:35', '2019-02-07 11:30:24'),
(17, 'Uma análise da luta das entidades médicas brasileiras diante do Programa Mais Médicos', ' An analysis of the Brazilian medical associations struggles confronting the Mor', 'Buscamos analisar a agenda política das principais entidades médicas nacionais brasileiras e suas lutas em torno do Programa Mais Médicos do Ministério da Saúde do Brasil. Trata-se de pesquisa de natureza qualitativa, de nível exploratório e de caráter analítico, baseada em diversas fontes que veicularam posições dessas entidades, de maio de 2010 a dezembro de 2014, e em publicações da imprensa, de junho de 2013 a dezembro de 2014, que foram sistematizadas segundo categorias elaboradas a partir da própria análise. Identificamos que as entidades médicas brasileiras realizaram intensa atuação conjunta, integrando interesses voltados aos setores público e privado. O apogeu se deu entre junho e outubro de 2013, nas mobilizações de resistência ao Programa Mais Médicos. Entretanto, registramos que divergências em torno das lutas contra este Programa fragilizaram as articulações políticas dessas entidades que haviam sido construídas nos últimos anos.', NULL, '21', '1', 2017, '1103-1114', 'R', '2011-06-04', '2016-12-03', 'N', 'http://www.scielo.br/pdf/icse/v21s1/1807-5762-icse-1807-576220160363.pdf ', 1, 3, 7, 3, 5, '2018-11-05 15:28:33', '2019-02-07 11:34:56'),
(18, 'Programa Mais Médicos: análise dos potenciais riscos e benefícios a partir da experiência como supervisor no município de Jandira', NULL, 'Trata-se de um relato de experiência sobre o trabalho de supervisão do Mais Médicos em uma cidade na região da Grande São Paulo ao longo de 2014. O programa Mais Médicos foi instituído pelo governo federal em 2013 e conta com a participação de médicos de diversos países, sendo que a maioria é de Cuba. Este relato de experiência procura elencar e analisar de forma sucinta alguns potenciais riscos e benefícios que o programa proporciona aos diversos atores envolvidos.', NULL, '12', '39', 2017, '1-9', 'R', '2014-04-15', '2014-11-12', 'N', 'https://www.rbmfc.org.br/rbmfc/article/view/1098/834', 1, 1, 4, 3, 5, '2018-11-05 15:31:56', '2019-02-07 11:37:25'),
(19, 'Desafios para assegurar a disponibilidade e acessibilidade à assistência médica no Sistema Único de Saúde ', ' Challenges for ensuring availability and accessibility to health care services under Brazil’s Unified Health System (SUS)', 'Este estudo tem o objetivo de compreender os desafios dos formuladores de políticas e gestores do SUS para assegurar a disponibilidade e a acessibilidade geográfica aos serviços prestados pelos médicos. A análise foi orientada por um quadro de análise do mercado de trabalho e das intervenções políticas na saúde. Foram identificados dois problemas centrais: escassez de médicos e má distribuição de profissionais entre os níveis de cuidados de saúde e entre as zonas geográficas. Nesta revisão, o foco é sobre oito intervenções nos últimos 30 anos, cujo objetivo principal era corrigir a má distribuição dos médicos no SUS, nomeadamente: o Projeto Rondon, o Programa de Interiorização do Trabalho em Saúde (PITS), o Programa de Apoio à Formação de Médicos Especialistas em Áreas Estratégicas (Pró-Residência), o Programa de Valorização dos Profissionais da Atenção Básica (PROVAB), o Programa Mais Médicos, entre outras. A discussão focaliza nos fatores que influenciam o resultado dessas intervenções.', NULL, '22', '4', 2017, '1165-1180', 'R', NULL, NULL, 'N', 'http://www.scielo.br/pdf/csc/v22n4/1413-8123-csc-22-04-1165.pdf', 1, 3, 1, 3, 5, '2018-11-05 15:36:27', '2019-02-07 11:46:47'),
(20, ' A ampliação das esquipes de saúde da família e o Programa Mais Médicos nos municípios brasileiros', NULL, 'O estudo analisou a evolução das equipes de saúde da família no Brasil, com base em dados secundários do Ministério da Saúde sobre as equipes de saúde da família implantadas em dezembro de 2012 e 2015 no Cadastro Nacional de Estabelecimentos de Saúde, segundo macrorregiões e portes populacionais dos municípios. Também foram analisadas internações por causas sensíveis à atenção primária, com base no Sistema de Informações Hospitalares, tendo como referência o ano de ocorrência da internação. Em 2015, mais de 70% dos municípios tinham aderido ao Programa Mais Médicos (quase 40% das equipes de saúde da família), assegurando a universalização em quase 100% dos municípios de menor porte populacional. Além da expansão, que incluiu mais de vinte milhões de habitantes, observou-se a substituição de equipes antes implantadas, sugerindo redução da rotatividade e fixação dos profissionais, o que pode ter sido estimulado pelo financiamento do Ministério da Saúde, desonerando os municípios. Internações por causas sensíveis à atenção primária reduziram-se ainda mais após a implantação do programa, sugerindo sua contribuição na melhoria do acesso e desempenho da atenção primária. Ainda há importantes desafios, e o programa representa um esforço para se alcançar a universalidade no sistema.', NULL, '15', '1', 2017, '131-145', 'R', '2016-03-11', '2016-11-28', 'N', 'http://www.scielo.br/scielo.php?script=sci_arttext&pid=S1981-77462017000100131&lng=en&nrm=iso&tlng=pt', 1, 3, 23, 3, 5, '2018-11-05 15:42:20', '2019-02-07 11:49:28'),
(21, 'Programa Mais Médicos – um ponto de vista desde a Inglaterra', 'Mais Médicos (More Doctors) Program - a view from England', 'O Programa Mais Médicos (PMM) é uma estratégia nacional para aumentar o número de médicos brasileiros formados entrando na área de cuidados primários e é, sem dúvida, a intervenção de recursos humanos mais importante na América Latina nos últimos anos. De uma perspectiva inglesa, é evidente que existem oportunidades para aprender com o PMM. Em primeiro lugar, o papel da OPAS no PMM fornece um exemplo para um modelo de migração de recursos e recrutamento humano global em toda a UE. O papel da OMS em influenciar e fiscalizar o recrutamento de médicos em toda a UE poderia ser uma oportunidade para melhorar a distribuição, evitando a dependência nas forças de mercado. Em segundo lugar, um processo centralmente coordenada e governada de acordo com critérios bem estabelecidos e as orientações constantes da lei tem ajudado a garantir que os médicos sejam alocados em regiões de maior necessidade. Por fim, a implementação de médicos de cuidados primários garante que as necessidades de toda a população sejam atendidas, incluindo em áreas de difícil alcance. No entanto, o Brasil não deve cair na armadilha de avaliar pouco. O Brasil pode fazer estudos robustos sobre a melhoria do acesso pelos resultados e equidade com que a ESF já foi creditada. A avaliação deve incluir o impacto do PMM em Cuba.', NULL, '21', '9', 2016, '2919-2923', 'R', '2014-05-12', '2014-10-20', 'N', 'https://www.scielosp.org/pdf/csc/v21n9/1413-8123-csc-21-09-2919.pdf ', 1, 4, 1, 3, 5, '2018-11-05 15:46:13', '2019-02-07 11:50:22'),
(22, 'A Atenção Básica no Brasil e o Programa Mais Médicos: uma análise de indicadores de produção', 'Primary Health Care in Brazil and the Mais Medicos (More Doctors) Program: an analysis of production indicators', 'O presente estudo analisa a produção de consultas e encaminhamentos médicos e das equipes da estratégia saúde da família realizados na atenção básica no Brasil, com o enfoque no Programa Mais Médicos (PMM). Estudo seccional sobre a produção de trabalho do médico e das equipes que pertencem ou não ao PMM em 2014 a partir de dados secundários do SIAB e ESUS. Foram construídos indicadores absolutos, como total de consultas médicas mensais, encaminhamentos médicos e atendimentos a grupos de educação em saúde, e indicadores relativos, como taxas e produtividade semanal de consultas médicas, segundo o perfil de municípios brasileiros. A mediana do total de consultas médicas no Brasil produzidas no Brasil foi de 285 por mês, o que corresponde a uma média de 14,4 consultas/dia. Nos municípios mais pobres, a produção e a produtividade de consultas pelos médicos do PMM foi mais elevada. O volume de atividades educativas e procedimentos da equipe com Mais Médicos foi maior nas capitais brasileiras. O PMM expandiu o acesso aos serviços de saúde nas regiões com maior vulnerabilidade social, contribuindo para a consolidação da atenção básica em todo o território brasileiro.', NULL, '21', '9', 2016, '2685-2696', 'R', '2014-01-01', '2014-12-30', 'N', 'http://www.scielo.br/scielo.php?script=sci_arttext&pid=S1413-81232016000902685&lng=pt&tlng=pt', 1, 3, 1, 3, 5, '2018-11-05 15:52:57', '2019-02-07 11:52:31'),
(23, 'O que pode o Mais Médicos?', ' Where now for the Mais Médicos (More Doctors) Program?', 'A primeira observação a fazer é de reconhecimento pelo modo como os autores, utilizando-se de diferentes fontes e referências, construíram uma narrativa abrangente acerca da implementação da Estratégia de Saúde da Família (ESF) no Brasil, da década de 1990 até a atualidade, indicando avanços e limites deste processo até aprofundar-se numa análise crítica sobre o Programa Mais Médicos (PMM). A despeito de grande concordância com os autores, buscarei explorar alguns aspectos passíveis de agregações mais relevantes.', NULL, '21', '9', 2016, '2672-2674', 'R', '2013-12-22', '2016-11-18', 'N', 'http://www.scielo.br/scielo.php?script=sci_arttext&pid=S1413-81232016000902672&lng=pt&tlng=pt', 1, 3, 1, 3, 5, '2018-11-05 15:57:52', '2019-02-07 11:53:16'),
(24, 'Análise comparativa sobre a implantação do Programa Mais Médicos em agregados de municípios do Rio Grande do Sul, Brasil', 'A comparative analysis of the implementation of the Mais Médicos (More Doctors) Program in municipalities in the State of Rio Grande do Sul, Brazil', 'A partir da implantação de uma estratégia programática governamental, o Programa Mais Médicos (PMM), tem ocorrido a inserção e o incremento da ocupação e atividade profissional médica em serviços de Atenção Primária à Saúde (APS) em todo o país. Considerada tal iniciativa, que resultados de curto prazo podem ser identificados e comparados entre agregados de municípios do Rio Grande do Sul? O artigo apresenta um estudo de caso-controle de agregados municipais, a partir de dados de fontes secundárias, com propósito exploratório e análise descritiva de um conjunto selecionado de indicadores correlatos aos serviços de APS. Observou-se o incremento de indicadores estruturais nos agregados de municípios com implantação do PMM. Para os indicadores de resultados selecionados, observou-se discreto incremento na produção de serviços nos agregados com PMM, contudo, não foram identificadas diferenças de impactos entre os agregados casos e controles. Estes resultados podem ter sido influenciados pelo exíguo tempo decorrido desde a implantação do PMM, por subnotificações de registro médicos no cadastro de estabelecimentos de saúde (CNES), além da predominância de caráter substitutivo de ocupações médicas nos municípios selecionados para o estudo e com PMM implantado.', NULL, '21', '9', 2016, '2837-2848', 'R', '2010-03-05', '2016-12-04', 'N', 'http://www.scielo.br/scielo.php?pid=S1413-81232016000902837&script=sci_abstract&tlng=pt', 1, 2, 1, 3, 5, '2018-11-05 16:06:50', '2019-02-07 11:55:20'),
(25, ' Monitoramento e avaliação do Projeto de Cooperação da OPAS/OMS com o Programa Mais Médicos: reflexões a meio caminho', ' Monitoring and evaluation of the PAHO/WHO cooperation project, the Mais Médicos (More Doctors) Program: a mid-term assessment', 'As relações de trabalho entre a Organização Pan-Americana da Saúde/Organização Mundial da Saúde (OPAS/OMS) e as instituições de saúde do Brasil têm uma longa história de cooperação com benefícios mútuos que, em muitos casos, foram compartilhados com outras nações sob diversos enfoques de cooperação entre os países para o desenvolvimento da saúde. Um marco nesta relação é a cooperação técnica prestada ao Programa Mais Médicos (PMM). Esta cooperação agrega valor estratégico na redução das lacunas em matéria de igualdade de saúde e capitaliza a natureza única da experiência de cooperação Sul entre Cuba e Brasil, triangulada através da OPAS/OMS. Este artigo discute o papel da OPAS/OMS na avaliação da sua cooperação técnica com o PMM. Foi desenvolvido um marco de monitoramento e avaliação, visando identificar progressivamente os avanços na cobertura e qualidade dos serviços de atenção básica proporcionados pelo Sistema Único de Saúde (SUS) por meio do PMM. Especial atenção foi dedicada à identificação das melhores práticas nos serviços de saúde, à análise dos resultados e impactos do PMM, e à gestão e divulgação dos conhecimentos produzidos pela sua implementação, através de plataforma de conhecimento. Alguns resultados relevantes do PMM são sinteticamente apresentados e discutidos.', NULL, '21', '9', 2016, '2925-2933', 'R', '2014-01-20', '2014-12-30', 'N', 'https://www.scielosp.org/article/ssm/content/raw/?resource_ssm_path=/media/assets/csc/v21n9/1413-8123-csc-21-09-2925.pdf', 1, 3, 1, 3, 5, '2018-11-05 16:12:14', '2019-02-07 11:56:59'),
(26, 'Participação dos municípios de pequeno porte no Projeto Mais Médicos para o Brasil na macrorregião norte do Paraná', ' Participation of small municipalities in the Mais Médicos Para o Brasil (More doctors to Brazil) program in the macro-region of Northern Paraná', 'Em municípios de pequeno porte, que em geral são situados em áreas geográficas mais isoladas, combinado com situações de maior vulnerabilidade social e econômica, a escassez de médicos é um problema constante. O objetivo deste estudo foi identificar a participação e as características dos municípios de pequeno porte da macrorregião norte do estado do Paraná que aderiram ao Projeto Mais Médico para o Brasil (PMMB). Trata-se de um estudo quantitativo realizado em 82 municípios que utilizou dados primários e secundários. Os resultados revelaram que eram poucos os municípios que possuíam algum critério de adesão (6,1%), mas isso não representou um impedimento para que os demais aderissem ao projeto (75,6%). Os municípios que possuíam menores índices de desenvolvimento humano, que tinham população de mais de cinco mil habitantes, algum critério de adesão e que eram mais afastados, seja da sede da região, seja do município de médio/grande porte mais próximo foram os que mais aderiram ao PMMB. Não se pode negar que o PMMB reduziu de forma significativa a distribuição desigual de médicos no Brasil e na região de estudo. Contudo, a sustentabilidade dessa política precisa estar atrelada ao enfrentamento de outros desafios que ainda persistem no SUS. ', NULL, '21', '9', 2016, '2907-2915', 'R', '2015-04-20', '2015-09-07', 'N', 'http://www.scielo.br/scielo.php?script=sci_arttext&pid=S1413-81232016000902907&lng=pt&tlng=pt', 1, 2, 1, 3, 5, '2018-11-05 16:20:19', '2019-02-07 11:58:16'),
(27, ' O fortalecimento da Atenção Primária à Saúde nos municípios da Região Metropolitana de Porto Alegre, Brasil, após a inserção no Programa Mais Médicos: uma comparação intermunicipal', NULL, 'Este artigo visa propor uma adaptação da metodologia utilizada por Starfield e Shy (2002) para avaliar a qualidade da atenção primária em saúde (APS) dos municípios que aderiram ao Programa Mais Médicos. Os indicadores foram adaptados para cada um dos nove critérios propostos na metodologia original e aplicados para os municípios de médio e grande porte da Região Metropolitana de Porto Alegre, antes e depois destes integrarem o Programa Mais Médicos. Em 2014, os municípios foram agregados em três grupos, conforme seus escores. As análises de correlações entre diferentes grupos de escores dos municípios e os indicadores de saúde avaliados não se mostraram significativas, porém, as médias dos indicadores avaliados são melhores no grupo de municípios caracterizados com os melhores escores da APS. Em relação aos indicadores de renda, os maiores gastos per capita em saúde estão relacionados à melhor performance da APS nesses municípios. A adaptação desta metodologia pode indicar melhor compreensão das políticas relacionadas à determinação da saúde. ', NULL, '21', '9', 2016, '2871-2878', 'R', '2012-02-20', '2015-12-18', 'N', 'http://www.scielo.br/pdf/csc/v21n9/1413-8123-csc-21-09-2871.pdf', 1, 1, 1, 3, 5, '2018-11-05 16:26:31', '2019-02-07 11:59:50'),
(28, 'Médicos para atenção primária em regiões rurais e remotas no Brasil: situação atual e perspectivas', 'Physicians for primary health care in rural and remote regions in Brazil: current situation and perspectives', 'Ao longo do último ano, com o Projeto Mais Médicos para o Brasil (PMMB), ganhou força a discussão sobre o provimento de médicos para a atenção primária brasileira. O debate vem sendo acirrado, permeado por discussões ideológicas, e frequentemente se desviando de uma análise cientificamente embasada dos temas em questão. Um dos poucos pontos consensuais é que a distribuição de médicos nas diferentes regiões do Brasil é muito desigual,1,2 contribuindo para o que vem sendo denominado defasagem rural-urbana.', 'Revista Brasileira de Medicina de Família e Comunidade', '9', '32', 2014, '233-234', 'R', '2014-07-01', '2014-09-01', 'N', 'file:///Users/alessandrasantosmendez/Downloads/1004-6146-2-PB.pdf', 2, 3, 4, 4, 5, '2018-11-05 16:27:25', '2019-02-13 10:24:31'),
(29, 'Proyecto "Mais Médicos para Brasil": nueva modalidad de colaboración cubana en el exterior', 'The Project "More Doctors for Brazil": a new modality of the Cuban collaboration abroad', 'El Programa "Mais Médicos" es una modalidad diferente de cooperación médica cubana, porque tiene su expresión en la Ley 12.871 del 22 de octubre del 2013 de la presidencia de la República Federativa de Brasil, la cual en su capítulo cuarto incluye el "Proyecto Mais Médicos para Brasil" y autoriza la contratación, no solo de profesionales brasileños sino de otras nacionalidades, de manera individual o por convenio de gobiernos, para trabajar en la Atención Básica. Su inserción se realiza a través de un proyecto de aprendizaje en los servicios, donde los médicos deben cumplir con diferentes ofertas educacionales y cursos impartidos por universidades del país adscriptas al programa. Los autores se motivaron a realizar el presente artículo que comunica las características de esta forma de colaboración, para conocimiento e información de los profesionales de la salud.', NULL, '7', '1', 2014, '171-177', 'R', NULL, NULL, 'N', 'http://scielo.sld.cu/scielo.php?script=sci_arttext&pid=S2077-28742015000100013', 1, 4, 38, 3, 5, '2018-11-05 16:32:11', '2019-02-07 12:01:38'),
(30, 'Para muito além do Programa Mais Médicos', 'Beyond the Mais Médicos (More Doctors) Program', 'não se aplica...artigo de debate.', NULL, '21', '9', 2016, '2664-2666', 'R', NULL, NULL, 'N', 'http://www.scielo.br/scielo.php?script=sci_arttext&pid=S1413-81232016000902664&lng=pt&tlng=pt', 1, 3, 1, 3, 5, '2018-11-05 16:35:50', '2019-02-07 12:03:18'),
(31, 'Implementação e prospecções do Programa Mais Médicos no Brasil sob o enfoque do modelo de Múltiplos Fluxos de Kingdon', NULL, 'O presente trabalho teve como principal objetivo a análise do processo de formulação e implementação do Programa Mais Médicos pautado nas reivindicações populares e no contexto da saúde no Brasil, por meio do Modelo de Múltiplos Fluxos de Kingdon. Realizou-se uma investigação de caráter aplicado por meio de uma pesquisa de cunho exploratório e descritivo. Analisando fatores antecedentes à implantação do programa, foi observado que o problema da distribuição dos médicos passou a constar na agenda decisória do governo por meio da insatisfação popular expressa nas manifestações ocorridas entre junho e julho de 2013. Esses eventos contribuíram para que o Governo Federal aprovasse a Medida Provisória referente a criação do Programa Mais Médicos, mesmo com a forte oposição de entidades médicas e limitado respaldo da população, como apontaram as pesquisas de opinião contemporâneas a criação do programa. Ao longo de sua implantação, foi perceptível a existência da ambiguidade na tomada de decisão como uma dinâmica caótica de acordo com Kingdon (2003). Atualmente, esta política continua gerando opiniões controversas. ', NULL, '38', '38', 2017, NULL, 'R', NULL, NULL, 'N', 'http://www.revistaespacios.com/a17v38n38/a17v38n38p17.pdf', 1, 3, 39, 3, 5, '2018-11-05 16:40:29', '2019-02-07 12:05:26'),
(32, 'O Programa Mais Médicos: provimento de médicos em municípios brasileiros prioritários entre 2013 e 2014', 'The Mais Médicos (More Doctors) Program: the placement of physicians in priority municipalities in Brazil from 2013 to 2014', 'O provimento e a distribuição inadequada de profissionais de saúde são problemas que ocorrem em diversos países. O Programa Mais Médicos tem como objetivos a diminuição da carência de médicos e a redução das desigualdades regionais em saúde. Apresenta-se estudo descritivo sobre a alocação de médicos entre 2013 e 2014, empregando o banco de dados do Ministério da Saúde. Houve o provimento de 14.168 médicos nos 3.785 municípios que aderiram: 2.377 atendiam aos critérios de prioridade e/ou vulnerabilidade e receberam 77,7% dos médicos; 1.408 municípios, que receberam 22,3% dos médicos, não correspondiam às prioridades estabelecidas. Apresentam-se evidências da redução da carência de médicos, sobretudo nas regiões Norte e Nordeste. Nestas áreas residem cerca de 36% da população brasileira e houve a alocação 46,3% dos médicos. Contudo, questiona-se a introdução de um perfil de elegibilidade que possibilitou alocar 3.166 médicos em 1.408 municípios não prioritários. Conclui-se que\r\neste fato pode ter comprometido a capacidade de o Programa Mais Médicos atingir plenamente seus objetivos como política pública que visa à redução das desigualdades regionais no acesso à atenção básica em saúde. Outros estudos serão necessários para avaliar o impacto gerado pela implementação do Programa Mais Médicos. ', 'Ciência e Saúde Coletiva', '21', '9', 2016, '2719-2727', 'R', '2013-01-01', '2014-01-01', 'N', 'https://www.scielosp.org/pdf/csc/2016.v21n9/2719-2727/pt', 2, 3, 1, 4, 5, '2018-11-05 16:41:43', '2019-02-13 10:25:44'),
(33, 'O Programa Mais Médicos na Perspectiva dos Atores Sociais Responsáveis por sua Implantação e dos Beneficiários no Município de Boqueirão, PB', NULL, '"O governo brasileiro criou em 2013 o Programa Mais Médicos, cujo objetivo central consiste em diminuir a carência de médicos em locais com déficits desses profissionais. O programa prevê responsabilidades compartilhadas entre o governo federal, instituições universitárias e prefeituras municipais. Este trabalho analisou a implantação do Programa Mais Médicos no município de Boqueirão, Paraíba. A pesquisa, realizada entre maio de 2014 e março de 2015, utilizou entrevistas e questionários para coletar as percepções e avaliações dos atores sociais envolvidos com o programa na cidade e dos beneficiários do mesmo. Além disso, foram realizadas observações de campo e consulta documental. A despeito das controvérsias suscitadas durante seu lançamento – motivadas por interesses corporativos, partidários e ideológicos -, o programa assegurou atendimento contínuo às populações de baixa renda no município investigado, sendo responsável pela manutenção constante dos profissionais médicos na atenção básica à saúde, o que se traduziu em considerável aceitação entre os seus beneficiários. Entretanto, as condições precárias de infraestrutura, oferecidas pelo município, evidenciam a distância existente entre a concepção do programa e a realidade local. Tais condições, todavia, não são suficientes para obscurecer a satisfação da população atendida que tem no serviço público a única forma de tratar da saúde."', NULL, '5', '3', 2015, '59-75', 'R', '2014-06-17', '2015-08-22', 'N', 'http://revistas.ufcg.edu.br/reunir/index.php/uacc/article/download/354/pdf', 1, 1, 40, 3, 5, '2018-11-05 16:46:20', '2019-02-07 12:07:33'),
(34, 'Programa Mais Médicos: em busca de respostas satisfatórias', NULL, 'Não consta', NULL, '19', '54', 2015, ' 637-670', 'R', NULL, NULL, 'N', 'http://www.scielo.br/pdf/icse/v19n54/1807-5762-icse-19-54-0637.pdf', 1, 3, 7, 3, 5, '2018-11-05 16:49:00', '2019-02-13 10:06:36'),
(35, 'O papel dos atores na formulação e implementação de políticas públicas: dinâmicas, conflitos e interesses no Programa Mais Médicos', 'The role of the actors in the formulation and implementation of public policies: dynamics, conflicts and interests in the ‘Mais Médicos’ Program', 'Diversos atores participam dos processos de formação de políticas públicas: indivíduos, grupos ou organizações que exercem influência direta ou indireta, em diferentes momentos. Dessa forma, buscou-se mapear os atores envolvidos na formulação e implementação do Programa Mais Médicos e compreender as dinâmicas e contribuições desses atores. Para análise dessa política pública, adotou-se um estudo teórico-empírico com abordagem qualitativa e método de estudo de caso. Identificou-se como atores centrais o Governo Federal, os movimentos sociais, a mídia de massa, as redes sociais e os conselhos de medicina. No que se refere à análise do ciclo do programa, verificou-se que seus processos não foram contínuos, mas, sim, permeados por relações assimétricas e conflitantes. Na análise observou-se que as Jornadas de Junho constituíram uma janela de oportunidade para o Programa Mais Médicos; no entanto, houve diversos posicionamentos contrários a ele. Os movimentos de oposição enfeixaram-se em dinâmicas, conflitos e coalizões tanto no âmbito de atores governamentais como de atores da sociedade civil – com destaque para a relação da base aliada com os partidos contrários ao programa, em que houve processos conflituosos e recuos de ambos os lados. Conclui-se que os diversos atores participaram dos processos motivados por interesses, ideologias e objetivos diversificados. Dessa forma, os conflitos permearam todo o processo, desde a proposta do programa, o anúncio, a aprovação da lei, a chegada dos diversos médicos, até o início de suas atividades por todo o país.', 'Cadernos EBAPE.BR', '14', NULL, 2016, '593-618', 'R', '2013-01-01', '2015-01-01', 'N', 'http://www.scielo.br/pdf/cebape/v14nspe/1679-3951-cebape-14-spe-00593.pdf', 2, 3, 5, 4, 5, '2018-11-05 16:51:51', '2019-02-13 10:26:38'),
(36, 'El Programa Más Médicos: un análisis complementario desde la perspectiva de la salud internacional', 'The More Doctors Program: a further analysis from the perspective of international health ', 'Não se aplica.', 'scielo ', '19', '54', 2015, '635-636', 'R', '2015-01-01', '2015-03-23', 'N', 'http://www.scielo.br/pdf/icse/v19n54/1807-5762-icse-19-54-0635.pdf', 2, 4, 3, 4, 5, '2018-11-06 08:17:49', '2019-02-13 10:38:46'),
(37, 'O desafio do Programa Mais Médicos para o provimento e a garantia da atenção integral à saúde em áreas rurais na região amazônica, Brasil', 'The challenges faced by the More Doctors Program in providing and ensuring comprehensive health care in rural areas in the Amazon region, Brazil.', 'A pesquisa objetivou avaliar como o Programa Mais Médicos vem sendo implementado em áreas rurais e a contribuição do provimento de médicos para garantir atenção integral à saúde. Realizou-se estudo em município predominantemente rural no estado do Pará, conduzindo-se 42 entrevistas com: profissionais, gestores de saúde, conselheiros e usuários; submeteram-se as entrevistas à análise de conteúdo. Os resultados sugerem melhorias na atenção primária à saúde – como aumento de consultas e ampliação do acesso aos serviços de atenção básica ofertados – atribuídas à presença do médico e às estratégias mais equitativas adotadas. No entanto, ainda persistem desafios a enfrentar para garantir atenção integral à saúde nas zonas rurais, como a manutenção do programa e a superação de problemas recorrentes, como: falta de medicamentos e exames, limitações no retorno dos pacientes referidos a outros serviços e fragilidades na rede de atenção à saúde. ', 'Interface- Comunicação, Saúde, Educação', '21', '1', 2017, '1181-1192', 'R', '2015-03-13', '2017-01-01', 'N', 'http://www.scielo.br/pdf/icse/v21s1/1807-5762-icse-21-s1-1181.pdf', 2, 1, 7, 4, 5, '2018-11-06 08:29:31', '2019-02-13 10:41:06');
INSERT INTO `Artigo` (`CodArtigo`, `NomeArtigo`, `NomeArtigoIngles`, `Resumo`, `NomeRevistaConferencia`, `Volume`, `Numero`, `AnoPublicacao`, `Paginas`, `IndicadorRevistaConferencia`, `DataInicioEstudo`, `DataFimEstudo`, `IndicadorMulticentrico`, `UrlArtigo`, `CodObjetoPesquisa`, `CodAbrangencia`, `CodRevista`, `CodUsuarioInsercao`, `CodUsuarioUltimaAtu`, `DataInsercao`, `DataUltimaAtu`) VALUES
(38, 'O Programa Mais Médicos, a infraestrutura das Unidades Básicas de Saúde e o Índice de Desenvolvimento Humano Municipal', NULL, 'O presente trabalho tem como objeto central o estudo do contexto em que atuam os profissionais do Programa Mais Médicos. Para isto, a pesquisa utiliza a escala de infraestrutura das UBSs, desenvolvida recentemente por Soares Neto e colegas para aprofundar o conhecimento das relações entre a infraestrutura das UBSs e o IDHM dos municípios que receberam médicos do PMM. Utilizando estatísticas exploratórias e inferenciais, o artigo mostra que das UBSs que receberam médicos do PMM, 65,2% têm infraestrutura de média qualidade e apenas 5,8% delas têm infraestrutura de baixa qualidade. A correlação de 0,50 entre o indicador de infraestrutura e o IDHM aponta para uma tendência moderada de que municípios com baixos IDHMs tenham UBSs mais precárias. Por meio de uma análise de regressão linear múltipla, pode-se inferir que o fator que mais contribui para o aumento do indicador de infraestrutura das UBSs é a renda média municipal. Por outro lado, o fator que afeta negativamente a infraestrutura das UBSs é estar localizada na região Norte ou Nordeste.', NULL, NULL, NULL, 2016, NULL, 'R', NULL, NULL, 'N', 'http://www.scielo.br/scielo.php?pid=S1413-81232016000902709&script=sci_abstract&tlng=pt', 4, 3, 1, 3, 5, '2018-11-06 09:25:54', '2019-02-14 10:20:48'),
(39, 'Projeto mais médicos para o Brasil em Pernambuco: uma abordagem inicial ', ' More medical project for Brazil in Pernambuco: an initial approach', 'Muito se acumulou em pesquisa e conhecimento sobre a o problema em manter a força de trabalho necessária para a consolidação do SUS. Mas a escassez de políticas eficazes para o setor é evidente e, de todas as tentativas realizadas pelos governos brasileiros, talvez o Programa Mais Médicos seja o de maior dimensão e potencialmente mais gerador de impactos, pois tem por objetivo ordenar a formação de médicos garantindo distribuição e perfil, definir critérios para a formação, assim como prover médicos para a Atenção Básica de localidades de difícil provimento através de aperfeiçoamento na modalidade ensino-serviço. Neste estudo, buscamos nos aproximar da situação do Projeto Mais Médicos para o Brasil, eixo integrante do Programa, e das suas primeiras implicações para a Atenção Básica no estado, através do conhecimento da distribuição e do perfil dos seus profissionais, assim como do possível incremento na cobertura da Estratégia de Saúde da Família.', 'Revista Eletrônica Tempus', '9', '4', 2015, '11-34', 'R', '2013-01-01', '2014-01-01', 'N', 'http://www.tempusactas.unb.br/index.php/tempus/article/view/1735/1470', 2, 2, 6, 4, 5, '2018-11-06 09:30:52', '2019-02-13 10:45:46'),
(40, 'Características da distribuição de profissionais do Programa Mais Médicos nos estados do Nordeste, Brasil', 'Characteristics of the distribution of doctors in the Mais Médicos (More Doctors) Program in the states of Brazil’s Northeast', 'As desigualdades no acesso aos serviços de saúde influenciadas pela carência e má distribuição geográfica de profissionais de saúde têm sido apontadas como um desafio para o país. Este artigo analisa a distribuição geográfica dos profissionais do Programa Mais Médicos alocados na Região Nordeste por meio de estudo transversal descritivo. Foram utilizados dados secundários cedidos pelo Ministério da Saúde e elaborados mapas temáticos de distribuição dos médicos na Região. Foram analisados dados de 4.716 médicos que passaram a integrar equipes de saúde em 1.294 municípios e seis Distritos Sanitários Indígenas entre os anos de 2013 e 2014. A maior parte dos municípios da Região recebeu entre um e cinco médicos. Os municípios mais beneficiados possuíam, pelo menos, 20% da população em situação de extrema pobreza. Os profissionais foram alocados em Centro de Saúde/Unidade Básica (99,9%). A maioria eram mulheres (57%) e a faixa etária média predominante foi de 45 a 49 anos (24%). Apesar dos avanços proporcionados pelo Programa, como a distribuição dos médicos para localidades com maior vulnerabilidade, alguns Estados permanecem com importantes vazios assistenciais.', 'Ciência e Saúde Coletiva', '21', '9', 2016, '2889-2898', 'R', '2013-01-01', '2014-01-01', 'N', 'http://www.scielo.br/pdf/csc/v21n9/1413-8123-csc-21-09-2889.pdf', 2, 2, 1, 4, 5, '2018-11-06 09:41:01', '2019-02-13 10:47:14'),
(41, 'Humanismo en la práctica de médicos cooperantes cubanos en Brasil: narrativas de equipos de atención básica', 'Humanism in the practice of Cuban cooperating physicians in Brazil: narratives of basic health care teams', 'Objetivo. Mostrar las narrativas de miembros brasileños de los equipos de salud de la familia acerca del humanismo percibido en la práctica de los cooperantes cubanos del programa Mais Médicos. Métodos. Estudio de caso descriptivo de corte transversal. Se aplicó una entrevista semiestructurada a miembros brasileños de los equipos de salud de la familia que trabajaran desde el inicio del programa con médicos cubanos en municipios seleccionados inscritos en el programa Mais Médicos, con 20% o más de su población en extrema pobreza, y menos de cinco médicos o una tasa de 0,5 médicos por 1 000 habitantes antes del programa. Se procesaron los datos mediante la técnica de análisis de contenido. Resultados. Se entrevistaron 30 licenciados y 28 técnicos en enfermería, 1 técnico administrativo y 19 agentes sanitarios. Los entrevistados valoraron positivamente el trabajo de los médicos cooperantes cubanos y resaltaron su responsabilidad, ética y humanismo, así como la elevada calidad de las consultas médicas y sus buenas relaciones con los pares de la atención básica. Conclusiones. Se constataron diferencias en los patrones de atención de los médicos cooperantes cubanos del programa Mais Médicos con respecto a los médicos que ejercieron en las comunidades estudiadas antes de la implantación de ese programa. Entre los rasgos diferenciales de los médicos cubanos resaltados más frecuentemente figuran el compromiso con la población —tanto en la consulta médica como en la solución de sus problemas—, la empatía, el respeto y, en general, el humanismo con el que tratan a los pacientes.', NULL, '41', '130', 2017, NULL, 'R', NULL, NULL, 'N', 'http://iris.paho.org/xmlui/bitstream/handle/123456789/34585/v41e1302017.pdf?sequence=1&amp;isAllowed=y', 5, 3, 30, 3, 5, '2018-11-06 09:41:49', '2019-02-13 11:53:55'),
(42, 'Avaliação do escopo de prática de médicos participantes do Programa Mais Médicos e fatores associados', ' Assessment of the scope of practice of physicians participating in the Mais Médicos (More Doctors) Program, and associated factors', 'O objetivo deste estudo foi caracterizar o escopo de prática de médicos inseridos na Atenção Primária em Saúde (APS), participantes do Programa Mais Médicos (PMM) e investigar os fatores associados à execução de maior número de atividades clínicas. Trata-se de um estudo exploratório transversal realizado entre janeiro e março de 2016, por meio de questionário autoaplicável, contendo uma lista de 49 procedimentos, atividades e ações realizadas na APS. Participaram do estudo 1.241 médicos, a maioria do sexo feminino, entre 40-49 anos de idade, de nacionalidade cubana. Os médicos realizaram uma média  de 22,8 ± 8,2 procedimentos, porém, relataram saber fazer um número maior. Fatores associados à realização de maior número de procedimentos foram sexo masculino, menor tempo de graduação, dois anos ou menos de atuação na UBS, atuar na região geográfica Norte ou Sul, em municípios de pequeno porte e mais distantes da sede da região de saúde. O principal motivo para não realizar os procedimentos e  atividades que relataram saber fazer  foi a falta de materiais e a infraestrutura inadequada. Os resultados revelam que o escopo de prática dos médicos do PMM está abaixo de suas capacidades, sendo necessárias intervenções para o ampliar.', NULL, '21', '9', 2016, '2739-2748', 'R', '2016-01-01', '2016-03-30', 'N', 'http://www.scielo.br/pdf/csc/v21n9/1413-8123-csc-21-09-2739.pdf', 5, 3, 1, 3, 5, '2018-11-06 09:50:59', '2019-02-14 09:38:25'),
(43, 'Programa Mais Médicos: avaliando a implantação do Eixo Provimento de 2013 a 2015 ', 'The Brazilian More Doctors Program: evaluating the implementation of the “Provision” axis from 2013 to 2015', 'O Programa Mais Médicos foi criado em 2013 para enfrentar desafios que condicionavam a expansão e o desenvolvimento da Atenção Básica (AB), sobretudo, a insuficiência e má distribuição de médicos e o perfil de formação inadequado às necessidades da população. O programa é composto por três eixos: provimento emergencial, qualificação da infraestrutura e mudança da formação. Neste artigo realizamos análise documental, análise de bancos de dados oficiais e revisão de literatura, com o objetivo de avaliar resultados do provimento de médicos alcançados até 2015. Identificamos avanços importantes na alocação dos médicos com\r\nequidade; na ampliação da cobertura da AB; na ampliação do acesso da população às ações de AB; no impacto nos indicadores de saúde; e na avaliação positiva que usuários, médicos e gestores têm do programa. Na conclusão, são apontados desafios enfrentados pelo programa para alcançar efetivamente seus objetivos.', 'Interface-Comunicação, Saúde, Educação', '21', '1', 2017, '1087-1101', 'R', '2013-01-01', '2015-12-31', 'N', 'http://www.scielo.br/pdf/icse/v21s1/1807-5762-icse-1807-576220160520.pdf', 2, 3, 7, 4, 5, '2018-11-06 09:56:51', '2019-02-13 10:50:51'),
(44, 'Programa Mais Médicos: qualificação da atenção ao pré-natal e puerpério no âmbito da estratégia de saúde da família', '“Mais Médicos” Program: qualification of prenatal and postpartum in the context of the Family Health Strategy', 'Objetivo: pretende-se, neste artigo, relatar a experiência do desenvolvimento de uma intervenção em uma Estratégia de Saúde da Família na cidade de Boa Vista em Roraima, cujo objetivo foi melhorar a atenção ao pré-natal e puerpério na área de abrangência da equipe. Métodos: A intervenção fez parte de um Trabalho de Conclusão de Curso de Especialização em Saúde da Família de uma médica cubana vinculada ao Programa Mais Médicos. A intervenção foi desenvolvida no período de março a junho de 2015 e contou com a participação de todos os profissionais da equipe. Foram realizadas ações de organização e gestão do serviço, qualificação da prática clínica, monitoramento e avaliação e engajamento público. Resultados: Com a intervenção, foi possível melhorar a organização do serviço para a atenção às gestantes e puérperas. Observou-se melhoria gradativa na cobertura da atenção, acesso ao serviço, qualidade dos atendimentos clínicos e adesão às ações ofertadas. Houve um fortalecimento das ações de promoção à saúde com orientações, palestras e desenvolvimento de uma parceria com a equipe de saúde bucal. Conclusão: Os profissionais ficaram mais capacitados para atender as gestantes e puérperas com conhecimentos atualizados e sensibilização sobre a atuação no trabalho da atenção primária. ', 'Revista de APS', '20', '3', 2017, '403-413', 'R', '2015-03-01', '2015-06-30', 'N', 'https://aps.ufjf.emnuvens.com.br/aps/article/view/3018/1142 ', 2, 1, 8, 4, 5, '2018-11-06 10:07:21', '2019-02-13 10:51:53'),
(46, ' Implementation research: towards health coverage with more doctors in Brazil', ' Implementation research: towards health coverage with more doctors in Brazil', 'Objective To evaluate the implementation of a programme to provide primary care physicians for remote and deprived populations in Brazil. Methods The Mais Médicos (More Doctors) programme was launched in July 2013 with public calls to recruit physicians for priority areas. Other strategies were to increase primary care infrastructure investments and to provide more places at medical schools. We conducted a\r\nquasi-experimental, before-and-after evaluation of the implementation of the programme in 1708 municipalities with populations living in extreme poverty and in remote border areas. We compared physician density, primary care coverage and avoidable hospitalizations in municipalities enrolled (n=1450) and not enrolled (n=258) in the programme. Data extracted from health information systems and Ministry of Health publications were analysed. Findings By September 2015, 4917 physicians had been added to the 16 524 physicians already in place in municipalities with remote and deprived populations. The number of municipalities with ≥1.0 physician per 1000 inhabitants doubled from 163 in 2013 to 348 in 2015. Primary care coverage in enrolled municipalities (based on 3000 inhabitants per primary care team) increased from 77.9% in 2012 to 86.3% in 2015. Avoidable hospitalizations in enrolled municipalities decreased from 44.9% in 2012 to 41.2% in 2015, but remained unchanged in control municipalities. We also documented higher infrastructure investments in enrolled municipalities and an increase in the number of medical school places over the study period. Conclusion Other countries having shortages of physicians could benefit from the lessons of Brazil’s programme towards achieving universal right to health.', NULL, '95', '2', 2017, '103-122', 'R', NULL, NULL, 'N', 'http://dx.doi.org/10.2471/BLT.16.178236', 1, 3, 9, 3, 5, '2018-11-13 09:57:50', '2019-02-07 12:09:26'),
(47, 'Mais Médicos program: provision of medical doctors in rural, remote and socially vulnerable areas of Brazil, 2013–2014', 'Mais Médicos program: provision of medical doctors in rural, remote and socially vulnerable areas of Brazil, 2013–2014', 'Introduction: The Mais Médicos program was introduced in 2013 with the aim of reducing the shortage of doctors in priority regions and diminishing regional inequalities in health. One of the strategies has been to offer 3-year contracts for doctors to work in primary healthcare services in small towns, inland, rural, remote, and socially vulnerable areas. This report describes the program’s implementation and the allocation of doctors to these target areas in 2014. Methods: To describe the provision of doctors in the first year of implementation, we compared the doctor-to-population ratio in the 5570 municipalities of Brazil before and after the program, based on the Federal Board of Medicine database (2013), and the official dataset provided by the Ministry of Health (2014). Results: In its first public call (July 2013) 3511 municipalities joined the Mais Médicos program, requesting a total of 15 460 doctors; although the program prioritizes the recruitment of Brazilians, only 1096 nationals enrolled and were hired, together with 522 foreign doctors. As a consequence, an international cooperation agreement was set in place to recruit Cuban doctors. In 12 months the program recruited 14 462 doctors: 79.0% Cubans, 15.9% Brazilians and 5.1% of other nationalities, covering 93.5% of the doctors demanded; they were assigned to all the 3785 municipalities enrolled. The study reveals a major decrease in the number of municipalities with fewer than 0.1 doctors per thousand inhabitants, which dropped from 374 in 2013 to 95 in 2014 (75% reduction). Of the total, 294 doctors were sent to work in the country’s 34 Indigenous Health Districts (100% coverage) and 3390 doctors were deployed in municipalities containing certified rural maroon communities (formed centuries ago by runaway slaves). After 1 year of implementation, the municipalities with maroon communities with less than 0.1 doctors per thousand inhabitants were reduced by 87% in the poorest north region. More than 30% of municipalities with maroon communities in the richest regions had more than 1.0 doctors per thousand inhabitants, whereas in the poorest regions fewer than 7% of municipalities reached that level. Conclusions: The Mais Médicos program has granted medical assistance to these historically overlooked populations. However, it is important to evaluate the mid- and long-term sustainability of this initiative.', NULL, '16', '3616', 2016, '1-12', 'R', '2013-01-01', '2014-12-31', 'N', 'https://www.rrh.org.au/journal/article/3616', 2, 4, 10, 4, 5, '2018-11-13 10:03:31', '2019-02-13 10:54:17'),
(48, 'O Programa Mais Médicos no Estado de Mato Grosso, Brasil: uma análise de implementação', 'The Mais Médicos (More Doctors) Program in Mato Grosso State, Brazil: implementation analysis', 'Embora os 224 profissionais contratados pelo Programa Mais Médicos (PMM) para fortalecer a Política Nacional da Atenção Básica (PNab), em 104 municípios do Estado do Mato Grosso, tenham encontrado importantes dificuldades em relação ao processo de trabalho, ocorreram avanços importantes na saúde das populações atendidas pelo Programa Mais Médicos (PMM). Este artigo analisa a implementação e o desenvolvimento do PMM em Mato Grosso (MT), de 2013 a 2015. Foram analisados dados primários obtidos em grupos focais e em entrevistas com os atores sociais das instituições envolvidas e secundários de relatórios dos supervisores, tutores, gestores e instituições que compõem a Comissão Estadual do PMM (CCE). Apesar das dificuldades na gestão política de implementação, os resultados apontam que a experiência foi positiva, pois supera antigos obstáculos, aumenta o acesso aos usuários, promove o debate sobre o tema, além de experimentar e propor caminhos para o fortalecimento da Atenção Básica em MT. Conclui-se haver necessidade de ampliar as discussões acadêmicas sobre o provimento, a formação médica, o modelo de assistência e a qualificação dos recursos humanos pela educação permanente através da integração ensino-serviço-comunidade.', NULL, '21', '9', 2016, ' 2879-2888', 'R', NULL, NULL, 'N', 'http://www.scielo.br/pdf/csc/v21n9/1413-8123-csc-21-09-2879.pdf', 1, 2, 1, 3, 5, '2018-11-13 10:04:12', '2019-02-07 12:10:43'),
(49, 'Programa Mais Médicos: uma ação efetiva para reduzir iniquidades em saúde', 'Mais Medicos Program: an effective action to reduce health inequities in Brazil', 'O Programa Mais Médicos objetiva diminuir a carência de médicos e reduzir as desigualdades regionais em saúde e envolve três frentes estratégicas: i) i) mais vagas e novos cursos de Medicina baseados em Diretrizes Curriculares revisadas; ii) investimentos na construção de Unidades Básicas de Saúde;iii) provimento de médicos brasileiros e estrangeiros. O programa efetuou, até julho de 2014, o provimento de 14.462 médicos em 3.785 municípios com áreas de vulnerabilidade. Evidências indicam redução em 53% no número de municípios com escassez de médicos; na região Norte 91% dos municípios que apresentavam escassez foram atendidos, com quase cinco médicos cada, em média. A integração dos profissionais nas Equipes de Saúde da Família fortaleceu e expandiu a capacidade de intervenção, especialmente na perspectiva da adoção de um modelo de atenção que englobe as diferentes demandas de promoção da saúde, prevenção, diagnóstico e tratamento de doenças e agravos, para enfrentar o desafio da dupla carga de doença. Prevalecem na população a obesidade e doenças crônicas não transmissíveis, lado a lado com as enfermidades infecciosas, parasitárias e carências nutricionais remanescentes. O povo das cidades, do campo e da floresta quer mais médicos e mais perspectivas de saúde e de justiça social.', NULL, '20', '11', 2015, ' 3547-3552', 'R', NULL, NULL, 'N', 'http://dx.doi.org/10.1590/1413-812320152011.07252015', 1, 3, 1, 3, 5, '2018-11-13 10:09:37', '2019-02-07 12:11:18'),
(50, ' Entrevista: Avaliação de impactos do Programa Mais Médicos: como medir os resultados?', ' Interview: Evaluating the impact of the of the Mais Médicos (More Doctors) Program: how can we measure outcomes? ', 'Após três anos de implantação do Programa, coloca-se o desafio da avaliação dos impactos do Programa Mais Médicos em todo o país, em seu componente de provisão emergencial de médicos. Como avaliar um programa desta magnitude, com tantas dimensões de potenciais impactos e particularidades de implantação em contextos tão diversos, é o tema dessa entrevista com Renato Tasca, coordenador da Unidade Técnica Mais Médicos da OPAS/OMS no Brasil.', NULL, '21', '9', 2016, '2917-2918', 'R', NULL, NULL, 'N', 'http://www.scielo.br/scielo.php?script=sci_arttext&pid=S1413-81232016000902917&lng=pt&tlng=pt', 1, 3, 1, 3, 5, '2018-11-13 10:15:42', '2019-02-07 12:11:48'),
(51, 'Médicos estrangeiros no Brasil: a arte do saber olhar, escutar e tocar', 'Foreigners physicians in Brazil: the art of knowing to look, listen and touch', 'O programa Mais Médicos (PMM) faz parte de um amplo pacto de melhoria do SUS e pretende suprir a carência e diminuir a má distribuição de médicos entre as regiões do Brasil, fortalecer a atenção básica, aprimorar a formação médica e a política de educação permanente e promover a troca de experiências entre estrangeiros e brasileiros. Este artigo objetiva refletir sobre as peculiaridades do atendimento de médicos brasileiros e estrangeiros da primeira turma do PMM no Ceará. A metodologia utilizada é de natureza qualitativa, tendo como procedimentos: a observação direta dos equipamentos de saúde de doze municípios e entrevistas semiestruturadas com gestores (doze) e usuários (32) desses mesmos municípios que avaliaram o atendimento dos profissionais médicos. A cultura da prevenção e humanização no atendimento dos médicos estrangeiros é predominante, dentre os quais os cubanos são avaliados positivamente por usuários e gestores pela capacidade de ver, ouvir e tocar os pacientes. Esse comportamento mostra a necessidade de fortalecer a cultura do cuidado mais humanizado entre os médicos brasileiros.', NULL, '25', '4', 2016, '1003-1016', 'R', NULL, NULL, 'N', 'https://www.scielosp.org/pdf/sausoc/2016.v25n4/1003-1016/pt ', 2, 2, 11, 4, 5, '2018-11-13 10:23:33', '2019-02-13 10:55:17'),
(52, 'RBO desigual', NULL, 'Não se aplica', NULL, '51', '4', 2016, '383-384', 'R', NULL, NULL, 'N', 'https://ac.els-cdn.com/S0102361616000436/1-s2.0-S0102361616000436-main.pdf?_tid=2b55084c-ff5d-4525-84f9-783a6c451b70&acdnat=1536678063_67d3b2ea527503f82cfc873554b22c9b', 1, 3, 12, 3, 5, '2018-11-13 10:29:39', '2019-02-07 12:12:12'),
(53, 'Ampliação do acesso à saúde na região mais vulnerável do estado de São Paulo, Brasil: reflexo do Programa Mais Médicos?', 'Expanding health access in the more vulnerable region in the state of São Paulo, Brazil: is this a reflection of the Mais Médicos', 'O Programa Mais Médicos visa ampliar o acesso à saúde em áreas provendo profissionais médicos, investimentos nas unidades de saúde e integração multiprofissional voltada à Estratégia de Saúde da Família. O Vale do Ribeira abriga 25 municípios e figura entre as regiões mais vulneráveis do estado e recebeu 41 médicos do PMM. O objetivo deste estudo é avaliar o acesso à saúde, comparando indicadores de produção, marcadores e situação de saúde antes e depois da implementação do PMM. Foram coletados dados do DATASUS, SIAB e Ministério da Saúde. Houve aumento em número de consultas de crianças menores de um ano, adultos, idosos, DST/AIDS e atendimento em grupos. Houve redução no número de consultas fora de área de abrangência, de hospitalizações por outras causas e no aleitamento materno exclusivo até quatro meses. Concluímos que após a implementação do programa houve melhora no acesso à saúde e no trabalho de promoção de saúde focado no território, um grande desafio na Atenção Primária à Saúde (APS). Supõe-se que por se tratar de área de alta vulnerabilidade e pressão assistencial, as internações por causas sensíveis à APS, assim como o encaminhamento aos serviços secundários, não tenham sido reduzidas a curto prazo.', NULL, '21', '9', 2016, '2899-2906', 'R', NULL, NULL, 'N', 'http://www.scielo.br/pdf/csc/v21n9/1413-8123-csc-21-09-2899.pdf', 1, 2, 1, 3, 5, '2018-11-13 10:39:02', '2019-02-07 12:12:51'),
(54, 'Distribuição do Profissional médico na macrorregião Norte do Paraná: inequidade entre os municípios de diferentes Portes Populacionais', 'the distribution of medical Professionals in  the Northern Paraná macroregion: inequality  between municipalities with Populations Varying  in Size', 'A inadequada distribuição do profissional médico nas diferentes localidades do território nacional ocorre de várias formas: entre as regiões do País; entre capital e interior; entre áreas urbanas e rurais; entre áreas centrais e periféricas das regiões metropolitanas e entre assistência pública e privada. Desse modo, mesmo que se apresente uma relação medico/habitante adequada, a distribuição desses profissionais tende a se concentrar em determinadas áreas. Com o objetivo de analisar a distribuição dos médicos nos 97 municípios que compõem a macrorregião norte do Paraná, realizou-se estudo exploratório, descritivo,com base em dados secundários – Instituto Brasileiro de Geografia e Estatística (IBGE) e Sistema de Cadastro Nacional de Estabelecimentos de Saúde(SCNES)– acessados em outubro e novembro de 2014. Os resultados indicam uma distribuição desigual da população e dos médicos entre os 97 municípios da macrorregião. Os três municípios maiores abrangem 39,3% da população e 56,1% dos médicos, enquanto nos outros 94 municípios em que residem 60,7% da população atuam 43,9% dos médicos. Porém, a distribuição dos profissionais que fazem parte do Programa Mais Médicos ocorre de forma inversa, ou seja, metade desses médicos atua nos pequenos municípios em que reside aproximadamente um terço da população, o que demonstra que a distribuição destes profissionais contribui para melhorar o índice de médicos nos pequenos municípios. O enfrentamento das desigualdades na distribuição dos médicos nas diferentes regiões do País é complexo, não havendo soluções únicas e isoladas, sendo necessárias intervenções que articulem a gestão federal, estadual e municipal, estratégias de financiamento, formação dos profissionais de saúde e a regulação da formação e do processo de trabalho em saúde, políticas que fortaleçam as vulnerabilidades dos municípios menores. Investir na redução dessa desigualdade torna-se fundamental para a garantia da integralidade da atenção, sobretudo em localidades de difícil acesso, para assegurar o direito à saúde, especialmente em relação à carência de profissionais no âmbito do SUS.', NULL, '41', '1', 2017, '117-125', 'R', '2014-01-01', '2014-12-31', 'N', 'http://www.scielo.br/pdf/rbem/v41n1/1981-5271-rbem-41-1-0117.pdf', 2, 2, 2, 4, 5, '2018-11-13 10:47:09', '2019-02-13 10:56:35'),
(55, 'O Programa Mais Médicos e o fortalecimento da Atenção Básica', NULL, 'Este artigo utiliza o referencial teórico da análise de políticas para estudar o Programa Mais Médicos. Analisa e sistematiza informações e estudos relacionados às questões sociais tomadas como objeto dessa política, quais sejam, a insuficiência de médicos no País para atender às necessidades da população e a inadequação, na perspectiva do Sistema Único de Saúde, do modelo de formação médica vigente, e estuda o contexto que possibilitou a criação do Programa. Descreve e analisa as inovações e os instrumentos da política, criados com a Lei 12.871, e analisa a situação atual de sua implantação em três dimensões: na formação e atuação de médicos nas localidades mais vulneráveis e com maiores necessidades; na mudança da formação médica, tanto no que diz respeito à graduação quanto à residência médica; e, finalmente, no incremento e na reorientação da abertura de vagas na graduação e na residência, para que o Brasil chegue a 2026 com a proporção de 2,7 médicos para cada 1.000 habitantes.', NULL, NULL, '51', 2014, ' 105-120', 'R', NULL, NULL, 'N', 'http://cebes.org.br/site/wp-content/uploads/2014/12/Divulgacao-51.pdf', 1, 3, 13, 3, 5, '2018-11-13 10:51:45', '2019-02-07 12:14:02'),
(56, 'Percepção de usuários sobre o Programa Mais Médicos no município de Mossoró, Brasil', NULL, 'O Projeto Mais Médicos (PMM), lançado em 2013, buscou prover profissionais médicos para atuar na Atenção Primária à Saúde, em regiões prioritárias para o Sistema Único de Saúde. Neste artigo, analisa-se a percepção de usuários sobre o PMM, como resultado de investigação qualitativa que entrevistou pessoas atendidas na Estratégia de Saúde da Família (ESF) em que atuam médicos do projeto. Os entrevistados veem positivamente o PMM, por ele ter ampliado o acesso aos cuidados médicos, embora persistam barreiras organizacionais e técnicas que limitam o uso dos serviços. A atuação de médicos intercambistas foi bem avaliada, com ênfase na relação médico-usuário humanizada, caracterizada pela escuta, atenção e diálogo. Sobre a comunicação com esses profissionais, os usuários referem o idioma como uma barreira, que foi amenizada pelo uso de estratégias comunicacionais nas ESF. O PMM ofereceu resolução rápida e satisfatória para o problema histórico da dificuldade de acesso ao médico. Contudo a efetivação do sistema de saúde brasileiro exige a superação de insuficiências, como acesso a serviços especializados, problemas organizacionais e modelos de produção de serviços centrados na doença.', NULL, '21', '9', 2016, '2861-2869', 'R', NULL, NULL, 'N', 'http://www.scielo.br/scielo.php?pid=S1413-81232016000902861&script=sci_abstract&tlng=pt', 1, 1, 1, 3, 5, '2018-11-13 10:57:47', '2019-02-07 12:15:01'),
(57, 'Percepções de gestores municipais de Saúde sobre o provimento e a atuação dos médicos do Programa Mais Médicos', 'Perceptions of city health managers about the provision and activity of physicians from the  More Doctors Program', 'No Brasil, o desafio da redistribuição de médicos foi alvo de diversas intervenções governamentais. Objetivou-se analisar o provimento de médicos do Programa Mais Médicos, segundo as percepções de gestores municipais de Saúde. Trata-se de um estudo qualitativo realizado com 63 gestores em 32 municípios do Brasil. As entrevistas foram submetidas à análise de conteúdo com a ajuda do software ATLAS.ti. Destacam-se as contribuições dos médicos do programa na melhoria da Atenção à Saúde, nas práticas clínicas humanizadas e diferenciadas e nas mudanças na rede de Atenção à Saúde, após a implementação do programa. Os gestores reafirmam a importância da implementação, no que concerne ao provimento e à fixação de médicos na Atenção Básica, em municípios vulneráveis e de difícil acesso.', NULL, '21', '1', 2017, '1269-1280', 'R', NULL, NULL, 'N', 'https://www.scielosp.org/article/ssm/content/raw/?resource_ssm_path=/media/assets/icse/v21s1/1807-5762-icse-21-s1-1269.pdf', 2, 3, 7, 4, 5, '2018-11-13 11:03:34', '2019-02-13 10:57:55'),
(58, 'A provisão emergencial de médicos pelo Programa Mais Médicos e a qualidade da estrutura das unidades básicas de saúde', 'Emergency supply of doctors by the  Mais Médicos (More Doctors) Program and the quality  of the structure of primary health care facilities', 'No contexto das políticas de saúde no Brasil, observa-se um conjunto de ações para qualificação da atenção primária à saúde (APS), entre as quais os Programas Nacional de Melhoria do Acesso e da Qualidade (PMAQ-AB), Mais Médicos (PMM) e Requalificação das UBS (Requalifica UBS). O artigo analisa a inserção de médicos do PMM segundo qualidade da estrutura das UBS, buscando reconhecer sinergias entre os  três programas. Trata-se de estudo transversal com base em dados secundários do PMAQ-AB ciclos 1 e 2, do PMM e do Requalifica UBS. As UBS recenseadas no PMAQ-AB Ciclo 1 foram classificadas, segundo  tipologia previamente elaborada, em cinco grupos hierarquizados de A (melhores) a E (reprovadas). Em seguida foram cotejadas com a alocação de profissionais do PMM e propostas Requalifica. Os resultados  sinalizam  convergências de investimentos dos três programas. Observa-se predomínio de incentivos nas UBS tipos B e C, indicando concentração de esforços em UBS com potencialidade de melhora da  qualidade de sua  estrutura. Além da ampliação do acesso, o componente provisão emergencial de médicos do PMM, somado à melhoria da infraestrutura e qualificação do processo de trabalho conflui para enfrentar a rotatividade e garantir a permanência de médicos na APS.', NULL, '21', '9', 2016, '2697-2708', 'R', '2015-01-01', '2015-12-31', 'N', 'http://www.scielo.br/pdf/csc/v21n9/1413-8123-csc-21-09-2697.pdf', 2, 3, 1, 4, 5, '2018-11-13 11:26:40', '2019-02-13 10:59:14'),
(59, 'Mais Médicos: um programa brasileiro em uma perspectiva internacional', ' “Mais Médicos”: A Brazilian program in an international perspective', 'A escassez de profissionais de saúde em áreas remotas e vulneráveis é um importante obstáculo para a universalização do acesso à saúde em diversos países. Este artigo examina as políticas de provimento de profissionais de saúde na Austrália, nos Estados Unidos da América e no Brasil. Apesar do sucesso parcial de iniciativas anteriores, foi apenas com o Programa Mais Médicos que a provisão de médicos em áreas vulneráveis teve a magnitude e a resposta em tempo adequado para atender a demanda dos municípios brasileiros. Estão em curso, no país, mudanças quantitativas e qualitativas na formação médica, que buscam garantir não apenas a universalidade, mas, também, a integralidade e sustentabilidade do Sistema Único de Saúde. O êxito dessas iniciativas dependerão da continuidade da articulação interfederativa, de políticas regulatórias de estado, bem como, do constante monitoramento e aprimoramento do programa. ', NULL, '19', '54', 2015, ' 623-634', 'R', NULL, NULL, 'N', 'http://www.scielo.br/pdf/icse/v19n54/1807-5762-icse-19-54-0623.pdf', 1, 4, 7, 3, 5, '2018-11-13 11:32:49', '2019-02-07 12:15:54'),
(60, 'Estudantes e Professores da Área da Saúde Conhecem o Programa mais médicos?', 'Familiarity with the “more doctors” Program  among Health Sciences Professors and Students ', 'Diminuir as iniquidades na assistência à saúde continua sendo um grande desafio para países tanto pobres quanto ricos. No Brasil, o Programa Mais Médicos (PMM) foi instituído pelo governo federal em 2013 com a proposta de formar recursos humanos na área médica para o Sistema Único de Saúde (SUS), diminuir a carência de médicos, reduzir as desigualdades regionais na área da saúde e aprimorar a formação médica, ampliando a inserção do médico em formação nas áreas onde ele possa conhecer melhor a realidade da saúde da população. Considerando que os estudantes da área da saúde estão diretamente envolvidos com as propostas e os desfechos desse programa, o objetivo deste estudo foi avaliar o conhecimento e posicionamento não só dos estudantes, mas também de seus professores sobre o PMM. Um questionário foi aplicado a 106 alunos e 53 professores de uma faculdade privada na área da saúde (Medicina e Odontologia). A taxa de acerto das 25 questões sobre os objetivos e propostas de ação do PMM variou de 38,4% a 50,6%. A maioria dos docentes e alunos de Medicina referiu conhecer o PMM e reconhecia como proposta do programa diminuir a carência de médicos e melhorar a atuação nas políticas públicas de saúde. A proposta de aprimoramento da formação médica, oferta de cursos de Medicina e de vagas para residência médica, entretanto, era desconhecida por mais de 60% dos entrevistados. A contratação de médicos estrangeiros foi erroneamente considerada não só como um dos objetivos do programa, mas também como a ação proposta para atingir seus objetivos. Em conclusão, alunos e professores de instituições da área da saúde, embora sendo atores importantes na estratégia de atingir os objetivos propostos, conhecem pouco o PMM, particularmente nas ações relacionadas ao currículo das escolas e à residência médica. Estimular debates sobre o programa em escolas médicas pode modificar essa situação e favorecer o seu desfecho.', NULL, '41', '1', 2017, '110-116', 'R', '2016-01-01', '2016-12-31', 'N', 'http://www.scielo.br/pdf/rbem/v41n1/1981-5271-rbem-41-1-0110.pdf', 3, 1, 2, 4, 5, '2018-11-13 11:45:12', '2019-02-14 10:18:20'),
(61, 'Programa Mais Médicos: elementos de tensão entre governo e entidades médicas', 'Más Médicos: elementos de tensión entre gobierno y entidades médicas', 'Em 2013, chegaram os primeiros médicos pelo Programa Mais Médicos. O seu processo de implantação foi cercado de disputas judiciais e embates ideológicos advindos de médicos brasileiros e suas entidades representativas. A iniciativa de criação do programa foi creditada pelas entidades médicas como uma medida unilateral do Governo Federal, eleitoreira e sem planejamento. O artigo resgata o processo histórico que deu origem ao Programa Mais Médicos, destacando a tensão entre governo e entidades médicas. Trata-se de estudo exploratório com pesquisa bibliográfica e documental. Analisando dados e tendências nacionais e internacionais e discursos de médicos e suas entidades representativas, é possível inferir que o programa não está sendo compreendido na sua totalidade, que vai além da provisão imediata de médicos. Além disso, o papel regulador do Estado para cumprir a Constituição Federal está sendo confundido com interferência na autonomia da profissão médica.', NULL, '21', NULL, 2017, ' 1143-1156', 'R', NULL, NULL, 'N', 'http://www.scielo.br/readcube/epdf.php?doi=10.1590/1807-57622016.0396&pid=S1414-32832017000501143&pdf_path=icse/v21s1/1807-5762-icse-21-s1-1143.pdf&lang=pt', 1, 4, 7, 3, 5, '2018-11-14 09:20:20', '2019-02-07 12:17:29'),
(62, 'Atitudes de estudantes de medicina face ao mais médicos revela favorecimento endogrupal', ' Medical students attitudes towards the more doctors reveals favouring ingroup', 'As pessoas são motivadas a favorecer o seu próprio grupo na distribuição de recursos simbólicos e materiais. Analisou-se em que medida este fenômeno está presente na atitude de estudantes de medicina face ao Programa Mais Médicos. Testou-se as hipóteses de que a oposição à contratação de médicos estrangeiros é motivada pelo favorecimento endogrupal e que este efeito é potencializado pelo preconceito contra a origem dos médicos. O estudo foi realizado em 259 estudantes de medicina alocados aleatoriamente em cenários conforme a origem nacional dos médicos a serem contratados (cubanos vs. espanhóis vs. portugueses vs. brasileiros) que indicaram a sua concordância com a contratação. Os resultados mostram que estudantes são favoráveis à contratação apenas de médicos brasileiros, opondo-se à contratação de médicos estrangeiros. Na discussão abordou-se as atitudes face ao Programa Mais Médicos como indicadoras de tensões sociais subjacentes à distribuição de recursos socialmente valorizados e motivadas por fatores identitários.', NULL, '48', '1', 2017, NULL, 'R', '2016-03-12', '2016-11-08', 'N', 'file:///C:/Users/Diego%20Dewes/Downloads/23871-110446-5-PB%20(1).pdf', 1, 3, 14, 3, 5, '2018-11-14 09:27:53', '2019-02-07 12:18:04'),
(63, 'Ideias, imagens e crenças na produção de políticas públicas: o caso do Programa Mais Médicos ', 'Ideas, images and beliefs in the production of public policies: the case of the More Doctors Program', 'O artigo analisa as manifestações dos candidatos a cargos eletivos de âmbito federal e estadual, durante o processo eleitoral do ano de 2014, quanto ao Programa Mais Médicos, presentes na mídia comercial impressa e on-line, identificando ideias, imagens e crenças sobre tal política pública. Um mapeamento do posicionamento dos candidatos objetivava identificar sentidos e significados sobre o programa, explicitando a descrição de problemas e soluções acerca da provisão de trabalhadores no Sistema Único de Saúde. Os dados obtidos demonstraram que o tema do provimento emergencial de médicos extrapolou o subsistema ou campo da Saúde e foi assumido como agenda no sistema político. Tanto os candidatos manifestamente favoráveis ao programa quanto aqueles que faziam críticas expressaram publicamente a imagem de um programa necessário e uma estratégia com a qual estariam comprometidos. O programa ampliou muito a visibilidade da agenda setorial da Saúde.', NULL, '21', NULL, 2017, ' 1129-1141', 'R', NULL, NULL, 'N', 'http://www.scielo.br/pdf/icse/v21s1/1807-5762-icse-21-s1-1129.pdf', 1, 3, 7, 3, 5, '2018-11-14 09:34:03', '2019-02-07 12:19:06'),
(64, 'O Programa Mais Médicos: análises e perspectivas', 'The Mais Médicos (More Doctors) Program: assessments and prospects', 'Não se aplica. Editorial', NULL, '21', '9', 2016, ' 2652-2652', 'R', NULL, NULL, 'N', 'http://www.scielo.br/pdf/csc/v21n9/en_1413-8123-csc-21-09-2652.pdf', 1, 3, 1, 3, 5, '2018-11-14 09:38:51', '2019-02-07 12:20:18'),
(65, 'A Atenção Primária e o Programa Mais Médicos do Sistema Único de Saúde: conquistas e limites ', 'Primary care in Brazil, and the Mais Médicos (More Doctors) Program in the Unified Health System: achievements and limits', 'Análise histórica das políticas de Atenção Primária no Brasil, com ênfase na Estratégia Saúde da Família (ESF) e no Programa Mais Médicos (PMM). Realizaram-se estudos de documentos e dados secundários oficiais, bem como de produção bibliográfica sobre esse tema. Constatou-se que houve consolidação da Atenção Primária como alternativa para o cuidado em saúde para grande parte da população do Brasil. Observaram-se, contudo, entraves estruturais que têm comprometido a efetividade e a sustentabilidade dessa política. Identificou-se que estes obstáculos decorrem, principalmente, do financiamento in- suficiente e de modalidades de planejamento e de gestão ineficientes. O Programa Mais Médicos ampliou a cobertura assistencial e tornou mais equitativa a distribuição de médicos na Atenção Básica, não conseguindo, entretanto, resolver problemas estruturais do sistema público.', NULL, '21', '9', 2016, ' 2655-2663', 'R', NULL, NULL, 'N', 'http://www.scielo.br/pdf/csc/v21n9/1413-8123-csc-21-09-2655.pdf', 1, 3, 1, 3, 5, '2018-11-14 09:53:08', '2019-02-07 12:20:43'),
(66, 'Vivência integrada na comunidade: inserção longitudinal no Sistema de Saúde como estratégia de formação médica', 'Integrated  experience  in  the  community:  longitudinal  health  care  insertion  as  medical  education strategy', 'Programa Mais Médicos (PMM), novas escolas foram criadas adotando metodologias de ensino ativas e promovendo maior integração ensinoserviço-comunidade. Este artigo é um relato de experiência sobre o desenvolvimento do módulo Vivência Integrada na Comunidade no curso de Medicina da Escola Multicampi de Ciências Médicas do Rio Grande do Norte, que oportuniza ao estudante uma inserção longitudinal no sistema de Saúde em municípios do interior do Nordeste. Essa proposta vem promovendo maior integração entre a universidade, os gestores e os trabalhadores da Saúde. A aposta é a de que este módulo poderá contribuir com a fixação do médico na região e fortalecer o sistema de Saúde no interior do Brasil.', NULL, '21', '1', 2017, '1355-1365', 'R', '2016-01-01', '2016-12-31', 'N', 'http://www.scielo.br/pdf/icse/v21s1/1807-5762-icse-21-s1-1377.pdf', 3, 1, 7, 4, 5, '2018-11-14 10:03:36', '2019-02-13 11:12:28'),
(67, 'Dialética de uma política de provimento médico em áreas prioritárias no Brasil', 'Dialectics of a medical provision policy in priority areas in Brazi', 'Introdução: As populações que vivem em áreas vulneráveis e de difícil acesso no Brasil representam uma parcela da população que vem se mostrando bastante sensível à falta de médicos e de serviços de saúde. O governo, buscando responder em caráter emergencial a essa situação, instituiu o Programa Mais Médicos, em 2013. Objetivo: Problematizar o Programa Mais Médicos, com o propósito de contribuir para o debate sobre as políticas de provimento médico no Brasil. Método: Ensaio a partir da revisão dos documentos oficiais: Programa Mais Médicos – dois anos: mais saúde para os brasileiros, 2015; Relatório de Auditoria Operacional TC nº 005.391/2014-8, do Tribunal de Contas da União, e Demografia Médica no Brasil 2015. Resultados: A importação de médicos intercambistas, que não passaram por revalidação do diploma, deixou dúvidas sobre a qualidade técnica dos serviços ofertados à população. Na infraestrutura, o contingenciamento de recursos paralisou obras e inviabilizou projetos de manutenção da rede assistencial. A criação de novas faculdades de medicina gerou incertezas quanto à possibilidade de ser oferecido um ensino de qualidade, com estrutura mínima e suficiente de laboratórios, ambulatórios e hospitais-escola, indispensáveis à formação do médico. Conclusão: As desigualdades regionais de concentração e dispersão de médicos, mostradas por estudos sobre a demografia médica no Brasil, decorrem de vários fatores, como falta de um plano de carreira e de condições de trabalho. De nada adianta ter o médico se este não dispuser de condições seguras e éticas para elaborar o diagnóstico, a terapêutica e acompanhar a reabilitação de seu paciente.', NULL, '63', '3', 2017, ' 268-277', 'R', NULL, NULL, 'N', 'http://www.scielo.br/pdf/ramb/v63n3/0104-4230-ramb-63-03-0268.pdf', 1, 3, 15, 3, 5, '2018-11-14 10:10:21', '2019-02-07 12:21:30'),
(68, 'Programa Mais Médicos: panorama da produção científica', 'The  Mais Médicos  (More Doctors) Program:  panorama of the scientific output', 'Apesar dos avanços conquistados pela Atenção Primária e Estratégia Saúde da Família no SUS, ainda persistem desafios com relação à universalização do acesso e à qualidade dos serviços, tendo como um dos fatores a defasagem e a distribuição desigual de médicos. O Governo brasileiro propôs o Programa Mais Médicos (PMM) para o Brasil, considerado como um conjunto de medidas para avançar no provimento, fixação e formação de médicos no SUS. Este estudo consiste em uma revisão bibliográfica do Programa Mais Médicos, com o objetivo de mapear e dimensionar a  produção científica sobre o mesmo, bem como sistematizar os achados e apresentar os resultados a partir de uma análise crítica. Foram selecionadas 54 publicações, as quais avaliam o Programa Mais Médicos em termos de efetividade, de análise do processo de implantação, de análise da mídia e dos discursos de atores, da formação e da análise jurídica e constitucional. Foram também sistematizadas as críticas e as limitações encontradas. Com relação à análise, de forma geral, as avaliações do Programa são positivas, apresentando mudanças importantes no processo de trabalho nos serviços e na formação. Destaque para os estudos que apontam o Programa como um importante instrumento para a efetivação do direito à saúde.', NULL, '21', '9', 2016, '2785-2796', 'R', '2014-01-01', '2016-12-31', 'N', 'http://www.scielo.br/pdf/csc/v21n9/1413-8123-csc-21-09-2785.pdf', 3, 3, 1, 4, 5, '2018-11-14 10:14:59', '2019-02-13 11:26:24'),
(69, 'Projeto Mais Médicos na saúde indígena: reflexões a partir de uma pesquisa de opinião', 'More Doctors Project in indigenous health: reflections from an opinion survey', '"O estudo tem como objetivo contribuir com a análise da implementação do “Projeto Mais Médicos para o Brasil”, nos Distritos Sanitários Especiais Indígenas, com dados produzidos por pesquisa de opinião desenvolvida em comunidades assistidas por médicos do projeto. A presente análise trouxe um recorte dos dados produzidos pelo questionário aplicado às comunidades indígenas assistidas e comparados com o universo geral da pesquisa aplicada em municípios. O estudo identifica um incremento significativo no quantitativo de médicos trabalhando na saúde indígena, uma percepção positiva quanto à satisfação com o projeto e aponta uma relação não excludente entre o acesso aos serviços biomédicos e o uso de práticas terapêuticas indígenas. Demonstra, ainda, a necessidade de se ampliarem as pesquisas sobre as consequências do Programa Mais Médicos, especialmente de cunho qualitativo e etnográfico. "', NULL, '21', NULL, 2017, ' 1169-1180', 'R', NULL, NULL, 'N', 'http://www.scielo.br/pdf/icse/v21s1/1807-5762-icse-1807-576220160387.pdf ', 1, 3, 7, 3, 5, '2018-11-14 10:17:28', '2019-02-13 10:13:29'),
(70, 'Tutoria acadêmica do Projeto Mais Médicos para o Brasil em Santa Catarina: perspectiva ético-política ', 'Academic tutorship of the  Mais Médicos para o Brasil  (More Doctors  to Brazil) Project in Santa Catarina: the ethical-political viewpoint', 'O estudo teve por objetivo identificar os fundamentos que conduzem a tutoria acadêmica do Projeto Mais Médicos para o Brasil em Santa Catarina, a partir da unidade de análise “valores realizados”. Trata-se de um estudo exploratório e compreensivo realizado, em 2015, com tutores catarinenses, profissionais de referência descentralizados dos Ministérios da Educação e da Saúde e profissionais de referência técnica do Ministério da Educação. Utilizou-se como instrumentos de coleta de dados entrevista semiestruturada e grupo focal. Com base na categoria Provimento emergencial como força inovadora da operação cultural Programa Mais Médicos, a análise foi conduzida pelo método ético-político. Revelaram-se três fundamentos: apagar incêndios, qualificação do Projeto e perspectiva processual. Concluiu-se que a tutoria acadêmica das atividades produtivas de médicos do provimento emergencial não corresponde a um enfrentamento pedagógico isolado, pois é parte e consequência do desenvolvimento histórico da teoria e da prática. A atividade corresponde dialeticamente a movimentos de ruptura, resistência, emancipação e não prescinde da reflexão coletiva sobre os valores eleitos e realizados no agir deliberativo.', NULL, '21', '9', 2016, '2797-2805', 'R', '2015-01-01', '2015-12-31', 'N', 'http://www.scielo.br/pdf/csc/v21n9/1413-8123-csc-21-09-2797.pdf', 3, 2, 1, 4, 5, '2018-11-14 10:28:07', '2019-02-13 11:30:32');
INSERT INTO `Artigo` (`CodArtigo`, `NomeArtigo`, `NomeArtigoIngles`, `Resumo`, `NomeRevistaConferencia`, `Volume`, `Numero`, `AnoPublicacao`, `Paginas`, `IndicadorRevistaConferencia`, `DataInicioEstudo`, `DataFimEstudo`, `IndicadorMulticentrico`, `UrlArtigo`, `CodObjetoPesquisa`, `CodAbrangencia`, `CodRevista`, `CodUsuarioInsercao`, `CodUsuarioUltimaAtu`, `DataInsercao`, `DataUltimaAtu`) VALUES
(71, 'O Programa Mais Médicos e a formação no e para o SUS: por  que a mudança?', 'he Project “ Mais Médicos ” and training in and for the Brazilian  Health System (SUS): why change it?', 'Não se aplica.', NULL, '19', '1', 2015, '05-10', 'R', NULL, NULL, 'N', 'http://www.scielo.br/pdf/ean/v19n1/1414-8145-ean-19-01-0005.pdf', 3, 3, 16, 4, 5, '2018-11-14 10:41:13', '2019-02-13 11:31:25'),
(72, 'A expansão de vagas de residência de Medicina de Família e Comunidade por municípios e o Programa Mais Médicos', 'Expanding family and community medicine residency  vacancies by municipalities and the More Doctors Program ', 'Este estudo visa identificar estratégias para criação ou expansão de vagas de seis programas de residência de Medicina de Família e Comunidade coordenados por gestores municipais do Sistema Único de Saúde (SUS) que podem contribuir para a universalização de vagas em residência médica e para o provimento médico em longo prazo previstos no Programa Mais Médicos (PMM). Foram analisados relatórios, legislação, publicações e registro de oficinas promovidas pelo Ministério da Saúde. Identificaram-se as seguintes estratégias: expansão da cobertura e melhoria da infraestrutura na Atenção Básica; qualificação e valorização da preceptoria; planejamento de legislação e do orçamento; integração com a graduação e outras residências. Conclui-se que iniciativas inovadoras de acordo com a realidade de cada município, combinadas com políticas nacionais, favoreceram o protagonismo de gestores municipais em mudanças na formação médica.', NULL, '21', '1', 2017, '1301-1313', 'R', '2015-01-01', '2015-12-31', 'N', 'http://www.scielo.br/pdf/icse/v21s1/1807-5762-icse-21-s1-1301.pdf ', 3, 3, 7, 4, 5, '2018-11-14 10:55:25', '2019-02-13 11:36:32'),
(73, 'Formação Médica no Programa Mais Médicos: alguns riscos', NULL, 'Não consta. Artigo de debate', NULL, '21', '9', 2016, '2670 - 2671 ', 'R', NULL, NULL, 'N', 'http://www.scielo.br/scielo.php?script=sci_arttext&pid=S1413-81232016000902670&lng=pt&nrm=isso', 3, 3, 1, 3, 5, '2018-11-20 09:15:34', '2019-02-13 11:37:12'),
(74, 'Reflexões dos médicos sobre o processo pessoal de aprendizagem e os significados da especialização à distância em saúde da família', 'Physicians’ reflections on the personal learning process and the significance of distance learning in family health', 'O artigo objetiva apresentar as reflexões dos profissionais do Programa Mais Médicos sobre o significado do curso de especialização em Saúde da Família, para a prática profissional e os aprendizados mais relevantes. Trata-se de um estudo com abordagem qualitativa tendo como base empírica os depoimentos registrados no item “Reflexão crítica sobre seu processo pessoal de aprendizagem” dos trabalhos de conclusão do curso de especialização da Universidade Federal de Pelotas. Para análise textual foram selecionados aleatoriamente 101 relatos de um total de 1.011 trabalhos concluídos de junho a dezembro de 2015, em sete estados das regiões norte, nordeste e sul. As barreiras iniciais foram vencidas com o apoio dos orientadores e integração da equipe, com destaque às ferramentas de ensino para o aprimoramento da prática clínica e organização estratégica do trabalho, além de maior compreensão sobre o sistema de saúde público. O reforço no aprendizado da língua portuguesa e a troca de experiência nos fóruns foram considerados aspectos positivos valiosos. Apesar da dificuldade no acesso à Internet em alguns municípios, foi reafirmado o papel central da educação permanente e a viabilidade da metodologia da problematização, mesmo a distância.', NULL, '21', '9', 2016, '2807-2814', 'R', NULL, NULL, 'N', 'http://www.scielo.br/pdf/csc/v21n9/1413-8123-csc-21-09-2807.pdf', 3, 3, 1, 3, 5, '2018-11-20 09:28:18', '2019-02-14 10:19:43'),
(75, 'Programas governamentais de provisão: perfil e motivações dos médicos que migraram do Programa de Valorização do Profissional da Atenção Básica (Provab) para o Mais Médicos em 2016', 'Government provision programs: profile and motivations of physicians who migrated from the Primary Care Professional Valorization Program (Provab) to the More Doctors Program in 2016.', 'O Programa de Valorização do Profissional da Atenção Básica (Provab) e o Programa Mais Médicos são estratégias diferentes adotadas em paralelo pelo Ministério da Saúde (MS) para enfrentar a falta de médicos na Atenção Básica do Sistema Único de Saúde (SUS), que convergem no objetivo de atrair brasileiros para atuar em áreas vulneráveis do país. Este artigo analisa perfil e motivações dos egressos do Provab que migraram para o Mais Médicos em 2016. Foram utilizados dados secundários do MS de um survey de monitoramento do Provab. Os resultados apontam que o Provab atraiu recém-egressos de Medicina e dão indícios de que o bônus de 10% ofertado aos que o concluem vem tornando o Provab uma via alternativa de acesso ao Mais Médicos para médicos com pouca experiência e indecisos sobre os rumos profissionais, mas que demonstram entusiasmo crescente em relação à Atenção Básica.', NULL, '21', NULL, 2017, '1217-28', 'R', NULL, NULL, 'N', 'http://www.scielo.br/pdf/icse/v21s1/1807-5762-icse-21-s1-1217.pdf', 3, 3, 7, 3, 5, '2018-11-20 09:37:34', '2019-02-13 11:40:13'),
(76, 'Apontamentos sobre o Módulo de Acolhimento e Avaliação do Programa Mais Médicos', 'Notes on the Welcome and Evaluation Module of the Mais Médicos Program', 'Este artigo se originou da experiência de participação em um Módulo de Acolhimento e Avaliação de Médicos Intercambistas do Programa Mais Médicos, no Brasil. Tem como objetivo apresentar e discutir aspectos relativos aos conteúdos e práticas pedagógicas utilizadas em sala de aula, para, em um sentido mais amplo, fomentar as discussões acerca da formação médica brasileira, seja com profissionais brasileiros ou não. Ao final do processo de formação, percebeu-se um descompasso entre as ações pedagógicas realizadas nesse módulo e o que é preconizado pelas políticas públicas brasileiras no campo da formação profissional em saúde.', NULL, '40', '3', 2016, ' 332-343', 'R', NULL, NULL, 'N', 'http://www.scielo.br/pdf/rbem/v40n3/1981-5271-rbem-40-3-0332.pdf', 3, 3, 2, 3, 5, '2018-11-20 09:53:59', '2019-02-13 11:41:20'),
(77, ' Projeto Mais Médicos para o Brasil: uma análise da supervisão acadêmica', ' More Doctors in Brazil Project: an analysis of academic supervision', 'A carência de médicos no Brasil tem sido minimizada por meio do Programa Mais Médicos. Durante a permanência no programa, os médicos participam de processos de aperfeiçoamento profissional, como a Supervisão Acadêmica, por meio da qual é concedido apoio pedagógico para o fortalecimento de habilidades e competências necessárias ao trabalho na Atenção Básica. Em 2015, foram realizadas visitas in loco e atividades longitudinais de supervisão, além de encontros locorregionais, nos quais foram abordadas temáticas relacionadas às doenças crônicas não transmissíveis, às doenças tropicais negligenciadas, ao panorama do programa, à Saúde Mental e ao processo de trabalho na Atenção Básica. O elenco desses conteúdos converge com o perfil epidemiológico prevalente na população, bem como com a dinâmica de trabalho na Atenção Básica. Assim, a Supervisão Acadêmica tem se mostrado uma ferramenta potente para a qualificação do programa e da Atenção Básica.', NULL, '21', NULL, 2017, '1291-1300', 'R', NULL, NULL, 'N', 'http://www.scielo.br/pdf/icse/v21s1/1807-5762-icse-1807-576220160558.pdf', 3, 3, 7, 3, 5, '2018-11-20 10:55:27', '2019-02-13 11:42:18'),
(78, 'O Programa “Mais Médicos” na Mídia Brasileira: estado da arte', NULL, 'O Programa Mais Médicos foi instituído, no Brasil, em 2013. Desde então, tem recebido especial atenção da mídia em decorrência de suas inovações no campo da atenção à saúde, mas também pelo fato de incluir médicos provenientes de outros países para atuarem aqui. O objetivo deste trabalho é compreender o estado da arte do conhecimento produzido academicamente sobre a relação da mídia com o Programa Mais Médicos. Utiliza a revisão narrativa como metodologia e se divide em duas partes: a primeira, de caráter histórico e, a segunda, reservada a indicar as análises acadêmicas sobre a produção midiática relativa ao Programa. Identifica um volume ainda modesto de pesquisas sobre este tema e que os resultados conhecidos se referem prioritariamente ao período de anúncio, lançamento e início da execução do Programa. Conclui que as pesquisas realizadas já permitem indicar ao menos três elementos importantes que caracterizam a cobertura da imprensa brasileira acerca do Mais Médicos: o viés político, a polarização das opiniões inicialmente veiculadas e o princípio do que se pode considerar uma mudança de enfoque, a partir do momento em que pesquisas de opinião revelam a aprovação popular do programa.', NULL, '11', '2', 2017, '1-13', 'R', NULL, NULL, 'N', 'http://www.scielo.mec.pt/pdf/obs/v11n2/v11n2a01.pdf', 5, 3, 17, 3, 5, '2018-11-20 11:22:10', '2019-02-14 09:40:53'),
(79, ' Análise da experiência de médicos cubanos numa metrópole brasileira segundo o Método Paideia', ' Analysis of the experience of Cuban physicians in a Brazilian metropolis in accordance with the Paideia Method', 'Esperávamos que o Programa Mais Médicos (PMM) tivesse provocado mudanças e reflexões diversas em cada município onde foi inserido. A fim de observar tais mudanças, buscamos analisar a experiência dos médicos cubanos de trabalho no PMM numa perspectiva centrada em atores, orientados pelo Método Paideia – metodologia que busca aumentar a capacidade dos sujeitos de analisar e intervir sobre a práxis. Lançamos mão de entrevistas semiestruturadas para perscrutar nosso objeto de pesquisa, que se constitui na experiência desses atores sociais inseridos profissionalmente no PMM numa metrópole com características singulares. Trabalhamos o material empírico instruídos pela Análise de Conteúdo e procedemos a Análise Temática. A partir do discurso dos sujeitos podemos dizer que as potencialidades do programa ultrapassaram barreiras iniciais, apresentando-se como uma ferramenta de tensão para a superação do modelo biomédico, em consonância com o método Paideia.', NULL, '21', '9', 2016, '2825-2836', 'R', NULL, NULL, 'N', 'http://www.scielo.br/pdf/csc/v21n9/1413-8123-csc-21-09-2825.pdf', 5, 1, 1, 3, 5, '2018-11-20 11:31:45', '2019-02-14 09:49:37'),
(80, 'Análise do posicionamento das Entidades Médicas – 2015-2016', 'Positioning analysis of Medical Entities – 2015-2016', 'O objetivo deste artigo é o de relatar pesquisa que analisou o posicionamento das Entidades Médicas (EM) sobre política e sistema de saúde no Brasil em 2015 e 2016. Realizouse o acompanhamento, processamento e classificação das notícias publicadas em três sites oficiais de EM, totalizando 648 publicações. A maior parte das publicações se encontrava no Conselho Federal de Medicina (CFM) e na Federação Brasileira dos Médicos (Fenam), sendo 44% em cada site. O Programa Mais Médicos e o Movimento Médico foram os temas mais frequentes nas publicações, os quais manifestaram oposição das entidades às políticas estabelecidas pelo governo federal antes do impeachment. Os resultados indicam que as EM defendem interesses corporativos, distanciando-se dos princípios e diretrizes da Reforma Sanitária Brasileira.', NULL, '41', '3', 2017, '74-86', 'R', NULL, NULL, 'N', 'http://www.scielo.br/pdf/sdeb/v41nspe3/0103-1104-sdeb-41-spe3-0074.pdf', 1, 3, 18, 3, 5, '2018-11-20 11:43:43', '2019-02-13 10:05:17'),
(81, 'Medicina de Família e Comunidade: breve histórico, desafios e perspectivas na visão de discentes de graduação', 'Family and Community Medicine: a brief history, challenges, and perspectives in the view of undergraduate students', 'A Medicina de Família e Comunidade (MFC) é fundamentada em princípios que estão diretamente vinculados à Atenção Primária à Saúde (APS), que é a base de um sistema para otimizar recursos e serviços em saúde. O presente artigo procura analisar a atual conjuntura da MFC na visão de discentes de graduação em medicina, com enfoque na APS. Faz-se, então, um breve resgate dos principais eventos históricos que nortearam a criação dessa especialidade no Brasil, tais como conferências, programas de Residência Médica e criação do Sistema Único de Saúde (SUS). Por fim, retorna-se aos dias de hoje, para se estabelecer uma conexão entre as propostas iniciais e o contexto atual da saúde, oferecendo uma visão crítica acerca desses aspectos. Procura-se destacar o programa Mais Médicos e o Programa de Valorização da Atenção Básica (PROVAB), ambos propostos recentemente pelo governo federal, com o intuito de corroborar as estratégias traçadas há algumas décadas.', NULL, '9', '30', 2014, '85-88', 'R', NULL, NULL, 'N', 'https://www.rbmfc.org.br/rbmfc/article/view/850/601', 5, 3, 4, 3, 5, '2018-11-21 09:11:52', '2019-02-13 11:57:08'),
(82, 'Ideologias linguísticas e regimes de testes de língua para migrantes no Brasil', 'Linguistic ideologies and language testing regimes for migrants in Brazil', ' Neste artigo, analisamos o regime de testes de língua no contexto de migração transnacional para o Brasil e sua relação com ideologias linguísticas hegemônicas na construção de sistemas de diferenciação corporal. Para tanto, partimos da noção de teste enquanto instrumento formal para medição de proficiência, instituído como pré-requisito para entrada, residência e/ou aquisição de nacionalidade por migrantes em diversos países, funcionando como uma forma de barreira no controle das fronteiras estatais, conforme aponta a literatura pesquisada. Inicialmente, identificamos a existência de três tipos de testes linguísticos no Brasil: Certificação de Proficiência em Língua Portuguesa para Estrangeiros (Celpe-Bras), avaliação de língua portuguesa para médicos vinculados ao programa “Mais Médicos” e exigência de conhecimento\r\nde língua portuguesa nos processos de naturalização. A análise do corpus indicou diversas discrepâncias entre o estado da arte dos estudos sobre testes linguísticos em contexto migratório e a realidade brasileira, colocando em perspectiva a existência de um regime de testes linguísticos migratórios no país, na medida em que as articulações entre o seu aspecto linguístico e o seu aspecto de barreira são contraditórias. Os recursos indexicalizados nos documentos sobre testes no Brasil sinalizam, na verdade, a afirmação de uma\r\nautonomia no gerenciamento da língua portuguesa e a comoditização do ensino do português para estrangeiros como estratégia de mercado e vitrine da cultura brasileira globalizada, numa construção ideológica de correspondência estática e  naturalizada entre língua oficial e nação, produzindo, para tanto, hierarquizações entre identidades migrantes “desejáveis” e “indesejáveis”.', NULL, '17', '1', 2017, '61-81', 'R', NULL, NULL, 'N', 'http://www.scielo.br/pdf/rbla/v17n1/1984-6398-rbla-17-01-00061.pdf', 5, 3, 41, 3, 5, '2018-11-21 09:26:21', '2019-02-13 11:58:59'),
(83, 'A PSICOLOGIA DO TRABALHO QUE REFLETE SOBRE SEU PRÓPRIO PERCURSO DE PESQUISA: O CASO DA INTERDIÇÃO DE ENTREVISTA DOS MÉDICOS CUBANOS ATUANDO NO PROGRAMA MAIS MÉDICOS – BRASIL', 'PSYCHOLOGY OF LABOR ACTIVITY REFLECTING UPON ITS OWN RESEARCH PATHWAY: THE CASE OF INTERDICTION FOR PARTICIPATING IN INTERVIEWS OF CUBAN MEDICAL DOCTORS ACTING IN MAIS MÉDICOS BRAZILIAN PROGRAM', 'O presente artigo apresenta meta-análise de um fato real que, em princípio, apareceu para seus autores como um obstáculo à realização de projeto original de pesquisa, que passa, após refinamento de análise, à condição de parte constitutiva da pesquisa. Trata-se de impedimento à realização de entrevistas com médicos cubanos participantes do programa institucional brasileiro “Mais Médicos”, no contexto de pesquisa voltada para a análise do impacto da mobilidade de profissionais médicos do país de origem para país estrangeiro. Tal impedimento foi imposto pela autoridade cubana de acompanhamento dos referidos médicos. Reflete-se aqui acerca do princípio segundo o qual eleger a abordagem psicossociológica como referencial epistemológico, teórico e metodológico implica tratar esse tipo de vicissitude como elemento constitutivo, e não impeditivo da pesquisa. Tal postura resulta de esforço crítico contínuo do pesquisador, para o qual o estabelecimento prévio de desenho de pesquisa e sua devida realização continua ainda a postura hegemônica.', NULL, '23', '1', 2017, ' 442-453', 'R', NULL, NULL, 'N', 'http://periodicos.pucminas.br/index.php/psicologiaemrevista/article/download/11812/12661 ', 5, 4, 19, 3, 5, '2018-11-27 09:22:17', '2019-02-14 09:57:30'),
(84, 'Fatores que influenciaram o processo de formulação de políticas de recursos humanos em saúde no Brasil e em Portugal: estudo de caso múltiplo', NULL, 'O estudo objetiva analisar o processo em que as políticas de recursos humanos em saúde (RHS), que visam melhorar a distribuição geográfica dos médicos, são (ou não) informadas por evidência científica no Brasil e em Portugal. Foi realizado um estudo de caso-múltiplo sobre o processo de decisão das políticas de RHS no Brasil e em Portugal. Para compor os estudos de caso, as políticas escolhidas foram o Programa Mais Médicos (PMM) e a estratégia de contratação de médicos estrangeiros por acordos bilaterais para o trabalho no Serviço Nacional de Saúde (SNS) português. Foram entrevistados 27 atores-chave no processo de formulação das políticas em análise nos seguintes tópicos: fatores que influenciaram a formulação, atores que eram esperados ganhar ou perder, evidências científicas e os dados disponíveis utilizados para a formulação, entre outros. Os fatores mais evidentes identificados nas entrevistas como sendo influenciadores do PMM foram: Instituições; Fatores Externos (eleições presidenciais); Interesses de grupos (por exemplo, associações de profissionais médicos), governos (brasileiro e cubano), organização internacional e sociedade civil; e Ideias (evidência científica). Os fatores mais listados em Portugal foram: Instituições e Interesses dos governos (português e envolvidos nos acordos bilaterais), sociedade civil e grupos (associações de profissionais médicos). Ao contrário do que se verificou no estudo de caso do Brasil, em que reconhecidamente a evidência teve um papel importante na formulação da política em análise, em Portugal a evidência científica não foi identificada como contributo para a formulação da intervenção em estudo.', NULL, '34', '2', 2018, NULL, 'R', NULL, NULL, 'N', 'http://www.scielo.br/scielo.php?script=sci_arttext&pid=S0102-311X2018000205015', 2, 4, 20, 3, 5, '2018-11-27 09:37:46', '2019-02-13 11:09:34'),
(85, 'Das portarias aos bloquinhos: arte e apoio institucional ao Projeto Mais Médicos para o Brasil', 'From gates to block notes: art and institutional support in the More Doctors for Brazil Project', 'Este ensaio apresenta experiências vivenciadas por uma artista visual integrante da equipe de Apoio Institucional do Ministério da Educação para o Projeto Mais Médicos para o Brasil (PMMB), uma proposta interministerial que aproxima de forma significativa processos de trabalho e formação relacionados à saúde e à educação. Por meio do que Roland Barthes chama de obtuso e por meio de uma metodologia hifográfica, investe-se na leveza e reinvenção de ações no campo da Saúde Coletiva na interface das artes como processos educativos sensíveis experimentados ao longo de dois anos junto com o PMMB. Por meio de pequenos blocos de anotações produzidos individualmente e por um coletivo de apoiadores, delineia-se um processo singular e sensível, contribuindo na discussão sobre o fortalecimento das coletividades, das redes de Atenção Básica, da formação para o Sistema Único de Saúde e da composição de olhares poético-políticos acerca do PMMB.', NULL, '21', '1', 2017, '1377-1389', 'R', NULL, NULL, 'N', 'http://www.scielo.br/scielo.php?script=sci_arttext&pid=S1414-32832017000501377&lng=en&nrm=iso&tlng=pt', 5, 3, 7, 3, 5, '2018-11-27 10:03:30', '2019-02-14 09:46:30'),
(86, 'O desafio da mudança: a transformação curricular de um Programa de Residência de Medicina de Família e Comunidade ', 'The challenge of change: the curricular transformation of Family and Community Medicine Residency Program', 'Introdução: Um dos eixos centrais do Programa Mais Médicos para o Brasil prevê a reestruturação nas residências de Medicina de Família e  Comunidade do país, de modo que elas estejam adequadas à nova legislação, sendo pré-requisito para as demais residências médicas do país. Para esta  mudança, é necessário que os programas  existentes adaptem  os seus programas de modo que estes  estejam em consonância  com o  que se espera  de um  Médico de  Família e Comunidade. Objetivo:  Analisar a  experiência da  Universidade Federal  de Uberlândia  e a metodologia utilizada na reforma curricular do Programa de Residência em Medicina de Família e Comunidade. Métodos: Estudo de caso com análise documental sobre o produto, atas e demais documentos construídos durante as três ocinas de reforma  curricular executadas,  além dos marcos regulatórios. Resultados: A  metodologia utilizada  nestas ocinas  englobou o  Arco de Maguerez como estratégia problematizadora que dialoga com a Pedagogia Progressista de Paulo Freire. Para participar das ocinas, foram convidados residentes, gestor, preceptores e docentes. Trabalhou-se com a matriz de planejamento estratégico Análise FOFA (Fortaleza, Oportunidade, Fraqueza e Ameaça) para realizar o diagnóstico situacional do programa; elencaram-se ainda os estágios a serem desenvolvidos, bem como os princípios pedagógicos utilizados e as ferramentas avaliativas. Conclusão: Observou-se uma mudança signicativa no programa da residência com envolvimento principalmente de preceptores e residentes engajados na implementação desta nova proposta. Os desaos encontrados foram parcialmente superados, porém ainda existem questões relacionadas principalmente à dinâmica ensino-serviço que precisa ser melhor estruturada para a efetivação do novo programa.', NULL, '13', '40', 2018, '1-12', 'R', NULL, NULL, 'N', 'https://www.researchgate.net/publication/324236120_O_desafio_da_mudanca_a_transformacao_curricular_de_um_Programa_de_Residencia_de_Medicina_de_Familia_e_Comunidade', 3, 1, 4, 3, 5, '2018-11-27 10:16:42', '2019-02-13 11:21:50'),
(87, 'A gestão do trabalho na estratégia saúde da família: (des)potencialidades no cotidiano do trabalho em saúde', 'Labour management in the family health strategy: (non-)potentialities in the everyday work of healthcare', 'Este artigo discute os limites e as potencialidades da gestão do trabalho na Estratégia Saúde da Família, a partir do discurso dos gestores formais, ocupantes de cargos de autodireção na gestão municipal da saúde. Trata-se de um estudo do tipo descritivo, exploratório, com abordagem qualitativa. Foram entrevistados 72 gestores, por meio de entrevista semiestruturada com base em um roteiro guia, em 36 municípios. A análise dos dados foi fundamentada no método de análise do discurso. Os resultados apontam limites à constituição da gestão do trabalho nos municípios, com destaque para a interferência política, baixa provisão de profissionais médicos, inoperância das redes de atenção à saúde e o controle financeiro e orçamentário no bojo da macropolítica. Dentre as potencialidades, são citados o vínculo trabalhador-usuário, a gestão compartilhada, o controle de metas e resultados e o Programa Mais Médicos. Nesse sentido, o maior desafio na ativação da potência para a ação do trabalhador consiste na inovação por meio de novos modos de produzir a gestão do trabalho, com base na cogestão com espaços dialógicos de tomada de decisão que tenham a potência de disparar novas formas de vida no gestor e no trabalhador, através da democratização da tomada de decisão.', NULL, '25', '4', 2016, '998-1002', 'R', '2014-01-01', '2014-12-31', 'N', 'http://www.scielo.br/pdf/sausoc/v25n4/1984-0470-sausoc-25-04-00988.pdf', 5, 2, 11, 3, 5, '2018-11-27 10:23:16', '2019-02-14 09:36:39'),
(88, 'Regulação do trabalho médico no Brasil: impactos na Estratégia Saúde da Família', NULL, ' O artigo apresenta uma revisão da regulação do trabalho dos médicos de família no Brasil e em outros países, com o objetivo de discutir medidas recentes do Ministério da Saúde que flexibilizaram a carga horária de trabalho dos médicos na Estratégia Saúde da Família. A abordagem é feita a partir de uma revisão bibliográfica e da legislação brasileira sobre o tema, numa perspectiva comparada com experiências de outros países. A pesquisa revelou a existência de um padrão de baixa regulação estatal tanto do trabalho médico, quanto de sua formação no Brasil, especialmente no que diz respeito à medicina da família, quando comparada com experiências internacionais. Esta situação resulta numa baixa oferta de profissionais para a Estratégia Saúde da Família e contribuiu para a recente flexibilização da carga horária dos médicos e para a criação do Programa Mais Médicos pelo Ministério da Saúde. A opção pela flexibilização no lugar de maior regulação sobre a profissão pode afetar a integração das equipes de saúde da família, que constitui elemento central da estratégia e aparentemente contradiz a ênfase no papel prioritário da mesma reiteradamente declarada pelo ministério.', NULL, '23', '4', 2013, '1147-1166', 'R', '2013-01-01', '2013-10-30', 'N', 'https://www.scielosp.org/pdf/physis/2013.v23n4/1147-1166/pt ', 5, 3, 21, 3, 5, '2018-11-27 11:18:50', '2019-02-14 09:37:22'),
(89, 'A FACE QUALIFICADA-ESPECIALIZADA DO TRABALHO IMIGRANTE NO BRASIL: temporalidade e flexibilidade', 'THE QUALIFIED-SPECIALIZED FACE OF IMMIGRANT LABOR IN BRAZIL: temporality and flexibility', 'O objeto deste artigo é a face qualificada-especializada do trabalho imigrante, relacionada com o circuito legalizado da imigração. Examina-se a bibliografia e os diferentes tratamentos teóricos do tema, enfatizando a pertinência do prisma do “mercado global dos recursos humanos qualificados”. A manifestação desses fluxos no Brasil (2007-2014) é analisada a partir das estatísticas do Ministério da Saúde e do Ministério do Trabalho e Emprego sobre o regime de visto, a composição de sexo e de nacionalidade. Uma seção é dedicada aos “marítimos globais” e aos médicos cubanos, por representarem um caso emblemático das novas bases sócio-históricas de desenvolvimento do fenômeno da imigração no país. Por fim, será feito um balanço sobre a ligação desses fluxos com movimentos de precarização do trabalho, em particular no que se refere à temporalidade e à flexibilidade.', NULL, '30', '79', 2017, NULL, 'R', NULL, NULL, 'N', 'http://www.scielo.br/scielo.php?script=sci_arttext&pid=S0103-49792017000100033&lng=pt&nrm=iso', 2, 3, 22, 3, 5, '2018-12-11 09:45:01', '2019-02-13 11:06:11'),
(90, 'Mapeamento da produção científica sobre o Programa Mais Médicos', 'Mapping of scientific production on the Mais Médicos Program', 'O Programa Mais Médicos (PMM) foi instituído pela Lei nº 12.871, de 22 de outubro de 2013, com a finalidade de reduzir as desigualdades regionais na área da saúde e garantir acesso igualitário e integral aos serviços de saúde. A implantação desse programa tem gerado interesse nos pesquisadores da área de política, planejamento e gestão em saúde, interessados em analisar seu processo de formulação e implementação, bem com os resultados alcançados até o momento. O objetivo deste trabalho é efetuar uma revisão integrativa da literatura sobre o PMM em diferentes bases de dados - Biblioteca Virtual em Saúde, portal de periódicos da Coordenação de Aperfeiçoamento de Pessoal de Nível Superior (Capes) e plataforma de pesquisa do Programa Mais Médicos -, visando identificar seus principais temas de investigação, os pesquisadores e os resultados de estudos. Foram identificados 137 trabalhos, publicados entre os anos de 2013 a 2016, classificados segundo o ano de publicação, o tipo de trabalho, o idioma, a área do conhecimento, temas e subtemas abordados, a procedência institucional dos autores e os resultados apresentados. A maioria dos estudos procede da área centro-sul do Brasil, sendo pesquisas empíricas que analisam ou avaliam o programa e apontam que o PMM tem reduzido a escassez de médicos em determinadas regiões do país, melhorado a relação médico/paciente, estimulado práticas interdisciplinares e fortalecido a atenção primária no Sistema Único de Saúde (SUS). Indicam, também, alguns limites do PMM, notadamente a inadequação do perfil dos profissionais que dele participam, o que demanda o fortalecimento das iniciativas de formação e educação permanente do pessoal inserido no programa.', NULL, '27', '3', 2018, '794-808', 'R', NULL, NULL, 'N', 'http://www.scielo.br/scielo.php?script=sci_arttext&pid=S0104-12902018000300794&lng=pt&nrm=iso', 1, 3, 11, 3, 5, '2018-12-11 10:04:05', '2019-02-07 12:22:53'),
(91, 'Programa Mais Médicos: análise documental dos eventos críticos e posicionamento dos atores sociais', NULL, 'Entre os desafios para a consolidação da Atenção Primária à Saúde (APS), como estratégia prioritária para o redirecionamento do modelo de atenção à saúde no Brasil, destaca-se a dificuldade de fixação e provimento de profissionais de saúde, prioritariamente médicos, em todo o território nacional. Este estudo consiste em uma análise documental sobre os processos de formulação e implementação do Programa Mais Médicos (PMM) no período de 2013 (período de publicação da Lei nº 12.871/2013, que instituiu o PMM) a 2015. As publicações selecionadas permitiram o mapeamento dos eventos críticos, interesses e a identificação de posicionamentos divergentes entre os atores sociais (aliados, oponentes ou indiferentes) envolvidos nas etapas de formulação de propostas e implementação do programa. No que concerne à análise, de forma geral, o PMM constituiu um avanço para a ampliação do acesso à saúde no país.', NULL, '21', '1', 2017, '1241-1256', 'R', NULL, NULL, 'N', 'http://www.scielo.br/scielo.php?script=sci_arttext&pid=S1414-32832017000501241&lng=pt&nrm=iso', 1, 3, 7, 3, 5, '2018-12-11 10:24:21', '2019-02-07 12:23:32'),
(92, 'Uso público da razão e argumentação: análise dos debates sobre o Programa Mais Médicos', NULL, 'Este estudo tem como objetivos identificar os principais argumentos utilizados durante as discussões públicas sobre o Programa Mais Médicos e analisar a estrutura das argumentações e sua adequação às regras de uma discussão crítica. São analisados debates veiculados na televisão e na internet envolvendo agentes públicos e da sociedade civil. A análise foi realizada a partir da abordagem pragma-dialética de Van Eemeren e Grootendorst e seu modelo de discussão crítica. Em todos os debates são observadas falácias nas argumentações, o que dificulta o avanço no sentido de se chegar à resolução das diferenças de opiniões. Esses entraves no diálogo acabam por dificultar também a resolução de problemas concretos que poderia fazer avançar o Programa Mais Médicos e, assim, melhorar as condições de acesso à saúde da população.', NULL, '21', '1', 2017, '1115-1127', 'R', '2013-07-01', '2013-12-31', 'N', 'http://www.scielo.br/scielo.php?script=sci_arttext&pid=S1414-32832017000501115&lng=pt&nrm=iso', 1, 3, 7, 3, 5, '2018-12-11 10:48:38', '2019-02-14 09:44:04'),
(93, 'SUBJETIVAÇÃO DOS MÉDICOS CUBANOS: DIFERENCIAIS DO INTERNACIONALISMO DE CUBA NO PROGRAMA MAIS MÉDICOS', 'SUBJECTIVATION OF CUBAN DOCTORS: DISTINGUISHING TRAITS OF CUBA’S INTERNATIONALISM WITHIN THE MORE DOCTORS PROGRAM', 'Para compreender certos efeitos do Programa Mais Médicos, estudamos os processos de subjetivação que operaram na constituição dos médicos cubanos ao longo do processo revolucionário desencadeado desde o final da década de 1950. Para tanto, analisamos diversas publicações e consideramos nossas experiências com esses profissionais, usando as formulações de Michel Foucault sobre como as relações de poder-saber constituem os indivíduos, na conexão entre os aspectos políticos e os processos éticos. Evidenciamos o papel que o sistema público de saúde tem na Revolução Cubana, identificando a centralidade dos médicos nesse processo; discutimos os aspectos morais que incidem na constituição ética dos médicos cubanos, especialmente a figura do revolucionário e as práticas de internacionalismo solidário. Por fim, analisamos as transformações recentes naquele país e suas consequências ainda indefinidas sobre a subjetivação dos médicos cubanos.', NULL, '16', '3', 2018, '899-918', 'R', NULL, NULL, 'N', 'http://www.scielo.br/scielo.php?script=sci_arttext&pid=S1981-77462018000300899&lng=en&nrm=iso&tlng=pt', 3, 4, 23, 4, 5, '2018-12-13 15:48:34', '2019-02-13 11:13:32'),
(94, 'Impacto do Programa Mais Médicos na redução da escassez de médicos em Atenção Primária à Saúde', NULL, 'O Programa Mais Médicos (PMM) foi implantado no Brasil com o objetivo de reduzir as desigualdades no acesso à Atenção Primária à Saúde (APS). Baseado em diversas evidências que apontavam para um cenário de profunda escassez de médicos no país, um dos seus eixos de ação foi a provisão emergencial desses profissionais em áreas vulneráveis, denominado de Projeto Mais Médicos para o Brasil. O artigo analisa o impacto do PMM na redução da escassez de médicos nos municípios brasileiros. Para tanto, lança mão do Índice de Escassez de Médicos em APS, o qual a identifica e a mensura nos períodos março de 2013 e setembro de 2015, antes e depois da implantação do programa. Os resultados mostram que ocorreu um substantivo aumento na oferta de médicos em APS no período, o que contribuiu para reduzir o número de municípios com escassez desses profissionais de 1.200 para 777. Este impacto também contribuiu para reduzir as desigualdades entre os municípios, mas as iniquidades distributivas permaneceram. Foi verificado ainda que ocorreu uma redução na oferta regular de médicos pelos municípios, sugerindo uma substituição da mesma pela do programa. Assim, permaneceu um quadro de insegurança assistencial em função da dependência dos municípios em relação ao provimento federal.', NULL, '21', '9', 2016, '2675-2684', 'R', NULL, NULL, 'N', 'http://www.scielo.br/scielo.php?script=sci_arttext&pid=S1413-81232016000902675&lng=pt&nrm=iso', 2, 3, 1, 3, 5, '2018-12-13 15:59:14', '2019-02-13 11:06:55'),
(95, 'Tempo de Colheita: experiência no programa Mais Médicos na zona rural de Lagoa de Pedras/RN', 'Harvest Time: experience inside the Mais Médicos program in the Lagoa de Pedras’ rural zone', 'Objetivo: Descrever as ações desenvolvidas pelo profissional médico durante sua atuação na zona rural de Lagoa de Pedras no período de setembro de 2013 a outubro de 2015. Métodos: Fez-se uso de diários de campo, a análise por categorias da experiência e a Educação Popular em Saúde. Resultados: Foram desenvolvidas as seguintes ações - cursos de atualização dos profissionais de saúde, fortalecimento do Controle Social, grupos terapêuticos em saúde mental e saúde do homem e um trabalho específico em hipertensão arterial sistêmica e diabetes mellitus.Conclusão: Por meio da articulação entre a Secretaria Municipal de Saúde, os profissionais da saúde e a população, institui-se uma nova rotina de vivenciar o processo saúde-doença-cuidado para todos que compõem a saúde local.', NULL, '13', '40', 2018, '1-9', 'R', '2013-09-01', '2015-10-31', 'N', 'https://rbmfc.emnuvens.com.br/rbmfc/article/viewFile/1595/906', 5, 1, 4, 4, 5, '2018-12-13 16:14:29', '2019-02-14 09:51:29'),
(96, 'A integralidade das práticas dos médicos cubanos no Programa Mais Médicos na cidade do Rio de Janeiro, Brasil', ' Comprehensiveness of practices by Cuban physicians in the More Doctors Program in Rio de Janeiro, Brazil', 'A baixa oferta de médicos em áreas remotas e desfavorecidas é um obstáculo ao acesso universal e à garantia da qualidade do cuidado em saúde. Por meio do Programa Mais Médicos (PMM), até o ano de 2015, 18 mil profissionais foram incorporados ao Sistema Único de Saúde (SUS) para atuação na atenção básica, sendo 79% cubanos. Este artigo analisou a integralidade das práticas dos médicos cubanos no PMM por meio de estudo qualitativo realizado no Município do Rio de Janeiro, Brasil, com base em entrevistas com médicos cubanos (24) e grupo focal com supervisoras do PMM (4). A integralidade foi analisada em duas dimensões: abordagem biopsicossocial do cuidado, com orientação comunitária; e elenco de ações de promoção, prevenção e assistência. A atuação dos médicos cubanos apresenta elementos condizentes à integralidade das práticas na atenção primária, com prestação de um leque amplo de ações e serviços, coerente com a complexidade dos problemas de saúde e pluralidade dos cenários. Os profissionais possuem marcada capacidade de inserção comunitária, enfoque preventivo, planejamento de ações e bom relacionamento interpessoal na equipe, identificando-se posturas e técnicas de acolhimento, vínculo e responsabilização. Desafios foram sinalizados quanto à promoção de práticas participativas com as coletividades, à ampliação da autonomia de usuários nas decisões clínicas, ao manejo de problemas de ordem psíquica, à sistematização de ferramentas de abordagem e à realização de procedimentos invasivos. Apontam-se fortes indícios de que o PMM, além do acesso às consultas médicas, oferta cuidados integrais em saúde e contribui para o fortalecimento da atenção básica no país.', NULL, '34', '9', 2018, NULL, 'R', '2013-10-15', '2015-12-04', 'N', 'http://www.scielo.br/scielo.php?script=sci_arttext&nrm=iso&lng=pt&tlng=pt&pid=S0102-311X2018000905012', 5, 1, 20, 3, 5, '2018-12-14 14:38:04', '2019-02-13 11:54:58'),
(97, 'Atitudes para a colaboração interprofissional de equipes da Atenção Primária participantes do Programa Mais Médicos', 'Attitudes towards interprofessional collaboration of Primary Care teams participating in the ‘More Doctors’ (Mais Médicos) program', 'Objetivos: comparar atitudes em relação à colaboração interprofissional de profissionais de saúde componentes de equipes da Estratégia Saúde da Família, participantes do Programa Mais Médicos, bem como identificar fatores associados a atitudes de colaboração interprofissional. Método:estudo descritivo, transversal e comparativo, desenvolvido com 63 profissionais de saúde que responderam à Escala Jefferson de Atitudes Relacionadas à Colaboração Interprofissional. Os dados foram analisados estatisticamente. Resultados:o somatório dos itens da escala variou de 88 a 139 pontos. A análise do conjunto das equipes de Saúde da Família indicou diferenças estatísticas significantes entre os escores da escala e a categoria profissional e entre os escores e a escolaridade, sugerindo que os enfermeiros e os profissionais com nível superior são mais inclinados para a prática colaborativa. A análise segundo o perfil do médico - brasileiro, intercambista ou cubano - não determinou diferenças estatísticas nos escores dos médicos, tampouco nos escores dos componentes das equipes de diferentes perfis. Conclusão:o perfil não sugeriu maior ou menor inclinação, com significância estatística, dos médicos ou das equipes para o trabalho interprofissional. Este estudo pode constituir subsídio para novas investigações que contribuam para análise sobre a colaboração interprofissional e o impacto do Programa Mais Médicos.', NULL, '26', NULL, 2018, '1-8', 'R', '2016-11-01', '2016-12-31', 'N', 'http://www.scielo.br/scielo.php?script=sci_arttext&nrm=iso&lng=pt&tlng=pt&pid=S0104-11692018000100334', 5, 2, 24, 4, 5, '2018-12-14 14:56:10', '2019-02-13 11:56:06'),
(98, 'Economia do setor público: uma análise do Programa Mais Médicos', NULL, 'Este trabalho tem como objetivo analisar o Programa Mais Médicos - PMM e suas relações com as falhas de mercado e falhas de governo no setor de saúde brasileiro. Para tanto, se configurou como um estudo de caso de natureza qualitativa. Inicialmente, apresenta-se uma contextualização da saúde pública no Brasil, desde o século XIX até o final do século XX, destacando o papel do governo, do mercado e da sociedade civil no setor  de saúde, bem como a criação do Sistema Único de Saúde SUS. Na sequência, discorre-se um breve referencial teórico. Foi utilizada como estratégia metodológica a revisão bibliográfica, recorrendo à livros e artigos pesquisados na Biblioteca Virtual de Saúde e Scielo. A discussão demonstrou características e situações, atinentes ao PMM, relativas às falhas de mercado, no que concerne à incerteza, risco moral, externalidades, assimetria de informação e barreiras. Por fim, o estudo concluiu que, a despeito dos esforços implementados no âmbito do SUS, uma possível dependência de trajetória à iniciativa privada na saúde, parece atrair, com mais efetividade, o profissional médico para o exercício profissional. Sugere-se o desenvolvimento de estudos futuros mais específicos quanto à distribuição dos médicos nas localidades e seus impactos nas condições de saúde da população.', NULL, '3', '1', 2018, '123 - 146', 'R', NULL, NULL, 'N', 'https://seer.ufmg.br/index.php/revice/article/viewFile/11669/8677', 1, 3, 25, 3, 5, '2018-12-14 15:48:19', '2019-02-13 09:47:21'),
(99, 'A explosão numérica das escolas médicas brasileiras', 'The numerical explosion in Brazilian medical schools  ', 'O Programa Mais Médicos projeta abrir,até 2017, 1111.400 vagas em graduação em medicina e 12.400 vagas em residência. O Brasil já conta com cerca de 400 mil médicos atuantes,correspondendo a 2,11 médicos a cada mil habitantes.Assim,o país supera a perspectiva da. Organização Mundial da Saúde, que recomenda um profissional a cada mil habitantes. Os números saltam aos olhos e pintam um cenário de prosperidade e sucesso no que tange à medicina e à assistência em saúde; mas não é bem assim. Há expressiva concentração de generalistas e especialistas na Região Sudeste e falta destes no Norte. O Sudeste centraliza mais especialistas do que a soma dos médicos do Nordeste,Centro-Oeste e Norte. Neste trabalho,expomos estes números e analisamos o impacto deles na formação do egresso que se prepara para entrar no mercado de trabalho.', NULL, '19', NULL, 2018, '19-24', 'R', NULL, NULL, 'N', 'https://reader.elsevier.com/reader/sd/pii/S1575181318300263?token=F23F5BF398C018E5516370964B802085B5B702A02C683ECE1E46F7786CE0D2F213A9581A63DE3E055DD83BCF0C67A853', 3, 3, 26, 4, 5, '2018-12-14 16:05:36', '2019-02-13 11:14:29'),
(100, 'O Programa Mais Médicos: controvérsias na mídia', 'The More Doctors Program: media controversies', 'Realizou-se um estudo exploratório sobre a repercussão do lançamento do Programa Mais Médicos na mídia, a partir da identificação, da seleção e da análise de notícias publicadas em jornais de circulação nacional, nos sites de Entidades Médicas e nos ligados à Reforma Sanitária Brasileira, no período de lançamento do Programa (julho a setembro de 2013). Procedeu-se à análise de discurso do material selecionado. Os resultados demonstram diferentes filiações políticas das entidades analisadas, com ampla diversidade de opiniões, que se contradizem ou coadunam, contribuindo, assim, para que o tema ganhasse um significado político que ultrapassasse o setor saúde. Apesar de todas as discussões e críticas em torno da implementação do Programa, este representa um grande avanço em termos de política pública, que integra, em uma única proposta, elementos voltados ao provimento emergencial de médicos, à educação médica e ao desenvolvimento da infraestrutura das unidades de saúde no âmbito do Sistema Único de Saúde (SUS). O material analisado evidencia que a mídia atua, simultaneamente, como espaço de reverberação do debate político e, também, como um ator político que influi na opinião pública acerca do Programa.', NULL, '42', '117', 2018, '489-502', 'R', '2013-07-05', '2013-09-20', 'N', 'http://www.scielo.br/scielo.php?script=sci_arttext&pid=S0103-11042018000200489', 5, 3, 18, 3, 5, '2018-12-14 16:27:29', '2019-02-14 09:41:35'),
(101, 'Associação político-partidária e influência da estrutura de incentivos na adesão dos municípios às políticas de saúde: evidências do Projeto Mais Médicos para o Brasil', 'Political partisanship and influence from the funding structure on the adhesion of municipalities to health policies: evidence from the project Mais Médicos para o Brasil', 'O projeto Mais Médicos para o Brasil é uma ação do programa Mais Médicos, formulada pelo governo federal e implementada pelos municípios brasileiros a partir de 2013. Sua finalidade é levar médicos brasileiros e estrangeiros para regiões onde faltam esses profissionais. O estudo investiga se há associação político-partidária e influência da estrutura de incentivos na decisão dos municípios em aderir ao projeto. Para tanto, utiliza dados de adesão dos municípios em função da filiação partidária dos prefeitos e realiza entrevistas com secretários de saúde de dois municípios selecionados da região de saúde de Limeira, no estado de São Paulo. Os resultados sugerem haver tanto associação político-partidária como influência da estrutura de incentivos. Conclui-se que mesmo em países federativos e com marcadas desigualdades regionais, políticas públicas nacionais que demandam cooperação de diferentes esferas de governo podem ser implementadas com relativo sucesso, desde que uma estrutura apropriada de incentivos tenha sido prevista na formulação da política.', NULL, '27', '2', 2018, '615-631', 'R', NULL, NULL, 'N', 'http://www.scielo.br/scielo.php?script=sci_arttext&pid=S0104-12902018000200615', 1, 3, 11, 3, 5, '2018-12-14 16:45:46', '2019-02-13 09:48:29'),
(102, 'O jornal Folha de S. Paulo no contexto das indústrias culturais e midiáticas: um olhar para as manchetes sobre o Programa Mais Médicos', 'Folha de S. Paulo Newspaper in the Context of Cultural and Media Industries: a Critical Look at the Headlines on Programa MaisMédicos Government Program', 'Introdução: O Programa Mais Médicos (PMM) representa uma política estruturada em três dimensões: criação de novos cursos de medicina; mudanças na formação médica e provimento de médicos para atuarem no Sistema Único de Saúde. Durante sua implantação, os meios de comunicação tiveram um papel importante ao colocar essa temática em debate. Objetivo: Analisar as manchetes do jornal Folha de S. Paulo sobre o PMM, a partir do referencial teórico das indústrias culturais e midiáticas a fim de discutir os interesses que permeiam a lógica das notícias. Métodos: Foi realizada a busca do título das notícias no site do jornal Folha de S. Paulo. O descritor inserido foi “Programa Mais Médicos”, no período de 01/06/2013 a 01/12/2013. Foram capturados 197 títulos que abordavam a temática. Os títulos foram transcritos e analisados por meio da técnica de Análise de Conteúdo no Software de Análise de Dados Qualitativos Maxqda. Resultados: A amostra final foi constituída de 164 títulos. A maioria das notícias que citavam o PMM tinha um título de caráter negativo ou pessimista. Com base na Análise de Conteúdo da abordagem do título da matéria, emergiram as seguintes categorias: política, corporativismo, formação profissional, atenção básica, financiamento e outras. Conclusão: O PMM foi uma temática de destaque midiático no jornal Folha de S. Paulo, com um viés predominante político e negativista relacionado aos interesses do jornal enquanto atividade comercial. Dessa forma, o corporativismo médico foi fortemente revelado nas manchetes.', NULL, '20', '2', 2018, '16-24', 'R', '2013-06-01', '2013-12-01', 'N', 'http://pesquisa.bvsalud.org/portal/resource/pt/biblio-912152', 5, 3, 27, 4, 5, '2018-12-17 14:17:54', '2019-02-14 09:42:31'),
(103, 'Programa Mais Médicos e sua repercussão na mídia: o que informar e para quem?', 'Programa Mais Médicos and its repercussion in the media: what should be informed and for whom?', 'O Programa Mais Médicos (PMM) foi instituído no Brasil no ano de 2013. Desde então, vem sendo debatida pela sociedade a questão de sua viabilidade, seus resultados e sua continuidade. O objetivo deste artigo é identificar e analisar a produtividade discursiva midiática, no período de maio de 2013 a julho de 2014, sobre o PMM. Foi feito um estudo exploratório e documental em uma revista semanal de grande circulação no Brasil (IstoÉ), através da busca de reportagens no seu sítio virtual, com descritores relacionados ao Programa, em que foram selecionadas 34 reportagens em 31 edições a partir do mês anterior à publicação da medida provisória que instituiu o PMM. A revista destacou a chegada de profissionais estrangeiros, os atos xenofóbicos empreendidos pela classe médica e a proteção corporativista da categoria. O PMM contribui grandemente para a melhoria da saúde da população e o atendimento de suas necessidades, porém reproduz a centralidade médica, desconsiderando que outros profissionais de saúde também têm sua atuação dificultada em áreas negligenciadas pelo Estado.', NULL, '12', '1', 2018, '14-25', 'R', '2013-05-01', '2014-07-31', 'N', 'https://www.reciis.icict.fiocruz.br/index.php/reciis/article/view/1263/2202', 5, 3, 28, 4, 5, '2018-12-17 15:07:27', '2019-02-14 09:43:01');
INSERT INTO `Artigo` (`CodArtigo`, `NomeArtigo`, `NomeArtigoIngles`, `Resumo`, `NomeRevistaConferencia`, `Volume`, `Numero`, `AnoPublicacao`, `Paginas`, `IndicadorRevistaConferencia`, `DataInicioEstudo`, `DataFimEstudo`, `IndicadorMulticentrico`, `UrlArtigo`, `CodObjetoPesquisa`, `CodAbrangencia`, `CodRevista`, `CodUsuarioInsercao`, `CodUsuarioUltimaAtu`, `DataInsercao`, `DataUltimaAtu`) VALUES
(104, 'Aproximando saberes e experiências à distância: relato da tutoria de um curso de especialização', 'Approaching knowledge and experiences at a distance: report of the tutoring of a specialization course', 'Este relato busca descrever a experiência do processo de tutoria a distância do Curso de Especialização Multiprofissional na Atenção Básica no Brasil, realizado nos estados de Santa Catarina e Paraná. O curso teve como público profissionais de saúde, entre esses: médicos, enfermeiros e dentistas, vinculados ao "Programa de Valorização da Atenção Básica" e ao "Programa Mais Médicos no Brasil", totalizando 1 600 profissionais. O curso foi estruturado a partir de três eixos teóricos e com mediação pedagógica realizada por uma equipe de tutoria. A metodologia adotada foi a problematizadora, desenvolvida a partir de uma postura crítica sobre a realidade, no processo de ensino aprendizagem. Os tutores realizaram orientação pedagógica, apoio ao uso das mídias e tecnologias e avaliação das atividades didáticas realizadas no curso. Os alunos avaliaram positivamente, a didática e conteúdo programático do curso e o desempenho dos tutores. Almeja-se que esta experiência possa ser vista como possibilidade de impulsionar outras experiências na formação em saúde.', NULL, '20', '1', 2018, '132-137', 'R', '2013-01-01', '2015-12-31', 'N', 'http://www.scielo.org.co/scielo.php?script=sci_arttext&pid=S0124-00642018000100132', 5, 3, 29, 4, 5, '2018-12-17 16:34:07', '2019-02-14 09:50:45'),
(105, 'Tecobé no Marajó: tendência de indicadores de monitoramento da atenção primária antes e durante o Programa Mais Médicos para o Brasil', 'Tecobé in Marajó: trend of indicators for the monitoring of primary care before and during the More Physicians for Brazil Program', 'O estudo objetivou avaliar o desempenho da Estratégia Saúde da Família após implementação do Programa Mais Médicos (PMMB) no território do Marajó-PA-Brasil, através da série histórica de quatro indicadores de cuidados primários no período de 2011-2015: cobertura populacional, proporção de nascidos vivos de mães por consultas de pré-natal, taxas de internação por condição sensível a atenção primária (ICSAP) e taxa de mortalidade infantil. A tendência de melhora foi evidente após implantação do PMMB em 2013, alcançando cobertura de 42,8% em 12/2015 na região. Em 04/2014 todos os 16 municípios tinham equipes implantadas com médicos. A proporção de nascidos vivos de mães por consultas de pré-natal apresentou tendência crescente na maioria dos municípios, aumentando em média 97%, predominando 7 ou mais consultas e reduzindo a proporção de nascidos vivos de mães sem consulta pré-natal. A taxa de mortalidade infantil obteve tendência de queda a partir de 2014. Os resultados sinalizam melhoria da atenção primária, a partir dos indicadores selecionados, impulsionando a ESF na região estudada.', NULL, '23', '7', 2018, '2413-2422', 'R', '2011-01-01', '2015-12-01', 'N', 'http://www.scielo.br/scielo.php?script=sci_arttext&pid=S1413-81232018000702413', 2, 1, 1, 5, 5, '2018-12-18 11:44:10', '2019-02-13 11:07:53'),
(106, 'Programa Mais Médicos: como avaliar o impacto de uma abordagem inovadora para superação de iniquidades em recursos humanos ', 'More Doctors recruitment  program: a new approach to  overcome inequalities in  human resources', 'Apesar de decorridos 40 anos da divulgação dos princípios de Alma-Ata, ainda persistem desafios para a consolidação da atenção primária à saúde (APS) como eixo norteador dos sistemas de saúde ao redor do globo. Dentre os desafios ainda presentes, merecem destaque as questões associadas à iniquidade na distribuição de recursos humanos em saúde. A experiência do Programa Mais Médicos (PMM) no Brasil é um exemplo de proposta voltada para a abordagem dessa agenda inconclusa de Alma-Ata. Ao modificar aspectos centrais da formação, provimento e alocação de profissionais médicos, o PMM mostrou-se uma saída viável para minimizar os desafios de escassez de profissionais. As avaliações do PMM, embora incipientes, produziram evidências positivas quanto a ampliação do acesso e melhoria da qualidade da APS no Brasil, um país de médio desenvolvimento econômico. Apesar disso, é premente a geração de evidências mais sólidas a respeito do impacto do PMM sobre indicadores de desempenho da APS. O debate apresentado ao longo deste trabalho discute a necessidade de se viabilizar estudos quase-experimentais capazes de mensurar o impacto do PMM junto à saúde da população. O artigo propõe, então, um conjunto de diretrizes que pode se configurar como um modelo aplicável para abordar desafios associados à escassez de profissionais em países de médio e baixo desenvolvimento econômico.', NULL, '42', '185', 2018, NULL, 'R', NULL, NULL, 'N', 'https://www.scielosp.org/pdf/rpsp/2018.v42/e185/pt', 1, 3, 30, 3, 5, '2018-12-18 12:00:07', '2019-02-13 09:50:28'),
(107, 'Qualidade da atenção primária à saúde no Brasil e associação com o Programa Mais Médicos', 'Primary health care performance in Brazil and association with the More Doctors physician recruitment program', 'Objetivo. Avaliar a qualidade da atenção primária à saúde (APS) no Brasil e sua associação com o Programa Mais Médicos (PMM). Métodos. Este estudo transversal de abrangência nacional utilizou a ferramenta PCATool-Brasil para avaliar a qualidade da APS a partir da experiência dos usuários vinculados a três categorias de médicos: médicos brasileiros do PMM, médicos cubanos do PMM e médicos brasileiros não vinculados ao PMM. Os seguintes escores foram calculados: Escore Geral da APS, Escore de Acesso e Escore de Longitudinalidade. A associação entre o Escore Geral obtido, a categoria do médico e outras características dos usuários e dos profissionais foi investigada por análise multinível. Resultados. O Escore Geral da APS para o Brasil foi 6,78, e o Escore de Longitudinalidade, 7,43. Não houve diferença entre esses escores para as três categorias de médicos. O Escore de Acesso para o Brasil foi de 4,24, havendo diferença pequena, mas significativa (P-valor < 0,001), entre as categorias de médicos: médicos cubanos do PMM com 4,43 (IC: 4,32 a 4,54), médicos brasileiros do PMM com 4,08 (IC: 3,98 a 4,18) e médicos brasileiros não vinculados ao PMM com 4,20 (IC: 4,09 a 4,32). Na análise multinível, idade, estrato socioeconômico, presença de doenças crônicas e o fato de o médico realizar visita domiciliar influenciaram positivamente o Escore Geral. Conclusões. O tipo de médico não influenciou o grau de orientação aos atributos da APS (Escore Geral) no Brasil. O PMM associou-se a maiores Escores de Acesso em regiões de maior vulnerabilidade socioeconômica. Com a análise multinível, identificamos que o fortalecimento da APS também pode ser alcançado ao reforçar papéis fundamentais dos médicos que trabalham na APS (como as visitas domiciliares) e aprimorar o acesso das populações de maior vulnerabilidade socioeconômica e de pessoas mais jovens ou sem doenças crônicas.', NULL, '42', '164', 2018, NULL, 'R', '2016-07-01', '2016-11-30', 'N', 'http://iris.paho.org/xmlui/bitstream/handle/123456789/49522/v42e1642018.pdf?sequence=1&isAllowed=y', 5, 3, 30, 5, 5, '2018-12-18 12:26:31', '2019-02-14 10:01:45'),
(108, 'O custo da provisão de médicos para áreas remotas e vulneráveis: Programa Mais Médicos no Brasil', 'Cost of providing doctors in remote and vulnerable areas: Programa Mais Médicos in Brazil', 'Objetivo Avaliar o Programa Mais Médicos (PMM) no Brasil estimando o aumento proporcional do número de médicos nos municípios participantes e os custos do ­programa, estratificado pelo componente de custo e fonte de financiamento. Métodos Os dados oficiais da edição de Demografia médica no Brasil de 2013 foram usados para estimar o número de médicos anterior ao PMM. O número de médicos ao final do quarto ciclo de recrutamento do PMM (julho de 2014) foi fornecido pelo Ministério da Saúde. Os componentes de custo foram identificados e calculados de acordo com a legislação e as diretrizes do PMM. Os municípios participantes foram selecionados segundo quatro critérios relacionados à vulnerabilidade. Resultados O PMM proveu um adicional de 14.462 médicos para áreas remotas ­bastante vulneráveis em 3.785 municípios (68% do total) e 34 distritos sanitários especiais indígenas. Houve aumento maior do número de médicos nas regiões mais pobres (Norte e Nordeste). O custo anual estimado de US$ 1,1 bilhão cobriu provisões ­médicas, educação continuada e supervisão/mentoria. O financiamento foi em grande parte centralizado ao nível federal (92,6%). Conclusão Considera-se que o custo do PMM seja relativamente moderado em relação aos benefícios em potencial à saúde da população. O aumento maior no número de médicos para atender a população mais pobres e vulnerável alcançou a meta de corrigir a má distribuição de profissionais da saúde. A experiência do PMM no Brasil pode subsidiar o debate visando reduzir a escassez de médicos.', NULL, '42', '11', 2018, NULL, 'R', NULL, NULL, 'N', 'https://scielosp.org/article/rpsp/2018.v42/e11/# ', 1, 3, 30, 3, 5, '2018-12-19 14:52:48', '2019-02-13 09:52:16'),
(109, ' Programa Mais Médicos e suas contribuições para a saúde no Brasil: revisão integrativa', NULL, 'Objetivo: Identificar as contribuições do Programa Mais Médicos (PMM) para a saúde no Brasil. Método: Revisão integrativa, com busca realizada nas bases de dados SciELO, Lilacs, Medline, Scopus e Web of Science. Foi utilizado o termo de busca “mais médicos” em português, espanhol (“más médicos”) e inglês (“more doctors”). Resultados. Foram identificados 1.482 artigos, dos quais 35 foram incluídos na revisão. Os estudos revelaram resultados positivos do PMM, com aumento no número de médicos disponíveis, oferta de novas vagas em cursos de medicina, maior disponibilidade de consultas médicas e melhorias na estrutura física e nos processos de trabalho nas unidades básicas de saúde. Conclusões. O PMM trouxe contribuições significativas para a saúde brasileira, sendo responsável pela mobilização de recursos financeiros para a atenção primária em saúde no país.', NULL, '42', '2', 2018, NULL, 'R', NULL, NULL, 'N', 'http://iris.paho.org/xmlui/bitstream/handle/123456789/34893/v42e22018.pdf?sequence=1', 1, 3, 30, 3, 5, '2018-12-19 15:28:43', '2019-02-13 09:56:09'),
(110, 'Programa Mais Médicos e a formação dos estudantes de Medicina no Brasil', 'Mais Médicos Program and the training of medical students in Brazil', 'Em 2013 foi aprovada a Lei 12.871, que instituiu o Programa Mais Médicos no Brasil. O presente estudo objetivou avaliar o grau de conhecimento dos acadêmicos de medicina acerca do programa e os efeitos das novas determinações políticas. Pesquisa do tipo transversal, de natureza quantitativa, realizada com uma amostra de 407 estudantes. 62,9% desconhecem a Lei 12.871 que institui o Programa Mais Médicos e apenas 28,3% tem conhecimento das reformas curriculares propostas. 78,9% se posicionaram contra a obrigatoriedade do Programa de Residência de Medicina Geral da Família e Comunidade. 45,9% optariam por essa modalidade, levando em consideração a possibilidade de obter o título de especialista em menor tempo, mas apenas 12,5% afirmaram ter mudado os objetivos pessoais. 20,1% acreditam que o Programa será efetivo e 99,5% afirmaram que não será suficiente para melhorar a saúde pública do Brasil. A maior parte dos alunos entrevistados desconhece a Lei 12.871, a qual terá maior impacto nos estudantes dos últimos períodos da graduação. É necessário suprir lacunas da lei, ampliando a infraestrutura no SUS e adequando o gerenciamento dos investimentos.', NULL, '43', '3', 2017, '219-226', 'R', '2015-09-01', '2015-12-12', 'N', 'http://ojs2.ufjf.emnuvens.com.br/hurevista/article/view/2818/pdf  ', 3, 1, 31, 3, 5, '2018-12-19 15:52:59', '2019-02-13 11:15:36'),
(111, 'Ampliação do acesso e mudança de modelo: experiência a partir do Programa Mais Médicos', 'Increasing healthcare access and changing the model: an experience with the More Doctors Program', 'Em resposta às demandas da população e de prefeitos municipais por ampliação do acesso à atenção médica, o Governo Federal lançou no ano de 2013 o Programa Mais Médicos. Entre outros objetivos estruturantes, esse programa promoveu a provisão emergencial de médicos. Este artigo, ao apresentar a experiência de um município com o atendimento dessa demanda emergente de médicos, discute a sustentabilidade da expansão da cobertura de Atenção Básica e o provimento de médicos para esses serviços; as potencialidades do programa para induzir a mudança no modelo de atenção em saúde; e os fatores habitualmente ligados à atração e à fixação de profissionais de saúde.', NULL, '21', '1', 2017, '1325 - 1332', 'R', '2014-01-01', '2015-12-31', 'N', 'http://www.scielo.br/scielo.php?script=sci_arttext&pid=S1414-32832017000501325&lng=pt&nrm=iso&tlng=pt&ORIGINALLANG=pt', 2, 1, 7, 5, 5, '2018-12-20 15:59:21', '2019-02-14 10:00:51'),
(112, 'Percepção de usuários do Sistema  Único de Saúde acerca do Programa  Mais Médicos em um município do  interior do Ceará', 'Perception of users of the  Brazilian National Health  System (SUS) about the “Mais  Médicos” (More Physicians)  Program in a municipality  in the countryside of Ceará,  Brazil', 'Introdução: A falta de médicos em algumas regiões do Brasil está relacionada à distribuição desproporcional desses profissionais em relação à nossa população e à demanda por cuidados de saúde em todo o país. Objetivo: Descrever a percepção dos usuários do Sistema Único de Saúde (SUS) em relação ao Programa Mais Médicos (PMM) em um município do interior do Ceará. Métodos: Pesquisa exploratória, descritiva, com abordagem qualitativa, realizada no período de janeiro a outubro de 2015 utilizando entrevista semiestruturada com 20 usuários do SUS atendidos pelos médicos do PMM em duas Unidades Básicas de Saúde no interior do Ceará. Resultados: Da análise de conteúdo, emergiram três categorias: Entendimento dos usuários do SUS a respeito do PMM; Aceitação dos usuários a respeito do programa e Influências do PMM na vida dos usuários e na comunidade. Reportando-se aos achados da pesquisa, observa-se que a implantação do PMM proporcionou melhoria na assistência à saúde. Conclusão: Entre os benefícios, destaca-se: o acesso ao serviço médico e outros serviços de saúde, diminuição nas filas durante as consultas e redução dos deslocamentos à sede da cidade à procura de atendimento médico.', NULL, '19', '4', 2017, '50-57', 'R', NULL, NULL, 'N', 'http://www.publicacoes.ufes.br/RBPS/article/viewFile/19802/13225', 1, 1, 32, 3, 5, '2018-12-20 16:03:28', '2019-02-07 12:25:19'),
(113, 'O Projeto Mais Médicos para o Brasil: desafios e contribuições à Atenção Básica na visão dos médicos cooperados', 'The More Doctors for Brazil Project - challenges and contributions to Primary Care in the vision of the cooperated physicians', 'O Projeto Mais Médicos para o Brasil (PMMB) foi criado em 2013 visando prover médicos para áreas de difícil fixação de profissionais e oferecer treinamento em Saúde da Família para médicos brasileiros e estrangeiros. Neste artigo, são analisados aspectos relacionados às motivações, ao processo e condições de trabalho na Atenção Básica, à situação de saúde nos municípios, ao funcionamento do Sistema Único de Saúde (SUS) e à relação com os gestores, a partir de entrevistas com 44 médicos cubanos, trabalhando em 32 municípios de todas as regiões do Brasil. As falas mostram que os cooperados têm um agudo senso de observação e conseguem fazer um detalhado diagnóstico situacional de suas áreas de atuação, demonstrando a precariedade ainda prevalente na Atenção Básica nos municípios. Porém, eles também evidenciam que, com a adequada formação, é possível fazer atenção primária de qualidade, mesmo diante de grandes adversidades.', NULL, '21', '1', 2017, '1257 - 1268', 'R', '2014-11-01', '2015-06-30', 'N', 'http://www.scielo.br/scielo.php?script=sci_arttext&pid=S1414-32832017000501257&lng=pt&nrm=iso&tlng=pt&ORIGINALLANG=pt', 5, 3, 7, 5, 5, '2018-12-20 16:25:23', '2019-02-14 10:02:25'),
(114, 'O cuidado nutricional por estrangeiros no Projeto Mais Médicos para o Brasil', 'Nutritional care by foreigners in the More Doctors Project for Brazil', 'Investigamos a influência da distinta origem sociocultural de médicos cubanos inseridos no Projeto Mais Médicos para o Brasil e de pacientes brasileiros em questões relativas à abordagem alimentar e nutricional em serviços de Atenção Básica. Realizou-se estudo de caso com triangulação por meio de etnografia, grupos focais e entrevistas. Utilizou-se o referencial teórico elaborado por Pierre Bourdieu, em especial o conceito de habitus. Os resultados demonstraram que a orientação alimentar e nutricional realizada é influenciada predominantemente pelo paradigma biomédico, atenuando eventuais influências do habitus cultural de origem. ', NULL, '21', '1', 2017, '1229 - 1240', 'R', '2014-12-01', '2015-12-31', 'N', 'http://www.scielo.br/scielo.php?script=sci_arttext&pid=S1414-32832017000501229&lng=pt&nrm=iso&tlng=pt&ORIGINALLANG=pt', 1, 1, 7, 5, 5, '2018-12-20 16:46:34', '2019-02-13 10:00:57'),
(115, 'Percepções de usuários sobre o impacto social do projeto de cooperação do Programa Mais Médicos: um estudo de caso', NULL, 'O estudo apresentado neste artigo objetiva identificar eventuais mudanças geradas no processo de cuidado de usuários da Atenção Básica, residentes em um município catarinense, contemplado com o Projeto de Cooperação do Programa Mais Médicos. Trata-se de um estudo qualitativo, realizado em 2015, que utilizou como instrumento de coleta de dados a entrevista semiestruturada e o diário de campo. A análise foi conduzida pelo método ético-político que revelou: a) uma produção consistente de vínculo, autorizada por um modo humanístico de pensar e fazer Medicina e pela internalização de ser cuidado por um igual, na condição de humanos; e b) insegurança sobre o término do projeto, edificada na desinformação. Conclui-se que o vínculo não prescinde de disposição solidária e que há necessidade de o Governo Federal efetivar um balizamento ético-político para garantir informação de qualidade sobre o projeto.', NULL, '21', '1', 2017, '1281 - 1290', 'R', '2015-11-01', '2015-12-31', 'N', 'http://www.scielo.br/scielo.php?script=sci_arttext&pid=S1414-32832017000501281&lng=pt&nrm=iso&tlng=pt&ORIGINALLANG=pt', 5, 1, 7, 5, 5, '2019-01-22 10:44:45', '2019-02-14 09:53:32'),
(116, 'A Constitucionalidade do Projeto Mais Médicos para o Brasil', 'Constitutionality of the More Doctors to Brazil Program', 'A escassez de profissionais médicos em determinadas áreas no Brasil é tema que sempre mereceu atenção especial do Estado. O Projeto Mais Médicos para o Brasil, implementado por meio da Medida Provisória nº 621, de 8 de julho de 2013, autoriza a atuação de médicos estrangeiros sob regime especial de aperfeiçoamento profissional no Sistema Único de Saúde (SUS), na Atenção Básica, possibilitando a cobertura médica assistencial em regiões prioritárias e vulneráveis do país. Porém foi fruto de questionamento judicial junto ao Supremo Tribunal Federal, por meio de ação direta de inconstitucionalidade, que colocou em confronto os limites constitucionais de autorização para essa forma de atuação profissional. O estudo objetivou identificar os argumentos jurídicos utilizados pelos diversos atores que atuaram nas ADINs 5035-DF e 5037-DF, notadamente no que se refere ao Projeto Mais Médicos para o Brasil, ajuizadas no Supremo Tribunal Federal e analisá-los à luz da Teoria dos Direitos Fundamentais de Robert Alexy. Os resultados apontam que o Projeto, na sua estruturação legal, encontra legitimidade na medida em que não se confunde com a abertura de mercado de trabalho, institui regime específico de atuação profissional, com garantias essenciais dos indivíduos, atenta para diretrizes de cooperação internacional em saúde da Organização Mundial de Saúde (OMS) e demonstra eficácia social com a concreta ampliação de acesso da população na cobertura assistencial até que medidas conjunturais e estruturantes da formação médica no Brasil sejam implementadas e alcancem resultados diretos à população usuária do SUS.', NULL, '5', '2', 2016, '91 - 107', 'R', NULL, NULL, 'N', 'https://www.cadernos.prodisa.fiocruz.br/index.php/cadernos/article/view/249/385', 1, 3, 33, 5, 5, '2019-01-22 11:28:51', '2019-02-14 09:59:41'),
(117, 'Regulação da formação de especialistas: inter-relações com o Programa Mais Médicos', 'Specialists training regulation: interrelationships with the Mais Médicos Program', 'Até recentemente, inexistiam políticas indutoras da formação de especialistas voltadas ao SUS. Um marco foi o Programa Nacional de Apoio à Formação de Médicos Especialistas em Áreas Estratégicas – Pró-Residência, criado em 2009. Com o lançamento do Programa Mais Médicos pela Lei nº12.871/2013, novas estratégias se configuraram para aprimorar a regulação da formação de especialistas. Este artigo pretende discutir as políticas de regulação da abertura de vagas de residência médica a partir do Pró-Residência e abordar mudanças apontadas pela Lei nº 12.871/2013, como a universalização das vagas com ênfase para Medicina de Família e Comunidade. Foi realizada pesquisa bibliográfica com análise documental, além de estudo quantitativo. Os resultados evidenciam efeitos positivos de políticas públicas no número e distribuição de vagas de residência médica com a duplicação destas entre 2009 e 2014, aumento mais expressivo nas regiões Norte e Nordeste, além do surgimento de especialidades antes inexistentes nessas regiões. Novos desafios se colocam para expandir a residência com velocidade e qualidade necessárias, como a melhoria de ferramentas para a gestão de recursos humanos em saúde, com expansão e qualificação da preceptoria e campos de prática para formação.', NULL, '26', '2', 2016, '633 - 667', 'R', NULL, NULL, 'N', 'http://pesquisa.bvsalud.org/portal/resource/pt/lil-789494', 3, 3, 21, 5, 5, '2019-01-22 11:57:16', '2019-02-13 11:21:03'),
(118, 'Avaliação discente sobre interação ensino, serviços e comunidade em equipes de saúde integradas ao programa mais médicos em estado da Amazônia.', 'Student’s evaluation of a community-based medical education integrated to a primary care medical program in amazon region.', 'A Universidade Federal do Amapá (UNIFAP) apresenta em sua estrutura curricular eixo com interação ensino, serviços e comunidade (IESC) desde o primeiro ano de formação, através do qual é oportunizado aos alunos vivências interdisciplinares e de prática profissional. Este estudo propôs avaliar a experiência de aprendizado nas atividades de ensino na comunidade durante o acompanhamento de equipes de saúde da família do Programa Mais Médicos Para o Brasil (PMMB) pelos acadêmicos de medicina. Foi realizada pesquisa com abordagem quantitativa e qualitativa através de questionário semiestruturado e questões abertas. Pesquisa foi aprovada pelo comitê de ética da instituição. Os discentes avaliaram que foi possível conhecer as condições de saúde (68,18%), aprimorar o aprendizado no atendimento das populações carentes (63,63%) e identificar suas necessidades de aprendizado (63,63%). Consideraram que tiveram oportunidade de acompanhar consultas (86,36%) e aprender mesmo em ambiente com muitos atendimentos (54,55%). Os profissionais receberam alunos com entusiasmo (77,27%) e disponibilidade para esclarecer dúvidas (59,09%). O tema mais citado como ponto a melhorar foi a rotina na atenção básica, pois perceberam que se baseia principalmente na observação sem participação ativa dos discentes. Em comparação ao ano anterior, 73,92% dos alunos afirmaram ter havido melhora nas atividades de IESC. De modo geral, a maioria dos acadêmicos avaliou positivamente a experiência com o PMMB. Os alunos consideraram que essa abordagem proporcionou oportunidades para conhecer rotinas na atenção básica e o perfil da comunidade atendida, abrangendo tanto seus aspectos clínicos como psicossociais.', NULL, '9', '4', 2015, '123-136', 'R', NULL, NULL, 'N', 'http://www.tempusactas.unb.br/index.php/tempus/article/view/1736/1488', 3, 1, 6, 3, 5, '2019-01-25 09:38:34', '2019-02-13 11:17:56'),
(119, 'Programa mais médicos: uma revisão integrativa', 'More doctors program: an integrative review', 'Objetivo: Descrever o conhecimento produzido na literatura acerca da criação do Programa Mais Médicos e sua repercussão no Brasil. Métodos: Revisão integrativa, realizada no período de 2013 a 2016, nas bases de  dados: Scientific Electronic Library Online (SciELO), Literatura Latino-Americana e do Caribe em Ciências da Saúde (LILACS), Biblioteca Virtual em Saúde (BVS) e na Coleciona SUS, utilizando-se os descritores: programa, médicos, atenção primária, atenção básica, saúde. Resultados: Foram selecionadas 21 publicações que atenderam aos critérios de inclusão, mas encontravam-se em periódicos com estratos intermediários e apresentaram baixo nível de evidência. Os principais resultados se referem à criação do Programa Mais Médicos (PMM) e sua repercussão na classe médica, na população e na mídia. O PMM foi criado tendo como objetivo ampliar o acesso e atenuar as desigualdades em saúde através da distribuição de médicos em municípios considerados prioritários, ocasionou grande repercussão no Brasil, com posicionamentos diversos entre os órgãos governamentais, usuários, mídia e, em especial, entre a classe médica brasileira. Conclusão: Diminuir as desigualdades de alocação de médicos, no entanto, é uma ação difícil e que exige ações em longo prazo. Soma-se a necessidade de implantar estratégias como melhoraria de infraestrutura, melhor distribuição de insumos e equipamentos, apoio logístico e rede de atenção à saúde resolutiva, eficiente e eficaz em todos os níveis de atenção.', NULL, '30', '4', 2017, '1-14', 'R', NULL, NULL, 'N', 'http://periodicos.unifor.br/RBPS/article/view/6515', 1, 3, 34, 3, 5, '2019-01-25 10:23:18', '2019-02-13 09:56:56'),
(120, 'Programa Mais Médicos: A formulação de uma nova Política Pública de Saúde no Brasil', 'The “Mais Médicos” Program: The formulation of a new Public Health Policy in Brazil', 'O Programa Mais Médicos, ao contratar profissionais médicos para atuar nas regiões prioritárias para o SUS, visa ampliar o acesso da população à atenção básica de saúde. Este estudo resgata o processo de formulação deste programa, pela perspectiva do Modelo de Múltiplos Fluxos, desenvolvido por John Kingdon, com ênfase nos embates estabelecidos entre os Poderes Executivo e Legislativo. Analisa, ainda, a Exposição de Motivos Interministerial n.o 024/2013-MS/MEC/MP, a Medida Provisória n.o 621/2013 e o Projeto de Lei de Conversão n.o 026/2013-CN que culminaram na edição da Lei n.o 12.871/2013. Ao final, são apresentados resultados pontuais para explicitar a perenidade da agenda governamental de saúde pública nacional frente à atuação dos atores envolvidos neste processo e seus interesses e estratégias aplicados com o objetivo de influenciar os decisores políticos para a formulação do Programa.', NULL, '9', '4', 2015, '97-113', 'R', NULL, NULL, 'N', 'http://www.tempusactas.unb.br/index.php/tempus/article/view/1728/1475', 1, 3, 6, 3, 5, '2019-01-25 10:41:24', '2019-02-13 09:59:44'),
(121, 'Imersão na realidade: o Sistema Único de Saúde e a organização do Programa Mais Médicos em São Paulo, Brasil', NULL, 'Desde 2003, o Vivências e Estágios na Realidade do Sistema Único de Saúde (VER-SUS) tem dado oportunidade a universitários de vivenciar a realidade do Sistema Único de Saúde (SUS). Com essa finalidade, surge a vivência em questão, ocorrida no âmbito do Programa Mais Médicos, envolvendo sua organização na realidade do Sistema de Saúde brasileiro. Para isso, um grupo composto por estudantes de várias áreas da Saúde esteve por sete dias em ambientes de planejamento e execução do programa no Estado de São Paulo. As atividades realizadas incluíram participação em reuniões, visita a unidades de Saúde, avaliação sobre a implementação do programa e espaços para debate. Assim, relata-se a experiência sob a perspectiva de um acadêmico que participou da vivência, em uma narrativa cronológica e reflexiva, com fundamentações teóricas inseridas no contexto de cada questão abordada.', NULL, '21', '1', 2017, '1315-1324', 'R', '2016-02-15', '2016-02-22', 'N', 'http://www.scielo.br/pdf/icse/v21s1/1807-5762-icse-21-s1-1315.pdf', 5, 2, 7, 5, 5, '2019-02-05 10:45:48', '2019-02-14 09:54:01'),
(122, 'O Programa Mais Medicos em Pernambuco: promoção da saúde e da cidadania em contextos sociais de vulnerabilidade', 'The Mas Medicos Program in Pernambuco: promotion of health and citizenship in social contexts of vulnerability', '"Este trabalho traz os resultados de um estudo de casos múltiplos acerca do Programa Mais Médicos (PMM) em três municípios de Pernambuco: Vitória de Santo Antão, Águas Belas e Ouricuri. Nesses locais, entre junho e agosto de 2016, foram selecionadas Unidades de Saúde da Família (USF), onde atuam médicos e médicas cubanos da cooperação entre o governo brasileiro e a Organização Pan-Americana da Saúde/Organização Mundial de Saúde (OPAS/OMS). O objetivo do PMM é reduzir os vazios assistenciais, por meio da expansão da rede de serviços da Atenção Básica, tendo como consequência a ampliação e a melhoria da atenção à saúde aos usuários do Sistema Único de Saúde (SUS). A metodologia empregada abrangeu dados quantitativos do Ministério da Saúde e do IBGE, e dados qualitativos obtidos por meio de entrevistas semiestruturadas e grupos focais, envolvendo profissionais das Equipes de Saúde da Família (eSF) e usuários dos serviços. Financiada pela OPAS/OMS, a pesquisa que originou este estudo aponta não só uma melhoria da situação de saúde da população e a satisfação dos usuários com os serviços prestados pelas eSFs, mas também identifica as barreiras econômicas e sociais que impedem o acesso pleno às USFs como portas preferenciais de acesso ao SUS. Além disso, destaca-se que o PMM promoveu uma cultura do autocuidado entre as pessoas e o despertar de uma consciência a respeito do exercício da cidadania, que só pode ser efetivada por meio do usufruto de políticas públicas bem estruturadas."', NULL, NULL, NULL, 2017, NULL, 'R', NULL, NULL, 'N', 'http://pesquisa.bvsalud.org/portal/resource/pt/biblio-849098', 1, 2, NULL, 5, 5, '2019-02-14 10:08:20', '2019-02-14 10:08:20'),
(123, 'Cursos de especialização ofertados no âmbito do Mais Médicos: análise documental na perspectiva da Educação Interprofissional', NULL, 'Trata-se de estudo de abordagem qualitativa e caráter exploratório, que buscou analisar os projetos políticos pedagógicos (PPP) dos cursos de especialização em Saúde da Família ofertados no âmbito do Programa Mais Médicos (PMM) como possibilidade para adoção dos elementos teóricos e metodológicos da Educação Interprofissional (EIP). Foi empreendida análise documental de nove PPP, cujos resultados demonstram que tais documentos não trazem explicitamente a intencionalidade de adoção dos marcos teórico-conceituais e metodológicos da EIP, mas se mostram potentes para a adoção dessa abordagem, na medida em que valorizam estratégias pedagógicas reflexivas; reconhecem a necessidade de desenvolvimento de competências específicas, comuns e colaborativas; e buscam adotar uma perspectiva processual da avaliação. Dessa forma, os cursos analisados representam uma oportunidade para aplicação dos pressupostos da EIP, subsidiando o desenvolvimento de competências para as práticas colaborativas.', NULL, '22', NULL, 2018, '1613-1624', 'R', '2017-01-01', '2017-12-31', 'N', 'http://www.scielo.br/pdf/icse/v22s2/1807-5762-icse-22-s2-1613.pdf', 3, 3, 7, 5, 5, '2019-03-29 14:38:04', '2019-03-29 14:38:04'),
(124, 'O Programa Mais Médicos e o reordenamento da formação da residência médica com enfoque na Medicina de Família e Comunidade', 'The More Doctors Program and the rearrangement of medical residency education focused on Family and Community Medicine', 'O Programa Mais Médicos (PMM) foi criado em 2013 para enfrentar problemáticas como a insuficiência e má distribuição de médicos e o perfil de formação inadequado às necessidades da população. Entre os seus eixos está a mudança da formação médica, incluindo a reordenação e ampliação da residência, propondo uma vaga para cada egresso dos cursos de Medicina. Neste artigo, propõe-se uma reflexão sobre quais elementos foram decisivos na formulação e implementação das mudanças na residência médica pelo PMM. Identificam-se: melhor distribuição de vagas de residência entre as regiões do país; diversificação de estratégias para universalização do acesso à residência médica; regulação das vagas de residência médica com enfoque na Medicina de Família e Comunidade; e qualificação da preceptoria. Na conclusão são apontados desafios enfrentados pelo esforço institucional necessário de manter as ações do PMM visando regular a residência e expandir ações para mais profissões.', NULL, '23', NULL, 2019, NULL, 'R', NULL, NULL, 'N', 'https://scielosp.org/pdf/icse/2019.v23suppl1/e180008/pt', 3, 3, 7, 5, 5, '2019-03-29 14:56:22', '2019-03-29 14:56:22'),
(125, 'Programa Mais Médicos no Brasil: estratégias de análise categórica em um estudo qualitativo', '“More Doctors” Program in Brazil: categorical analysis strategies in a qualitative study', 'Objetivo: Identificar inovações e práticas trazidas pelos profissionais estrangeiros vinculados ao Programa Mais Médicos para o Brasil (PMMB) em Minas Gerais. Métodos: Versa sobre a estratégia utilizada para a categorização das entrevistas e análise de conteúdo por meio do software Nvivo 10. Três sets distintos foram preparados como forma de sistematizar e cruzar: a) informações descritivas, como o funcionamento e a estruturação de uma unidade de saúde; b) as percepções de entrevistados a partir de eventuais elogios, críticas, menções a problemas, alusões a mudanças e atribuições de desencadeamentos de processos a atores específicos); e c) os assuntos tratados (as categorias analíticas em si). Conclusão: O estudo se beneficiou da matriz de nós permitindo a comparação dos dados.', NULL, '31', NULL, 2018, '1-8', 'R', NULL, NULL, 'N', 'file:///home/laisc/Downloads/8651-31897-2-PB.pdf', 2, 2, 34, 5, 5, '2019-03-29 15:18:04', '2019-03-29 15:18:04'),
(126, 'Programa Mais Médicos: mapeamento e análise da produção acadêmica no período 2013-2016 no Brasil', 'More Doctors Program: mapping and analysis of academic production in the period 2013-2016 in Brazil', 'Com o propósito de fortalecer a Atenção Primária à Saúde (APS) no Brasil, o Programa Mais Médicos (PMM) foi criado em 2013, estruturado em três eixos estratégicos. Este estudo teve como objetivo analisar a produção científica no PMM, identificando a relevância dos estudos e seus efeitos para a política e elaborando uma síntese dos principais temas. A busca foi realizada no Portal Regional da Biblioteca Virtual em Saúde e na Plataforma de Conhecimento do PMM, sendo identificados 409 documentos. Após critérios de exclusão, selecionaram-se 47 artigos científicos. Os resultados mostraram que 55% dos estudos debru- çaram-se sobre o eixo ‘provisão emergencial de médicos’, 32% apresentavam apreciações gerais da política, 4% trataram do provimento/infraestrutura e apenas 9% trataram da forma- ção. Dos artigos selecionados, 22 foram considerados de alta e média relevância. Ademais, 32 publicações identificaram efeitos do PMM (29 identificaram efeitos positivos; e, em apenas 3, efeitos positivos e negativos foram equivalentes). Na análise temática, apareceram como destaque: equidade, eficácia, treinamento profissional, implementação do PMM, práticas e processos de trabalho, abordagem midiática e análise política do PMM. De natureza extensiva, as análises apontaram pistas sobre a direcionalidade do Programa, suas fragilidades e necessidades que se impõem para uma agenda de pesquisa para os próximos anos.', NULL, '42', '1', 2018, '346-360', 'R', '2013-01-01', '2016-11-15', 'N', 'http://www.scielo.br/pdf/sdeb/v42nspe1/0103-1104-sdeb-42-spe01-0346.pdf', 1, 3, 18, 5, 5, '2019-03-29 15:48:16', '2019-03-29 15:48:16'),
(127, 'O Programa Mais Médicos em áreas remotas: a experiência do Grupo Especial de Supervisão no Pará, Brasil', ' The More Doctors Program in remote areas: the experience of the Special Supervision Group in Pará, Brazil', 'O Programa Mais Médicos (PMM) abrange, no eixo provimento, a supervisão acadêmica, realizada por instituições supervisoras (IS) que firmaram termo de adesão com o Ministério da Educação (MEC). A supervisão é parte das ofertas educacionais e implica visita periódica e regular aos médicos participantes do PMM. Entretanto, devido às dificuldades de algumas IS da região Norte cumprirem o que lhes cabe no âmbito do Projeto Mais Médicos para o Brasil (PMMB), o MEC criou o Grupo Especial de Supervisão (GES), que atua desde 2014 nessa região. Este artigo registra a experiência do GES no estado do Pará no período de janeiro de 2015 a maio de 2017. Sua principal contribuição é possibilitar o atendimento à população habitante de uma região vasta e com notória escassez de médicos, uma vez que a supervisão dos profissionais é obrigatória e, caso ausente, inviabilizaria o programa no Pará.', NULL, '23', NULL, 2019, NULL, 'R', '2015-01-01', '2017-05-31', 'N', 'https://scielosp.org/pdf/icse/2019.v23suppl1/e180042/pt', 5, 2, 7, 5, 5, '2019-03-29 16:21:27', '2019-03-29 16:21:27'),
(128, 'A narrativa de um percurso formativo: (re) significando a formação médica', 'Narrative of an educational path: providing a (new) meaning to medical education', 'A necessidade de repensar a formação de profissionais de saúde, em especial médicos, vem sendo cada vez mais evidenciada. Objetiva-se relatar a experiência de um acadêmico de medicina, vinculado a uma Instituição Federal contemplada com vagas de graduação pelo Programa Mais Médicos. O estudante foi estimulado a refletir sobre sua trajetória no curso, por meio da escrita de uma narrativa. Os aspectos positivos apontados foram: desenvolvimento de postura crítica, integração de conhecimentos, presença da Saúde Coletiva desde o início do curso e o uso de metodologias ativas. Com relação às questões negativas, foram frisadas: a extensa carga horária do curso, a manutenção de avaliações tradicionais e a resistência de alguns docentes em inovar. A narrativa do estudante revela tensões, rupturas, crises e conquistas que contribuem para a compreensão do “novo” modelo de formação em medicina, e oferece subsídios para aperfeiçoá-lo.', NULL, '21', NULL, 2019, NULL, 'R', NULL, NULL, 'N', 'https://scielosp.org/pdf/icse/2019.v23suppl1/e180059/pt', 5, 1, 7, 5, 5, '2019-04-02 15:39:26', '2019-04-02 15:39:26'),
(129, 'Implantação e desenvolvimento do curso de Medicina em Parnaíba (PI), Brasil, a partir do Programa Mais Médicos para o Brasil', 'Implementation and development of a medical course in Parnaíba - Piaui state, Brazil, based on the Project More Doctors for Brazil', 'A implantação do curso de Medicina em uma cidade do Nordeste do Brasil, para expansão e descentralização dessa formação, resultado da política pública Mais Médicos para o Brasil, compreende o processo de institucionalização considerando aspectos culturais e organizacionais que facilitam ou dificultam a efetivação de práticas inovadoras. O estudo analisou o processo de implantação segundo as seguintes categorias-chaves: projeto pedagógico; integração ensino e serviço; desenvolvimento docente; e infraestrutura. Os resultados permitiram visibilidade de elementos facilitadores e barreiras que dependem do movimento entre o instituído, o instituinte e o processo de institucionalização da proposta. Considera-se que uma estratégia para maior viabilidade se encontra nos movimentos autônomos desencadeados por sujeitos comprometidos com os objetivos do curso e instituições envolvidas que operam no sentido de tornar real o que ainda se encontra no plano da legislação e das intenções.', NULL, '23', NULL, 2019, NULL, 'R', NULL, NULL, 'N', 'https://scielosp.org/pdf/icse/2019.v23suppl1/e180012/pt', 3, 2, 7, 5, 5, '2019-04-02 16:03:11', '2019-04-04 16:23:40'),
(130, 'Programa Mais Médicos e as Diretrizes Curriculares dos cursos de Medicina: uma análise comparativa entre instituições de ensino superior', 'The More Doctors Program and the Curricular Guidelines for Medical courses: a comparative analysis among higher education institutions', 'O artigo foi construído a partir de uma pesquisa exploratória e documental que investigou as matrizes curriculares dos cursos de Medicina de três instituições de ensino superior (IES), buscando identificar o peso que atribuem a uma formação mais humanista dos seus estudantes, nos moldes do Programa Mais Médicos (PMM). Foram examinadas duas instituições brasileiras, uma pública e uma privada, ambas no Rio de Janeiro e uma terceira, cubana. Na formação dos médicos cubanos nota-se uma intensidade nas disciplinas categorizadas como Formação em Saúde Pública. Na contramão desse desenho, tem-se que a formação do médico brasileiro reflete o conflito entre o ensino e a realidade do país, visível na dificuldade em formar médicos para atuarem na Atenção Primária à Saúde (APS) e em fixá-los nos mais remotos lugares do Brasil.', NULL, '23', NULL, 2019, NULL, 'R', NULL, NULL, 'N', 'https://scielosp.org/pdf/icse/2019.v23suppl1/e170903/pt', 3, 3, 7, 5, 5, '2019-04-02 16:20:42', '2019-04-02 16:20:42'),
(131, 'Percepções dos médicos sobre a educação a distância e a contribuição da especialização em Saúde da Família', 'Doctors’ perceptions on distance education and contribution of Family Health specialization', 'Este artigo situa-se no contexto do Programa Mais Médicos (PMM) para o Brasil. Buscou conhecer a percepção sobre a educação a distância (EAD) e as contribuições no cotidiano das práticas de saúde no estado do Rio Grande do Sul. Por meio de abordagem qualitativa e do uso da metodologia de grupos focais, contou com a participação de médicos do PMM, alunos do curso de especialização em Saúde da Família da Universidade Federal de Ciências da Saúde de Porto Alegre. Os resultados indicam que, embora a EAD ainda seja uma novidade para a maioria dos profissionais participantes do PMM, isso não foi um fator impeditivo para a identificação das potencialidades nessa modalidade de ensino, contribuindo para a formação e para a qualificação das práticas cotidianas dos profissionais, tanto em relação a sua atuação clínica individual quanto na condução do trabalho em equipe.', NULL, '23', NULL, 2019, NULL, 'R', '2017-08-01', '2017-08-31', 'N', 'https://scielosp.org/pdf/icse/2019.v23suppl1/e180037/pt', 3, 3, 7, 5, 5, '2019-04-02 17:01:37', '2019-04-02 17:01:37'),
(132, 'Evolução, Distribuição e Expansão dos Cursos de Medicina no Brasil (1808-2018)', 'Evolution, Distribution and Expansion of Medicine Courses in Brazil (1808-2018)', 'O estudo identificou o padrão de evolução, distribuição e expansão dos cursos de medicina no Brasil e descreveu os processos governamentais relacionados à ampliação da oferta de vagas. Trata-se de estudo descritivo, baseado em dados disponíveis no sistema do Ministério da Educação sobre escolas médicas. Com as informa-ções sobre os cursos, desde os primeiros implantados, estabelecem-se seis períodos de governo para análise: de  1808  a  1963  (monarquia  e  governos  republicanos iniciais), de 1964 a 1988 (governos militares - José Sar-ney), de 1989 a 1994 (Fernando Collor - Itamar Franco), de 1995 a 2002 (Fernando Henrique Cardoso), de 2003 a 2010 (Lula) e 2011 a 2018 (Dilma Rousseff - Michel Temer). Observou-se relevante expansão de escolas a partir dos governos militares, com pico em 2014 (Dilma Rousseff), frente à implementação do Programa Mais Médicos. Ao longo dos períodos analisados, o ensino médico tornou-se progressivamente privatizado e par-cialmente deslocado para as Regiões Norte, Nordeste e Centro-Oeste e para cidades de médio e pequeno portes populacionais no interior dos estados. Os resultados apontam que a combinação de gestão governamental das políticas de saúde e educação e de desenvolvimento socioeconômico influenciaram a expansão dos cursos de medicina e as marcadas diferenças intra e interregionais. ', NULL, '17', '1', 2019, NULL, 'R', '1808-01-01', '2018-08-01', 'N', 'http://www.scielo.br/pdf/tes/v17n1/0102-6909-tes-17-1-e0018317.pdf', 3, 3, 23, 5, 5, '2019-05-16 16:19:30', '2019-05-16 16:19:30'),
(133, 'Programa Mais Médicos: avaliando a implantação do Eixo Formação de 2013 a 2015', NULL, 'O Programa Mais Médicos (PMM) possui três eixos de atuação e é fundamentado pelas diretrizes pedagógicas da Educação Permanente. Considerando a abrangência do programa, que vai do provimento emergencial de médicos até a ampliação do número de vagas em cursos de graduação e residência em Medicina, sua gestão é interministerial, na qual o Ministério da Saúde (MS) e o Ministério da Educação (MEC) compartilham responsabilidades para seu pleno funcionamento. O presente trabalho relata a construção da experiência de gestão do PMM por parte do MEC, que inclui a estruturação de uma nova diretoria e de novos modos de fazer gestão nesse ministério. Também aponta as principais dificuldades e facilidades durante todo o processo, além de sinalizar importantes reflexões sobre as perspectivas e desafios para a continuidade e sustentabilidade do programa. ', NULL, '23', '1', 2019, NULL, 'R', '2013-10-10', '2017-12-12', 'N', 'http://www.scielo.br/scielo.php?script=sci_arttext&pid=S1414-32832019000600203&lng=en&nrm=iso&tlng=pt', 3, 3, 7, 3, 3, '2019-05-16 16:20:20', '2019-05-16 16:23:03'),
(134, 'The retention of physicians to primaryhealth care in Brazil: motivation andlimitations from a qualitative perspective', NULL, 'Background: This study analyzed the reasons why physicians migrated from the Program to Value Primary Healthcare Professionals (PROVAB) to the Mais Médicos (More doctors) Program in 2015, opting to become physicians of the Primary Health Care. Methods: The focal group techniques were used consisting of six doctors that made the option to remain inthe PHC, being the results analyzed through content monitoring as well as the respective categories, which were identified as theme analysis. Results: It was evidenced that the physician’s retention on primary care has a strong relationship with the acquisition of knowledge that is consistent with the context and the health needs of the population. Thus, appropriate competencies for the management of the different biopsychosocial characteristics of the territories, inconsonance with abilities that use the communication centered on the patient as well as on the interdisciplinarity, producing health projects that include the uniqueness of the people, essential factor for the daily confrontation of the work of these physicians, strengthened by the training component of the program. Personal factors related to the empathetic profile with this level of care and the possibility of continuous improvement, besides the factors related to the adequate infrastructure and organizational climate with guaranteed salary in keeping with the complexity of Primary Care, positively influenced the permanence of these professionals and were drivers of changes in health care and management in the health units they were related to. The bond created with the team and patients was a great satisfaction factor for the professional, being identified by them as a possibility to make a difference in the treatment process of patients, strengthening the promotion of a healthier life through health education. Conclusions: PROVAB had an unparalleled contribution to the qualification of care in Primary Health Care, contributing to the birth of a new logic of medical training in Brazil. Its effective cooperation with the consolidation of the Mais Médicos Program, still in progress, is a great movement of resistance to the disarticulation and deconstruction of Unified Health System (SUS) which is in charge of public health in Brazil.', NULL, '19', NULL, 2019, NULL, 'R', '2015-01-01', '2015-12-01', 'N', 'https://bmchealthservres.biomedcentral.com/track/pdf/10.1186/s12913-018-3813-3', 5, 1, 42, 5, 5, '2019-05-16 17:00:36', '2019-05-16 17:00:36'),
(135, 'Gestão federal do Programa Mais Médicos: o papel do Ministério da Educação', NULL, 'O Programa Mais Médicos (PMM) possui três eixos de atuação e é fundamentado pelas diretrizes pedagógicas da Educação Permanente. Considerando a abrangência do programa, que vai do provimento emergencial de médicos até a ampliação do número de vagas em cursos de graduação e residência em Medicina, sua gestão é interministerial, na qual o Ministério da Saúde (MS) e o Ministério da Educação (MEC) compartilham responsabilidades para seu pleno funcionamento. O presente trabalho relata a construção da experiência de gestão do PMM por parte do MEC, que inclui a estruturação de uma nova diretoria e de novos modos de fazer gestão nesse ministério. Também aponta as principais dificuldades e facilidades durante todo o processo, além de sinalizar importantes reflexões sobre as perspectivas e desafios para a continuidade e sustentabilidade do programa. ', NULL, '23', '1', 2019, NULL, 'R', NULL, NULL, 'N', 'http://www.scielo.br/scielo.php?script=sci_arttext&pid=S1414-32832019000600205&lng=en&nrm=iso&tlng=pt', 1, 3, 7, 3, 3, '2019-05-21 15:33:57', '2019-05-21 15:33:57');
INSERT INTO `Artigo` (`CodArtigo`, `NomeArtigo`, `NomeArtigoIngles`, `Resumo`, `NomeRevistaConferencia`, `Volume`, `Numero`, `AnoPublicacao`, `Paginas`, `IndicadorRevistaConferencia`, `DataInicioEstudo`, `DataFimEstudo`, `IndicadorMulticentrico`, `UrlArtigo`, `CodObjetoPesquisa`, `CodAbrangencia`, `CodRevista`, `CodUsuarioInsercao`, `CodUsuarioUltimaAtu`, `DataInsercao`, `DataUltimaAtu`) VALUES
(136, 'PROGRAMA MAIS MÉDICOS E DIRETRIZES CURRICULARES NACIONAIS: AVANÇOS E FORTALECIMENTO DO SISTEMA DE SAÚDE', 'MORE DOCTORS PROGRAM AND NATIONAL SYLLABUS GUIDELINES: IMPROVEMENTS AND STENGTHENING OF THE HEALTH SYSTEM', 'Há iniciativas, em diversos países, de adequar a formação médica às necessidades dos sistemas de saúde. No Brasil, o Programa Mais Médicos introduziu as modificações mais recentes estabelecendo um novo marco regulatório na formação médica exposto nas novas Diretrizes Curriculares Nacionais, enfatizando o desenvolvimento de capacidades profissionais na atenção básica. Neste estudo, buscou-se analisar as representações sociais de estudantes de medicina sobre o trabalho na atenção básica no contexto de implantação das referidas diretrizes. Para tanto, 149 estudantes de medicina de cursos públicos ‘tradicionais’ e ‘novos’ da Região Nordeste responderam a um questionário sociodemográfico e a um roteiro de evocação livre no segundo semestre de 2017. Os resultados demonstram um perfil de estudantes correspondente à ‘primeira geração universitária’ nas escolas ‘novas’. Nestas escolas, as representações sociais dos estudantes de medicina são mais condizentes com as novas diretrizes, com destaque para a evocação de termos como ‘vínculo’, ‘responsabilidade’ e ‘comunidade’. Nas escolas ‘tradicionais’, os termos mais destacados foram ‘desvalorizado’ e ‘precariedade’, sugerindo uma vivência insuficiente destes estudantes na atenção básica. Espera-se que as experiências inovadoras analisadas possam ser multiplicadas e aprofundadas na radicalidade necessária para o fortalecimento do Sistema Único de Saúde em uma formação de acordo com as necessidades sociais.', NULL, '17', '1', 2019, NULL, 'R', '2017-07-01', '2017-09-30', 'N', 'http://www.scielo.br/pdf/tes/v17n1/0102-6909-tes-17-1-e0018415.pdf', 3, 2, 23, 3, 3, '2019-05-21 16:10:36', '2019-05-21 16:10:36'),
(137, 'A Percepção do Supervisor do Provab sobre a Fixação do Médico na Atenção Primária à Saúde', 'The Perception of the Provab Supervisor on the Retention of Doctors in Primary Health Care', 'Atrair  profissionais  médicos  para  o  trabalho  na  Atenção  Primária  em  Saúde  (APS)  tem  sido  um  desafio  permanente  para  o  Sistema  Único  de  Saúde.  A  impossibilidade  de  educação  continuada  e  permanente configura-se como um dos principais fatores impeditivos do provimento e da fixação de médicos na APS. O Programa de Valorização do profissional da Atenção Básica (PROVAB) trouxe como pressuposto o incentivo à Educação Permanente em Saúde (EPS) com ênfase na interação ensi-no-serviço-comunidade (IESC), contando com a presença de uma supervisão pedagógica composta por médicos capacitados para tal fim. O objetivo do presente estudo foi analisar os motivos que levaram um grupo de médicos de Natal, Rio Grande do Norte, participantes do Programa de Valorização do Profissional da Atenção Básica (PROVAB), a permanecerem na Atenção Primária em Saúde por meio da precedência ao Programa Mais Médicos (PMM), a partir da percepção de seus supervisores. Para tanto, foi realizado estudo qualitativo por meio da técnica de grupo focal com sete supervisores médi-cos do PROVAB e do PMM. A análise de conteúdo identificou cinco categorias de análises temáticas: Contexto político do início dos programas; Perfil do supervisor pedagógico; Perfil do médico que fez precedência do PROVAB para o Programa Mais Médicos; Motivos de fixação do provabiano à APS; e Porque não escolher a APS para a vida? Evidenciou-se que o PROVAB funcionou como uma estraté-gia inicial de enfrentamento aos desafios de se fixar médicos à APS em consonância à remodelação da formação médica. Apesar do contexto político desfavorável nos anos que se seguiram à implementação do PROVAB, houve uma sinergia entre a supervisão e os médicos que se empoderaram para desenvol-verem suas atividades proporcionando condições para enfrentamento das condições desfavoráveis. A aproximação com o contexto do território e as competências adquiridas no programa acerca da Atenção Primária em Saúde com desenvolvimento de vínculo com a comunidade funcionaram como fatores de estímulo para a permanência do médico na Atenção Primária em Saúde traduzindo-se na mudança do perfil do profissional que assimilou e adquiriu o componente social de trabalhar em áreas de grande vulnerabilidade. Esse movimento deve favorecer as mudanças previstas nos cursos de graduação em Medicina, evitando um retrocesso que tange aos vazios assistenciais, animando a luta que se constitui na busca por um Brasil em que o acesso universal à saúde e a um profissional médico não seja um privilégio de poucos, mas o direito garantido de todos.', NULL, '43', '2', 2019, '48-57', 'R', NULL, NULL, 'N', 'http://www.scielo.br/pdf/rbem/v43n2/1981-5271-rbem-43-2-0048.pdf ', 3, 1, 2, 3, 3, '2019-05-21 16:36:06', '2019-05-21 16:36:06'),
(138, 'Programa Mais Médicos e residências de Medicina de Família e Comunidade: estratégias articuladas de ampliação e interiorização da formação médica', 'The More Doctors Program and Family and Community Medicine residencies: articulated strategies of expansion and interiorization of medical education', 'O objetivo do estudo é relatar e analisar o efeito do Programa Mais Médicos (PMM) na expansão de programas de residência de Medicina de Família e Comunidade (RMFC), a partir das estratégias desenvolvidas na Paraíba. Realizou-se sistematização da experiência por meio de roda de conversa e análise documental. A partir da articulação dos atores locais integrada às políticas nacionais de expansão da RMFC, desenvolveram-se um conjunto de estratégias (parcerias entre instituições de ensino superior e secretarias de saúde, oficinas estaduais da RMFC, apoio institucional de municípios, articulação entre os programas de provimento do governo federal, residências regionais, complementação de bolsa, entre outros) que resultaram na interiorização da residência e em uma taxa de expansão e ocupação superior à média nacional. Essa experiência apresentou inovações e avanços na formação de generalistas e na integração ensino-serviço, com o consequente fortalecimento da Atenção Básica (AB).', NULL, '23', NULL, 2019, NULL, 'R', '2010-01-01', '2017-12-01', 'N', 'http://www.scielo.br/pdf/icse/v23s1/pt_1807-5762-icse-23-s1-e180032.pdf', 5, 2, 7, 5, 5, '2019-05-23 16:15:41', '2019-05-23 16:15:41'),
(139, 'O Programa Mais Médicos e a mudança do papel do Estado na regulação e ordenação da formação médica', 'O Programa Mais Médicos e a mudança do papel do Estado na regulação e ordenação da formação médica', 'O Programa Mais Médicos (PMM) vem sendo considerado em estudos recentes como a mais importante mudança normativa nas atribuições do Estado na ordenação da formação de recursos humanos para o Sistema Único de Saúde (SUS). Este artigo analisa o eixo mais estruturante do programa, o da formação em saúde, por meio de revisão de literatura e análise documental e de bancos de dados com o objetivo de descrever sua modelagem enquanto política pública e discutir quais mudanças normativas tiveram efeito na ação do Estado. Identifica mudanças institucionais nos Ministérios da Saúde e Educação; reorientação da formação médica; ampliação e redistribuição de vagas de graduação e residência; e criação de instrumentos de política pública para o planejamento, regulação e avaliação da formação de especialistas. Conclui identificando interrupção de ações estruturantes do programa e objetivos e metas que provavelmente não serão cumpridos nos prazos estabelecidos.', NULL, '23', NULL, 2019, NULL, 'R', NULL, NULL, 'N', 'http://www.scielo.br/pdf/icse/v23s1/pt_1807-5762-icse-23-s1-e170960.pdf', 3, 3, 7, 5, 5, '2019-05-23 16:27:24', '2019-05-23 16:28:59'),
(140, 'Atenção a pessoas idosas: desempenho de intervenções conduzidas por profissionais do Mais Médicos', 'Elderly care: performance of interventions carried out by More Doctors Program professionals', 'Com objetivo de avaliar a cobertura e a qualidade do cuidado a pessoas idosas, realizou-se estudo transversal das 204 intervenções de alunos da Especialização em Saúde da Família da Universidade Federal de Pelotas (UFPEL), vinculados ou não ao Mais Médicos. Calculou-se a diferença de cobertura entre o terceiro e o primeiro mês de intervenção e o percentual atingido no fim do terceiro mês para indicadores de qualidade. Encontrou-se aumento médio da cobertura de 35,7 pontos percentuais (pp) (32,9; 38,6), sendo de 26,1 pp (22,3; 30,0) e 42,1 pp (38,6; 45,7), conduzida por profissionais não pertencentes ao Mais Médicos ou pertencentes a tal programa, respectivamente. Avaliação multidimensional rápida, exame clínico em dia e avaliação de necessidade de tratamento odontológico\r\napresentaram melhor desempenho em intervenções conduzidas por profissionais do Mais Médicos. Intervenções foram efetivas independente de provimento e nacionalidade, obtendo resultados significativamente melhores aquelas conduzidas por profissionais do Mais Médicos, especialmente cubanos.', NULL, '23', NULL, 2019, NULL, 'R', '2011-01-01', '2016-12-01', 'N', 'http://www.scielo.br/pdf/icse/v23s1/pt_1807-5762-icse-23-s1-e170795.pdf', 5, 1, 7, 5, 5, '2019-05-23 17:00:12', '2019-05-23 17:00:12'),
(141, 'Mortality associated with alternative primary healthcare policies: a nationwide microsimulation modelling study in Brazil', NULL, 'Background: Brazil’s Estratégia Saúde da Família (ESF) is one of the largest and most robustly evaluated primary healthcare programmes of the world, but it could be affected by fiscal austerity measures and by the possible end of the Mais Médicos programme (MMP)—a major intervention to increase primary care doctors in underserved areas. We forecast the impact of alternative scenarios of ESF coverage changes on under-70 mortality from ambulatory caresensitive conditions (ACSCs) until 2030, the date for achievement of the Sustainable Development Goals (SDGs). Method: A synthetic cohort of 5507 Brazilian municipalities was created for the period 2017–2030. A municipal-level microsimulation model was developed and validated using longitudinal data and estimates from a previous retrospective study evaluating the effects of municipal ESF coverage on mortality rates. Reductions in ESF coverage, and its effects on ACSC mortality, were forecast based on two probable austerity scenarios, compared with the maintenance of the current coverage or the expansion to 100%. Fixed effects longitudinal regression models were employed to account for secular trends, demographic and socioeconomic changes, healthcare-related variables, and programme duration effects. Results: Under austerity scenarios of decreasing ESF coverage with and without the MMP termination, mean ACSC mortality rates would be 8.60% (95% CI 7.03–10.21%; 48,546 excess premature/under-70 deaths along 2017–2030) and 5.80% (95% CI 4.23–7.35%; 27,685 excess premature deaths) higher respectively in 2030 compared to maintaining the current ESF coverage.\r\nComparing decreasing ESF coverage and MMP termination with achieving 100% ESF coverage (Universal Health Coverage scenario) in 2030, mortality rates would be 11.12% higher (95% CI 9.47–12.76%; 83,937 premature deaths). Reductions in ESF coverage would have stronger effects on mortality from infectious diseases and nutritional deficiencies and would disproportionately impact poorer municipalities, with the concentration index for ACSC mortality 11.77% higher (95% CI 0.31–22.32%) and also ending historical declines in racial health inequalities between white and black/pardo Brazilians. Conclusions: Reductions in primary healthcare coverage due to austerity measures are likely to be responsible for many avoidable deaths and may preclude achievement of SDGs for health and inequality in Brazil and in other lowand middle-income countries.', NULL, '17', NULL, 2019, NULL, 'R', '2017-01-01', '2030-12-01', 'N', 'https://bmcmedicine.biomedcentral.com/track/pdf/10.1186/s12916-019-1316-7', 1, 3, 42, 5, 5, '2019-05-28 15:46:13', '2019-05-28 15:48:58');

-- --------------------------------------------------------

--
-- Estrutura para tabela `ArtigoAutor`
--

CREATE TABLE IF NOT EXISTS `ArtigoAutor` (
  `CodArtigo` int(11) NOT NULL,
  `CodAutor` int(11) NOT NULL
) ENGINE=InnoDB DEFAULT CHARSET=utf8;

--
-- Fazendo dump de dados para tabela `ArtigoAutor`
--

INSERT INTO `ArtigoAutor` (`CodArtigo`, `CodAutor`) VALUES
(1, 2),
(1, 3),
(1, 4),
(3, 6),
(3, 100),
(3, 101),
(3, 123),
(3, 182),
(3, 194),
(3, 195),
(3, 196),
(4, 6),
(4, 101),
(4, 123),
(4, 144),
(4, 182),
(4, 183),
(4, 201),
(4, 202),
(5, 7),
(5, 8),
(5, 9),
(6, 10),
(6, 11),
(6, 12),
(6, 13),
(6, 14),
(6, 15),
(7, 16),
(9, 21),
(9, 22),
(9, 23),
(10, 5),
(10, 24),
(10, 25),
(10, 26),
(10, 27),
(11, 28),
(11, 29),
(11, 30),
(11, 31),
(11, 32),
(11, 33),
(11, 34),
(12, 35),
(12, 36),
(12, 37),
(12, 38),
(12, 39),
(13, 40),
(13, 41),
(13, 42),
(14, 43),
(14, 44),
(14, 45),
(15, 46),
(16, 47),
(16, 48),
(16, 49),
(16, 50),
(16, 51),
(16, 52),
(16, 53),
(16, 54),
(16, 55),
(17, 56),
(17, 57),
(18, 58),
(19, 59),
(19, 60),
(19, 61),
(19, 62),
(20, 63),
(20, 64),
(20, 65),
(20, 66),
(21, 67),
(22, 68),
(22, 69),
(22, 70),
(22, 71),
(22, 72),
(22, 73),
(23, 74),
(24, 75),
(24, 76),
(25, 77),
(25, 78),
(25, 79),
(26, 80),
(26, 81),
(26, 82),
(26, 83),
(26, 84),
(26, 85),
(26, 86),
(27, 87),
(27, 88),
(27, 89),
(28, 90),
(28, 91),
(29, 92),
(29, 93),
(29, 94),
(30, 95),
(31, 96),
(31, 97),
(31, 98),
(32, 99),
(32, 100),
(32, 101),
(33, 102),
(33, 103),
(34, 95),
(35, 104),
(35, 105),
(35, 106),
(35, 107),
(36, 108),
(37, 109),
(37, 110),
(38, 111),
(38, 112),
(38, 113),
(39, 114),
(39, 115),
(40, 116),
(40, 117),
(40, 118),
(40, 119),
(40, 120),
(40, 121),
(41, 6),
(41, 35),
(41, 92),
(41, 101),
(41, 109),
(41, 122),
(41, 123),
(42, 124),
(42, 125),
(42, 126),
(42, 127),
(42, 128),
(42, 129),
(42, 130),
(43, 35),
(43, 131),
(43, 132),
(43, 133),
(43, 134),
(44, 135),
(44, 136),
(44, 137),
(46, 101),
(46, 123),
(46, 138),
(46, 139),
(46, 140),
(46, 144),
(46, 145),
(46, 146),
(46, 147),
(46, 148),
(46, 149),
(47, 150),
(47, 151),
(47, 152),
(47, 153),
(47, 154),
(48, 155),
(48, 156),
(49, 101),
(49, 157),
(49, 158),
(50, 78),
(50, 159),
(51, 160),
(51, 161),
(51, 162),
(51, 163),
(51, 164),
(52, 165),
(53, 166),
(53, 167),
(53, 168),
(53, 169),
(53, 170),
(53, 294),
(54, 83),
(54, 85),
(54, 171),
(54, 172),
(54, 173),
(55, 35),
(55, 131),
(55, 174),
(55, 175),
(55, 176),
(55, 198),
(56, 178),
(56, 179),
(56, 180),
(56, 181),
(57, 6),
(57, 101),
(57, 144),
(57, 182),
(57, 183),
(57, 201),
(57, 202),
(57, 234),
(58, 184),
(58, 185),
(58, 186),
(58, 187),
(58, 188),
(58, 189),
(58, 190),
(58, 191),
(58, 192),
(58, 193),
(59, 35),
(59, 131),
(59, 134),
(59, 176),
(59, 197),
(59, 198),
(59, 199),
(59, 200),
(60, 203),
(60, 204),
(60, 205),
(60, 206),
(61, 207),
(61, 208),
(62, 209),
(62, 210),
(62, 211),
(63, 73),
(63, 131),
(63, 212),
(63, 213),
(63, 214),
(64, 215),
(64, 216),
(64, 217),
(64, 218),
(65, 219),
(65, 220),
(66, 8),
(66, 9),
(66, 221),
(66, 222),
(66, 223),
(67, 224),
(68, 10),
(68, 208),
(68, 225),
(69, 226),
(69, 227),
(70, 228),
(70, 229),
(70, 230),
(70, 231),
(71, 35),
(71, 131),
(71, 176),
(71, 200),
(72, 35),
(72, 232),
(72, 233),
(73, 217),
(74, 215),
(74, 235),
(74, 236),
(74, 237),
(74, 238),
(74, 239),
(74, 240),
(74, 241),
(75, 242),
(75, 243),
(75, 244),
(76, 246),
(76, 247),
(76, 252),
(77, 248),
(77, 249),
(77, 250),
(77, 251),
(78, 246),
(78, 247),
(78, 252),
(78, 253),
(78, 254),
(79, 255),
(79, 256),
(79, 257),
(79, 258),
(79, 259),
(79, 260),
(80, 261),
(80, 262),
(80, 263),
(80, 264),
(81, 265),
(81, 266),
(81, 267),
(81, 268),
(81, 269),
(82, 270),
(82, 271),
(83, 272),
(83, 273),
(83, 274),
(84, 59),
(84, 60),
(84, 61),
(84, 62),
(84, 275),
(85, 276),
(85, 277),
(85, 278),
(85, 279),
(86, 280),
(86, 281),
(87, 282),
(87, 283),
(87, 284),
(87, 285),
(87, 286),
(87, 287),
(87, 288),
(88, 289),
(88, 290),
(88, 291),
(88, 292),
(89, 295),
(90, 296),
(90, 297),
(91, 298),
(91, 299),
(91, 300),
(92, 301),
(93, 56),
(93, 73),
(93, 302),
(94, 124),
(94, 125),
(94, 128),
(94, 303),
(94, 304),
(94, 305),
(95, 306),
(95, 307),
(96, 184),
(96, 187),
(96, 191),
(97, 308),
(97, 309),
(97, 310),
(97, 311),
(98, 312),
(98, 313),
(98, 314),
(98, 315),
(99, 46),
(100, 263),
(100, 296),
(100, 316),
(100, 317),
(100, 318),
(101, 319),
(101, 320),
(102, 321),
(102, 322),
(102, 323),
(102, 324),
(103, 247),
(103, 252),
(103, 325),
(103, 326),
(103, 327),
(103, 328),
(103, 329),
(104, 330),
(104, 331),
(104, 332),
(104, 333),
(104, 334),
(104, 335),
(104, 336),
(104, 337),
(105, 338),
(105, 339),
(105, 340),
(105, 341),
(106, 10),
(106, 77),
(106, 342),
(106, 343),
(106, 344),
(106, 345),
(106, 346),
(106, 347),
(106, 348),
(107, 10),
(107, 12),
(107, 78),
(107, 349),
(107, 350),
(107, 351),
(107, 352),
(107, 353),
(107, 354),
(107, 355),
(108, 4),
(108, 101),
(108, 138),
(108, 148),
(108, 356),
(108, 357),
(109, 358),
(109, 359),
(109, 360),
(109, 361),
(109, 362),
(109, 363),
(109, 364),
(109, 365),
(110, 366),
(110, 367),
(110, 368),
(110, 369),
(110, 370),
(110, 371),
(110, 372),
(111, 373),
(111, 374),
(112, 375),
(112, 376),
(112, 377),
(112, 378),
(113, 6),
(113, 109),
(113, 123),
(113, 379),
(113, 380),
(113, 381),
(113, 382),
(114, 383),
(114, 384),
(115, 228),
(115, 385),
(116, 386),
(116, 387),
(117, 207),
(117, 208),
(118, 388),
(118, 389),
(118, 390),
(118, 391),
(118, 392),
(118, 393),
(119, 394),
(119, 395),
(119, 396),
(119, 397),
(120, 398),
(120, 399),
(120, 400),
(121, 401),
(121, 402),
(121, 403),
(122, 17),
(122, 18),
(122, 20),
(123, 308),
(123, 309),
(123, 310),
(123, 311),
(124, 35),
(124, 176),
(124, 242),
(124, 404),
(124, 405),
(124, 406),
(125, 407),
(125, 408),
(126, 187),
(126, 189),
(126, 299),
(127, 250),
(127, 407),
(128, 409),
(128, 410),
(129, 411),
(130, 412),
(130, 413),
(130, 414),
(130, 415),
(131, 416),
(131, 417),
(131, 418),
(131, 419),
(131, 420),
(132, 421),
(132, 422),
(132, 423),
(132, 424),
(133, 35),
(133, 131),
(133, 176),
(133, 200),
(133, 425),
(133, 426),
(134, 427),
(134, 428),
(134, 429),
(134, 430),
(135, 248),
(135, 250),
(135, 431),
(136, 35),
(136, 101),
(136, 123),
(137, 427),
(137, 428),
(137, 429),
(137, 430),
(138, 56),
(138, 176),
(138, 432),
(138, 433),
(138, 434),
(138, 435),
(139, 131),
(139, 436),
(139, 437),
(139, 438),
(139, 439),
(140, 235),
(140, 239),
(140, 240),
(140, 241),
(140, 440),
(140, 441),
(141, 78),
(141, 357),
(141, 442),
(141, 443),
(141, 444),
(141, 445);

-- --------------------------------------------------------

--
-- Estrutura para tabela `ArtigoCoordenador`
--

CREATE TABLE IF NOT EXISTS `ArtigoCoordenador` (
  `CodArtigo` int(11) NOT NULL,
  `CodCoordenador` int(11) NOT NULL
) ENGINE=InnoDB DEFAULT CHARSET=utf8;

--
-- Fazendo dump de dados para tabela `ArtigoCoordenador`
--

INSERT INTO `ArtigoCoordenador` (`CodArtigo`, `CodCoordenador`) VALUES
(3, 2),
(3, 3),
(3, 4),
(3, 5),
(3, 6),
(3, 7),
(3, 8),
(3, 9);

-- --------------------------------------------------------

--
-- Estrutura para tabela `ArtigoInstituicao`
--

CREATE TABLE IF NOT EXISTS `ArtigoInstituicao` (
  `CodArtigo` int(11) NOT NULL,
  `CodInstituicao` int(11) NOT NULL
) ENGINE=InnoDB DEFAULT CHARSET=utf8;

--
-- Fazendo dump de dados para tabela `ArtigoInstituicao`
--

INSERT INTO `ArtigoInstituicao` (`CodArtigo`, `CodInstituicao`) VALUES
(1, 2),
(3, 2),
(4, 2),
(5, 570),
(6, 2),
(6, 581),
(6, 17556),
(7, 7),
(9, 555),
(10, 609),
(11, 55),
(11, 409),
(11, 17565),
(12, 2),
(12, 579),
(12, 3223),
(12, 17563),
(13, 54),
(14, 4925),
(15, 17557),
(16, 2),
(17, 579),
(17, 586),
(18, 55),
(19, 55),
(19, 547),
(19, 17562),
(20, 17566),
(21, 17554),
(22, 4),
(22, 581),
(22, 17543),
(22, 17567),
(23, 17543),
(24, 581),
(25, 17556),
(26, 9),
(27, 17547),
(28, 13),
(28, 17551),
(29, 17568),
(30, 55),
(31, 8),
(31, 21),
(32, 17561),
(33, 2564),
(34, 55),
(35, 8),
(35, 592),
(36, 17559),
(37, 2),
(38, 2),
(39, 17566),
(40, 580),
(40, 17565),
(40, 17566),
(41, 2),
(41, 579),
(41, 17556),
(42, 547),
(42, 575),
(43, 2),
(43, 579),
(43, 581),
(43, 17549),
(44, 579),
(44, 581),
(46, 2),
(46, 2564),
(46, 17570),
(46, 17572),
(47, 2),
(48, 54),
(49, 2),
(50, 2),
(51, 29),
(51, 555),
(52, 17574),
(53, 17550),
(53, 17575),
(54, 9),
(55, 409),
(55, 579),
(55, 17549),
(56, 71),
(57, 2),
(57, 21),
(57, 29),
(57, 581),
(57, 17570),
(58, 55),
(58, 572),
(58, 17545),
(58, 17549),
(59, 55),
(59, 17549),
(60, 2368),
(61, 2),
(61, 17572),
(62, 579),
(63, 581),
(64, 572),
(64, 584),
(64, 634),
(64, 17543),
(65, 17),
(65, 54),
(66, 570),
(67, 55),
(68, 17556),
(69, 2),
(69, 17549),
(70, 83),
(70, 591),
(71, 56),
(71, 17549),
(72, 579),
(72, 17576),
(72, 17577),
(73, 572),
(74, 10),
(74, 634),
(75, 17549),
(76, 575),
(76, 581),
(76, 17545),
(77, 107),
(77, 17549),
(77, 17578),
(77, 17579),
(78, 575),
(78, 581),
(78, 3336),
(78, 17543),
(78, 17545),
(79, 54),
(79, 572),
(79, 17552),
(79, 17553),
(80, 578),
(81, 3849),
(82, 584),
(83, 570),
(84, 55),
(84, 547),
(84, 17562),
(85, 55),
(85, 580),
(85, 581),
(86, 17),
(86, 54),
(87, 572),
(87, 573),
(88, 163),
(88, 547),
(89, 17),
(90, 578),
(91, 578),
(92, 17545),
(93, 579),
(93, 581),
(93, 586),
(94, 575),
(95, 570),
(96, 17543),
(97, 55),
(97, 71),
(97, 2383),
(98, 17581),
(99, 17580),
(100, 578),
(101, 54),
(101, 17582),
(102, 573),
(103, 581),
(103, 17583),
(104, 585),
(105, 569),
(106, 575),
(106, 576),
(106, 17555),
(106, 17556),
(107, 581),
(107, 17556),
(108, 2),
(108, 17545),
(109, 29),
(109, 2111),
(109, 17584),
(109, 17585),
(110, 576),
(111, 17),
(111, 575),
(112, 555),
(112, 17586),
(112, 17587),
(113, 2),
(113, 569),
(114, 591),
(115, 76),
(115, 83),
(116, 17549),
(116, 17561),
(117, 2),
(118, 830),
(119, 367),
(119, 596),
(119, 3434),
(120, 571),
(121, 3849),
(121, 17588),
(122, 580),
(122, 17564),
(123, 55),
(123, 570),
(123, 2383),
(124, 2),
(124, 579),
(124, 581),
(124, 17545),
(124, 17589),
(125, 575),
(126, 572),
(126, 578),
(126, 15059),
(126, 17545),
(127, 2),
(127, 575),
(128, 15121),
(129, 5),
(130, 1027),
(131, 717),
(132, 55),
(132, 548),
(133, 2),
(133, 56),
(133, 579),
(133, 580),
(133, 4503),
(134, 570),
(135, 2),
(135, 580),
(135, 17549),
(136, 2),
(136, 579),
(137, 570),
(138, 579),
(139, 55),
(139, 591),
(139, 4503),
(139, 17590),
(140, 634),
(140, 5322),
(141, 55),
(141, 578),
(141, 17554),
(141, 17556),
(141, 17592);

-- --------------------------------------------------------

--
-- Estrutura para tabela `ArtigoPalavra`
--

CREATE TABLE IF NOT EXISTS `ArtigoPalavra` (
  `CodArtigo` int(11) NOT NULL,
  `CodPalavra` int(11) NOT NULL
) ENGINE=InnoDB DEFAULT CHARSET=utf8;

--
-- Fazendo dump de dados para tabela `ArtigoPalavra`
--

INSERT INTO `ArtigoPalavra` (`CodArtigo`, `CodPalavra`) VALUES
(1, 3),
(1, 4),
(1, 5),
(1, 6),
(1, 7),
(1, 8),
(3, 13),
(3, 15),
(3, 16),
(3, 17),
(3, 42),
(4, 23),
(4, 24),
(4, 25),
(4, 26),
(5, 27),
(5, 28),
(5, 29),
(5, 30),
(5, 31),
(6, 26),
(6, 32),
(6, 42),
(7, 26),
(7, 33),
(7, 34),
(7, 35),
(7, 42),
(9, 38),
(9, 39),
(9, 40),
(9, 41),
(10, 42),
(10, 43),
(10, 44),
(10, 45),
(11, 39),
(11, 46),
(11, 47),
(12, 12),
(12, 48),
(12, 49),
(13, 33),
(13, 50),
(13, 51),
(13, 52),
(13, 53),
(14, 30),
(14, 54),
(15, 55),
(16, 49),
(16, 56),
(16, 57),
(16, 58),
(17, 35),
(17, 41),
(17, 48),
(17, 59),
(17, 60),
(18, 34),
(18, 35),
(18, 61),
(18, 62),
(19, 13),
(19, 63),
(19, 64),
(19, 65),
(19, 66),
(20, 24),
(20, 26),
(20, 42),
(21, 30),
(21, 67),
(21, 68),
(21, 69),
(22, 26),
(22, 30),
(22, 70),
(22, 71),
(23, 55),
(24, 12),
(24, 13),
(24, 42),
(24, 48),
(24, 72),
(25, 42),
(25, 73),
(25, 74),
(26, 41),
(26, 57),
(26, 75),
(26, 76),
(27, 42),
(27, 77),
(27, 78),
(27, 79),
(28, 55),
(29, 80),
(29, 81),
(30, 55),
(31, 30),
(31, 82),
(31, 83),
(31, 84),
(32, 30),
(32, 63),
(32, 71),
(33, 33),
(33, 40),
(33, 85),
(34, 55),
(35, 86),
(35, 87),
(35, 88),
(36, 30),
(37, 12),
(37, 90),
(37, 91),
(38, 92),
(38, 93),
(38, 94),
(38, 95),
(38, 96),
(39, 4),
(39, 42),
(39, 73),
(39, 97),
(40, 26),
(40, 30),
(40, 42),
(41, 42),
(41, 68),
(41, 80),
(41, 98),
(41, 99),
(41, 100),
(42, 30),
(42, 42),
(42, 101),
(43, 6),
(43, 30),
(43, 42),
(44, 24),
(44, 42),
(44, 102),
(44, 103),
(44, 104),
(46, 105),
(47, 106),
(47, 107),
(47, 108),
(47, 109),
(47, 110),
(48, 30),
(48, 76),
(48, 111),
(48, 112),
(49, 30),
(49, 42),
(49, 101),
(50, 105),
(51, 26),
(51, 113),
(51, 114),
(51, 115),
(52, 55),
(53, 42),
(53, 116),
(53, 117),
(53, 118),
(54, 41),
(54, 42),
(54, 101),
(54, 119),
(55, 26),
(55, 27),
(55, 76),
(56, 42),
(56, 76),
(56, 101),
(56, 115),
(57, 42),
(57, 57),
(57, 120),
(57, 121),
(58, 42),
(58, 71),
(58, 101),
(58, 122),
(59, 35),
(59, 68),
(59, 73),
(59, 123),
(59, 124),
(59, 125),
(60, 126),
(60, 127),
(60, 128),
(60, 129),
(61, 63),
(61, 130),
(61, 131),
(61, 132),
(61, 133),
(61, 134),
(61, 135),
(61, 136),
(62, 30),
(62, 137),
(62, 138),
(62, 139),
(63, 111),
(63, 126),
(63, 140),
(63, 141),
(64, 55),
(65, 30),
(65, 76),
(65, 142),
(65, 143),
(66, 27),
(66, 30),
(66, 42),
(66, 144),
(67, 13),
(67, 26),
(67, 42),
(67, 145),
(67, 146),
(68, 126),
(68, 142),
(68, 147),
(68, 148),
(69, 149),
(69, 150),
(69, 151),
(70, 111),
(70, 152),
(70, 153),
(70, 154),
(71, 55),
(72, 30),
(72, 111),
(72, 155),
(72, 156),
(73, 105),
(74, 30),
(74, 42),
(74, 157),
(74, 158),
(75, 42),
(75, 73),
(75, 159),
(75, 160),
(76, 27),
(76, 48),
(76, 49),
(76, 158),
(77, 150),
(77, 161),
(77, 162),
(77, 163),
(77, 164),
(78, 49),
(78, 56),
(78, 126),
(79, 48),
(79, 165),
(79, 166),
(79, 167),
(79, 168),
(80, 76),
(80, 169),
(80, 170),
(81, 26),
(81, 42),
(81, 156),
(81, 171),
(82, 172),
(82, 173),
(82, 174),
(82, 175),
(83, 126),
(83, 176),
(83, 177),
(83, 178),
(84, 63),
(84, 118),
(84, 165),
(84, 179),
(84, 180),
(85, 112),
(85, 163),
(85, 181),
(85, 182),
(86, 27),
(86, 116),
(86, 183),
(87, 184),
(87, 185),
(87, 186),
(87, 187),
(88, 63),
(88, 130),
(88, 156),
(88, 185),
(89, 68),
(89, 73),
(89, 189),
(89, 190),
(89, 191),
(89, 192),
(89, 193),
(90, 73),
(90, 194),
(90, 195),
(91, 42),
(91, 73),
(91, 126),
(92, 13),
(92, 76),
(92, 126),
(92, 196),
(92, 197),
(93, 41),
(93, 100),
(93, 198),
(93, 199),
(94, 6),
(94, 30),
(94, 42),
(95, 42),
(95, 200),
(95, 201),
(95, 202),
(95, 203),
(96, 23),
(96, 42),
(96, 101),
(96, 204),
(96, 205),
(97, 24),
(97, 41),
(97, 42),
(97, 206),
(97, 207),
(97, 208),
(98, 30),
(98, 209),
(98, 210),
(99, 73),
(99, 129),
(99, 135),
(99, 211),
(99, 212),
(100, 26),
(100, 40),
(100, 42),
(100, 185),
(100, 213),
(101, 26),
(101, 33),
(101, 112),
(101, 214),
(101, 215),
(102, 26),
(102, 40),
(102, 56),
(102, 216),
(103, 30),
(103, 40),
(103, 63),
(103, 217),
(103, 218),
(103, 219),
(104, 42),
(104, 157),
(104, 220),
(104, 221),
(105, 24),
(105, 222),
(105, 223),
(106, 13),
(106, 101),
(106, 168),
(106, 224),
(107, 24),
(107, 26),
(107, 42),
(107, 68),
(107, 199),
(107, 225),
(108, 68),
(108, 165),
(108, 168),
(108, 226),
(108, 227),
(109, 25),
(109, 40),
(109, 42),
(109, 68),
(109, 101),
(110, 27),
(110, 35),
(110, 73),
(110, 76),
(111, 35),
(111, 42),
(111, 130),
(111, 185),
(112, 13),
(112, 42),
(112, 101),
(113, 40),
(113, 42),
(113, 195),
(113, 228),
(114, 112),
(114, 229),
(114, 230),
(114, 231),
(115, 111),
(115, 232),
(115, 233),
(116, 63),
(116, 112),
(116, 233),
(116, 234),
(117, 111),
(117, 232),
(117, 233),
(118, 27),
(118, 116),
(118, 235),
(119, 25),
(119, 41),
(119, 42),
(119, 164),
(120, 33),
(120, 76),
(120, 126),
(120, 236),
(120, 237),
(121, 30),
(121, 52),
(121, 238),
(122, 239),
(122, 240),
(123, 42),
(123, 126),
(123, 241),
(123, 242),
(124, 27),
(124, 30),
(124, 111),
(124, 155),
(125, 42),
(125, 243),
(125, 244),
(125, 245),
(126, 42),
(126, 68),
(126, 71),
(126, 126),
(126, 246),
(127, 42),
(127, 63),
(127, 165),
(127, 247),
(127, 248),
(128, 27),
(128, 249),
(128, 250),
(129, 251),
(129, 252),
(129, 253),
(130, 27),
(130, 33),
(130, 40),
(131, 42),
(131, 157),
(131, 254),
(132, 13),
(132, 27),
(132, 76),
(132, 255),
(132, 256),
(133, 27),
(133, 30),
(133, 42),
(133, 121),
(134, 257),
(134, 258),
(134, 259),
(134, 260),
(135, 30),
(135, 42),
(135, 163),
(135, 164),
(135, 261),
(136, 27),
(136, 30),
(136, 111),
(136, 222),
(136, 262),
(137, 24),
(137, 27),
(137, 42),
(138, 30),
(138, 42),
(138, 183),
(138, 263),
(139, 30),
(139, 63),
(139, 201),
(139, 222),
(140, 42),
(140, 99),
(140, 264),
(140, 265),
(141, 106),
(141, 266),
(141, 267),
(141, 268),
(141, 269);

-- --------------------------------------------------------

--
-- Estrutura para tabela `ArtigoTipoAnalise`
--

CREATE TABLE IF NOT EXISTS `ArtigoTipoAnalise` (
  `CodArtigo` int(11) NOT NULL,
  `CodTipoAnalise` int(11) NOT NULL
) ENGINE=InnoDB DEFAULT CHARSET=utf8;

--
-- Fazendo dump de dados para tabela `ArtigoTipoAnalise`
--

INSERT INTO `ArtigoTipoAnalise` (`CodArtigo`, `CodTipoAnalise`) VALUES
(3, 1),
(10, 1),
(11, 1),
(16, 1),
(19, 1),
(20, 1),
(22, 1),
(24, 1),
(26, 1),
(27, 1),
(31, 1),
(32, 1),
(36, 1),
(39, 1),
(40, 1),
(42, 1),
(43, 1),
(46, 1),
(47, 1),
(49, 1),
(53, 1),
(54, 1),
(55, 1),
(58, 1),
(60, 1),
(62, 1),
(69, 1),
(75, 1),
(77, 1),
(80, 1),
(88, 1),
(89, 1),
(90, 1),
(94, 1),
(97, 1),
(101, 1),
(103, 1),
(105, 1),
(106, 1),
(107, 1),
(108, 1),
(110, 1),
(111, 1),
(117, 1),
(118, 1),
(132, 1),
(133, 1),
(136, 1),
(140, 1),
(141, 1),
(1, 2),
(3, 2),
(4, 2),
(5, 2),
(6, 2),
(7, 2),
(9, 2),
(12, 2),
(13, 2),
(14, 2),
(16, 2),
(17, 2),
(18, 2),
(19, 2),
(21, 2),
(23, 2),
(25, 2),
(27, 2),
(29, 2),
(31, 2),
(33, 2),
(35, 2),
(37, 2),
(41, 2),
(43, 2),
(44, 2),
(48, 2),
(51, 2),
(55, 2),
(56, 2),
(57, 2),
(61, 2),
(63, 2),
(65, 2),
(66, 2),
(67, 2),
(68, 2),
(70, 2),
(72, 2),
(74, 2),
(75, 2),
(76, 2),
(78, 2),
(79, 2),
(80, 2),
(81, 2),
(82, 2),
(83, 2),
(85, 2),
(86, 2),
(87, 2),
(90, 2),
(91, 2),
(92, 2),
(93, 2),
(95, 2),
(96, 2),
(98, 2),
(99, 2),
(100, 2),
(101, 2),
(102, 2),
(103, 2),
(104, 2),
(109, 2),
(111, 2),
(112, 2),
(113, 2),
(114, 2),
(115, 2),
(116, 2),
(118, 2),
(119, 2),
(120, 2),
(121, 2),
(122, 2),
(123, 2),
(124, 2),
(126, 2),
(127, 2),
(128, 2),
(129, 2),
(130, 2),
(131, 2),
(134, 2),
(135, 2),
(136, 2),
(137, 2),
(138, 2),
(139, 2),
(140, 2),
(38, 3),
(125, 3);

-- --------------------------------------------------------

--
-- Estrutura para tabela `ArtigoTipoObjetivo`
--

CREATE TABLE IF NOT EXISTS `ArtigoTipoObjetivo` (
  `CodArtigo` int(11) NOT NULL,
  `CodTipoObjetivo` int(11) NOT NULL
) ENGINE=InnoDB DEFAULT CHARSET=utf8;

--
-- Fazendo dump de dados para tabela `ArtigoTipoObjetivo`
--

INSERT INTO `ArtigoTipoObjetivo` (`CodArtigo`, `CodTipoObjetivo`) VALUES
(1, 2),
(3, 2),
(4, 2),
(5, 1),
(6, 2),
(7, 2),
(9, 1),
(9, 2),
(10, 1),
(10, 2),
(11, 1),
(12, 2),
(12, 3),
(13, 2),
(14, 2),
(14, 3),
(16, 2),
(17, 1),
(18, 2),
(19, 1),
(19, 2),
(20, 2),
(21, 1),
(22, 1),
(23, 1),
(23, 2),
(24, 1),
(25, 2),
(26, 1),
(27, 1),
(28, 2),
(29, 2),
(31, 1),
(31, 2),
(32, 2),
(33, 3),
(35, 1),
(35, 2),
(36, 2),
(37, 1),
(37, 2),
(38, 3),
(39, 2),
(40, 2),
(41, 2),
(42, 1),
(42, 2),
(43, 1),
(43, 2),
(44, 2),
(44, 3),
(46, 1),
(46, 3),
(47, 1),
(47, 2),
(48, 2),
(48, 3),
(49, 2),
(51, 2),
(53, 2),
(53, 3),
(54, 1),
(54, 2),
(55, 2),
(55, 3),
(56, 2),
(57, 1),
(58, 2),
(60, 1),
(61, 1),
(62, 1),
(63, 2),
(65, 2),
(66, 2),
(67, 3),
(68, 1),
(69, 1),
(69, 2),
(70, 1),
(72, 2),
(74, 1),
(74, 2),
(75, 2),
(76, 2),
(77, 2),
(78, 1),
(79, 1),
(79, 2),
(80, 2),
(81, 2),
(81, 3),
(82, 2),
(83, 2),
(84, 1),
(85, 1),
(86, 2),
(87, 1),
(87, 2),
(88, 1),
(88, 2),
(89, 2),
(90, 2),
(91, 2),
(92, 2),
(93, 2),
(94, 1),
(94, 2),
(95, 2),
(96, 1),
(97, 2),
(98, 2),
(99, 2),
(100, 1),
(101, 1),
(102, 1),
(103, 1),
(104, 2),
(105, 2),
(106, 2),
(107, 2),
(108, 2),
(109, 2),
(110, 1),
(110, 2),
(111, 2),
(112, 1),
(112, 2),
(113, 1),
(114, 1),
(114, 2),
(115, 1),
(116, 2),
(117, 2),
(118, 1),
(118, 2),
(118, 3),
(119, 2),
(120, 2),
(121, 1),
(122, 3),
(123, 1),
(124, 2),
(125, 1),
(126, 2),
(127, 2),
(128, 2),
(129, 1),
(130, 1),
(131, 1),
(131, 2),
(132, 2),
(133, 2),
(134, 2),
(135, 2),
(136, 1),
(136, 2),
(137, 2),
(138, 2),
(139, 2),
(140, 1),
(141, 1),
(141, 2);

-- --------------------------------------------------------

--
-- Estrutura para tabela `ArtigoTipoProcedimento`
--

CREATE TABLE IF NOT EXISTS `ArtigoTipoProcedimento` (
  `CodArtigo` int(11) NOT NULL,
  `CodTipoProcedimento` int(11) NOT NULL
) ENGINE=InnoDB DEFAULT CHARSET=utf8;

--
-- Fazendo dump de dados para tabela `ArtigoTipoProcedimento`
--

INSERT INTO `ArtigoTipoProcedimento` (`CodArtigo`, `CodTipoProcedimento`) VALUES
(1, 2),
(3, 3),
(4, 3),
(5, 3),
(6, 1),
(7, 2),
(9, 2),
(10, 3),
(11, 2),
(12, 2),
(13, 1),
(13, 2),
(14, 2),
(16, 1),
(16, 2),
(17, 2),
(18, 3),
(19, 1),
(20, 2),
(21, 2),
(22, 3),
(23, 1),
(24, 2),
(25, 2),
(26, 2),
(26, 3),
(27, 2),
(28, 2),
(29, 2),
(31, 1),
(31, 2),
(32, 2),
(33, 3),
(35, 1),
(35, 2),
(36, 2),
(37, 3),
(38, 3),
(39, 3),
(40, 3),
(41, 3),
(42, 3),
(43, 1),
(43, 2),
(44, 3),
(46, 2),
(47, 2),
(48, 2),
(49, 2),
(51, 3),
(53, 2),
(53, 3),
(54, 2),
(55, 1),
(55, 2),
(56, 3),
(57, 3),
(58, 2),
(60, 3),
(61, 1),
(61, 2),
(62, 3),
(63, 2),
(65, 1),
(66, 2),
(67, 2),
(68, 1),
(69, 3),
(70, 2),
(70, 3),
(72, 2),
(72, 3),
(74, 2),
(75, 1),
(76, 3),
(77, 2),
(78, 1),
(79, 2),
(80, 2),
(81, 1),
(81, 2),
(82, 1),
(82, 2),
(83, 2),
(84, 3),
(85, 2),
(86, 2),
(87, 3),
(88, 2),
(89, 1),
(89, 2),
(90, 1),
(90, 2),
(91, 1),
(91, 2),
(92, 2),
(93, 1),
(94, 1),
(95, 1),
(95, 2),
(95, 3),
(96, 1),
(96, 2),
(96, 3),
(97, 3),
(98, 1),
(99, 2),
(100, 2),
(101, 2),
(101, 3),
(102, 2),
(103, 2),
(104, 2),
(105, 2),
(106, 2),
(107, 2),
(107, 3),
(108, 2),
(109, 1),
(109, 2),
(110, 3),
(111, 3),
(112, 3),
(113, 3),
(114, 1),
(114, 3),
(115, 3),
(116, 1),
(116, 2),
(117, 1),
(117, 2),
(118, 3),
(119, 1),
(119, 2),
(120, 2),
(121, 2),
(121, 3),
(122, 3),
(123, 2),
(124, 2),
(125, 2),
(125, 3),
(126, 1),
(127, 2),
(127, 3),
(128, 3),
(129, 1),
(129, 2),
(130, 2),
(131, 3),
(132, 3),
(133, 2),
(134, 3),
(135, 2),
(136, 2),
(136, 3),
(137, 3),
(138, 2),
(138, 3),
(139, 1),
(139, 2),
(140, 2),
(140, 3),
(141, 2);

-- --------------------------------------------------------

--
-- Estrutura para tabela `Autor`
--

CREATE TABLE IF NOT EXISTS `Autor` (
  `CodAutor` int(11) NOT NULL,
  `NomeAutor` varchar(200) NOT NULL
) ENGINE=InnoDB DEFAULT CHARSET=utf8;

--
-- Fazendo dump de dados para tabela `Autor`
--

INSERT INTO `Autor` (`CodAutor`, `NomeAutor`) VALUES
(2, 'Viviane Karoline da Silva Carvalho'),
(3, 'Carla Pinta Marques'),
(4, 'Everton Nunes da Silva'),
(5, 'Andreia Carrer'),
(6, 'Yamila Comes'),
(7, 'Rebeca Maria de Medeiros Vieira'),
(8, 'Tiago Rocha Pinto'),
(9, 'Lucas Pereira de Melo'),
(10, 'Elisandréa Sguario Kemper '),
(11, '  Renato Tasca'),
(12, 'Erno Harzheim'),
(13, ' Julio M. Suárez Jiménez'),
(14, ' Jorge Hadad'),
(15, ' Maria Fátima de Sousa'),
(16, 'Giovanni Gurgel Aciole '),
(17, 'Alexandre Zarias '),
(18, 'Suzy Luna Nobre Gonçalves Ferreira'),
(19, 'Josiane Lemos Machiavelli'),
(20, 'Débora Cintra Toscano de Brito'),
(21, 'Cynthia de Freitas Melo '),
(22, 'Mariana Carvalho Costa'),
(23, 'Bárbara Jéssyca Magalhães'),
(24, ' Beatriz Rosana Gonçalves de Oliveira Toso '),
(25, 'Ana Teresa Bittencourt Guimarães '),
(26, 'Julia Reis Conterno'),
(27, 'Kamila Caroline Minosso '),
(28, 'Rogério Fabiano Gonçalves'),
(29, ' Islândia Maria Carvalho de Sousa '),
(30, 'Oswaldo Yoshimi Tanaka'),
(31, ' Carlos Renato dos Santos'),
(32, 'Keila Brito-Silva'),
(33, 'Lara Ximenes Santos'),
(34, ' Adriana Falangola Benjamin Bezerra'),
(35, 'Felipe Proenço de Oliveira'),
(36, 'Ana Maria Costa'),
(37, 'Antonio José Costa Cardoso'),
(38, ' Josélia de Souza Trindade'),
(39, ' Iêda Maria Ávila Vargas Dias'),
(40, 'Oswaldo Gonçalves Junior'),
(41, ' Gustavo Bonin Gava'),
(42, 'Murilo Santos da Silva'),
(43, 'Gabriela Spanghero Lotta '),
(44, 'Maria Cristina Costa Pinto Galvão'),
(45, 'Arilson da Silva Favareto '),
(46, 'Antonio Carlos Lopes'),
(47, 'Indyara Morais'),
(48, 'Dábyla Alkmin'),
(49, ' Jéssica Lopes'),
(50, 'Marina Santos'),
(51, 'Mariane Leonel'),
(52, 'Rodrigo Santos'),
(53, 'Weverton Rosa'),
(54, 'Ana Mendonça'),
(55, 'Maria Sousa'),
(56, 'Luciano Bezerra Gomes'),
(57, ' Emerson Elias Merhy'),
(58, 'Gustavo Diniz Ferreira Gusso'),
(59, 'Ana Paula Cavalcante de Oliveira'),
(60, 'Mariana Gabriel'),
(61, 'Mario Roberto Dal Poz'),
(62, 'Gilles Dussault'),
(63, 'Gabriella Morais Duarte Miranda'),
(64, ' Antonio da Cruz Gouveia Mendes'),
(65, 'Ana Lúcia Andrade da Silva'),
(66, 'Pedro Miguel dos Santos Neto'),
(67, 'Matthew Harris'),
(68, 'Rodrigo Tobias de Sousa Lima'),
(69, 'Tiotrefis Gomes Fernandes'),
(70, 'Felipe dos Santos Costa'),
(71, 'Joyce Mendes de Andrade Schramm'),
(72, 'Julio Cesar Schweickardt'),
(73, 'Alcindo Antonio Ferla'),
(74, 'Eduardo Alves Melo'),
(75, 'Alcides Silva de Miranda'),
(76, 'Diego Azevedo Melo'),
(77, 'Joaquín Molina'),
(78, 'Renato Tasca'),
(79, 'Julio Suárez'),
(80, 'Fernanda de Freitas Mendonça'),
(81, 'Luis Fernando Abucarub de Mattos'),
(82, 'Emmeline Bernardes Duarte de Oliveira'),
(83, 'Carolina Milena Domingos'),
(84, 'Carlos Takeo Okamura'),
(85, 'Brígida Gimenez Carvalho'),
(86, 'Elisabete de Fátima Polo de Almeida Nunes'),
(87, 'Claunara Schilling Mendonça'),
(88, ' Margarita Silva Diercks'),
(89, 'Luciane Kopittke'),
(90, 'Michael Schmidt Duncan'),
(91, 'Leonardo Vieira Targa '),
(92, 'José Emilio Caballero González'),
(93, 'Estela Cristina Luna Morales'),
(94, 'Ariel Delgado Ramos'),
(95, 'Mário Scheffer'),
(96, 'Dominique Doula Ribeiro'),
(97, 'Tatiane Pelegrini'),
(98, 'Cristiana Tristão Rodrigues'),
(99, 'João Paulo Alves Oliveira'),
(100, 'Mauro Niskier Sanchez'),
(101, 'Leonor Maria Pacheco Santos '),
(102, 'Rafael Joaquim Oliveira Silva'),
(103, 'Darcon Saousa'),
(104, 'Alex dos Santos Macedo'),
(105, 'Valderí de Castro Alcântara'),
(106, 'Luís Fernando Silva Andrade'),
(107, 'Patrícia Aparecida Ferreira'),
(108, 'Mario Roberto Rovere'),
(109, 'Lucélia Luiz Pereira'),
(110, 'Leonor Pacheco'),
(111, 'Joaquim José Soares Neto'),
(112, ' Maria Helena Machado'),
(113, 'Cecília Brito Alves'),
(114, 'Bárbara Pinto Andrade de Souza'),
(115, 'Albuquerque Cavalcanti de Paullete'),
(116, 'Priscila Tamar Alves Nogueira'),
(117, 'Adriana Falangola Benjamin Bezerra'),
(118, 'Antonio Flaudiano Bem Leite'),
(119, 'Islândia Maria de Sousa Carvalho'),
(120, 'Rogério Fabiano Gonçalves '),
(121, 'Keila Silene de Brito-Silva'),
(122, 'Ximena Pamela Díaz-Bermúdez'),
(123, 'Helena Eri Shimizu'),
(124, 'Sábado Nicolau Girardi'),
(125, 'Cristiana Leite Carvalho'),
(126, 'Célia Regina Pierantoni'),
(127, 'Juliana de Oliveira Costa'),
(128, 'Ana Cristina de Sousa van Stralen'),
(129, 'Thaís Viana Lauar'),
(130, 'Renata Bernardes David'),
(131, 'Hêider Aurélio Pinto'),
(132, 'José Santos Souza Santana'),
(133, 'Felipe de Oliveira de Souza Santos('),
(134, 'Sidclei Queiroga de Araujo'),
(135, 'Ileana Nicolasa Ferrer Valdes'),
(136, 'Elitiele Ortiz dos Santos'),
(137, 'Ernande Valentin do Prado'),
(138, 'Aimê Oliveira '),
(139, ' Josélia Souza Trindade '),
(140, ' Ivana CHC Barreto '),
(141, 'Poliana Araújo Palmeira'),
(142, ' Felipe OS Santos'),
(143, ' Wallace Santos'),
(144, 'Vanira Matos Pessoa'),
(145, ' Poliana Araújo Palmeira'),
(146, ' Yamila Comes'),
(147, 'Felipe OS Santos'),
(148, 'Wallace Santos'),
(149, ' João Paulo Alves Oliveira'),
(150, 'Pereira LL'),
(151, 'Santos LMP'),
(152, 'Santos W'),
(153, 'Oliveira A'),
(154, 'Ratner D'),
(155, 'Reinaldo Gaspar da Mota'),
(156, 'Nelson Filice Barros'),
(157, ' Ana Maria Costa'),
(158, ' Sábado Nicolau Girardi'),
(159, 'Raquel Abrantes Pêgo'),
(160, 'João Bosco Feitosa dos Santos'),
(161, 'Regina Heloisa Mattei de Oliveira Maciel '),
(162, 'Maria das Graças Guerra Lessa '),
(163, ' Ana Laís Lima Nunes Maia '),
(164, ' Emanoella Pessoa Angelim Guimarães  '),
(165, 'Gilberto Luis Camanho'),
(166, 'Fabio Miranda Junqueira'),
(167, ' Denise Stockmann'),
(168, 'Donavan de Souza Lúcio'),
(169, ' Elaine Henna'),
(170, 'Maria Carolina Pereira da Rocha'),
(171, 'William Augusto da Fonseca'),
(172, 'Luiz Cordoni Junior'),
(173, 'Sônia Cristina Stefano Nicoletto '),
(174, ' Mozart Julio Tabosa Sales'),
(175, ' Regina Brizolara'),
(176, 'Alexandre Medeiros de Figueiredo'),
(177, ' Jerzey Timóteo dos Santos'),
(178, 'Tiago Rodrigues Bento da Silva'),
(179, ' Jennifer do Vale e Silva'),
(180, ' Andrezza Graziella Veríssimo Pontes'),
(181, 'Andrea Taborda Ribas da Cunha'),
(182, 'Josélia de Souza Trindade'),
(183, 'Diego Dewes da Silva'),
(184, 'Ligia Giovanella'),
(185, 'Maria Helena Magalhães de Mendonça'),
(186, 'Marcia Cristina Rodrigues Fausto'),
(187, 'Patty Fidelis de Almeida'),
(188, 'Aylene Bousquat'),
(189, 'Juliana Gagno Lima'),
(190, 'Helena Seidl '),
(191, 'Cassiano Mendes Franco'),
(192, 'Edgard Rodrigues Fusaro'),
(193, 'Sueli Zeferino Ferreira Almeida'),
(194, 'Edgar Merchan Hamann'),
(195, 'Florencia Bargioni'),
(196, 'Loana Ramirez'),
(197, 'Tazio Vanni'),
(198, 'Jerzey Timoteo Ribeiro dos Santos'),
(199, 'Mateus Falcão Martins Matos'),
(200, 'Eliana Goldfarb Cyrino'),
(201, 'Ivana Cristina de Holanda Cunha Barreto'),
(202, 'Carlos André Moura Arruda'),
(203, 'Gustavo Gabriel de O. Villa Real'),
(204, 'Guilherme de Menezes Succi'),
(205, 'Victor Angelo Martins Montalli'),
(206, 'Regina Célia de Menezes Succi         '),
(207, 'Maria Martins Alessio'),
(208, 'Maria Fátima de Sousa'),
(209, 'Clarissa Maria Dubeux Lopes Barros'),
(210, 'Ana Raquel Rosas Torres'),
(211, 'Cicero Roberto Pereira'),
(212, 'Lisiane Bôer Possa'),
(213, 'Renata Flores Trepte'),
(214, 'Ricardo Burg Ceccim'),
(215, 'Luiz Augusto Facchini'),
(216, 'Sandro Rodrigues Batista'),
(217, 'Aluísio Gomes da Silva Jr'),
(218, ' Lígia Giovanella'),
(219, 'Gastão Wagner de Sousa Campos'),
(220, 'Nilton Pereira Júnior'),
(221, 'Ana Luiza de Oliveira e Oliveira'),
(222, 'George Dantas de Azevedo'),
(223, 'Marcelo dos Santos'),
(224, 'César Augusto Trinta Weber'),
(225, 'Ana Valeria Machado Mendonça'),
(226, 'Maria Angélica Breda Fontão'),
(227, 'Éverton Luís Pereira'),
(228, 'Rita de Cássia Gabrielli Souza Lima '),
(229, 'Denis William Gripa'),
(230, 'Elisete Navas Sanches Prospero'),
(231, 'Marco Aurélio da Ros'),
(232, 'Moysés Martins Tosta Storti'),
(233, 'Aline Lima Xavier'),
(234, 'Fernando Ferreira Carneiro'),
(235, 'Elaine Thumé'),
(236, 'Louriele Soares Wachs'),
(237, 'Mariangela Uhlmann Soares'),
(238, 'Marcia Regina Cubas'),
(239, 'Maria Elizabeth Gastal Fassa'),
(240, 'Elaine Tomasi'),
(241, 'Anaclaudia Gastal Fassa'),
(242, 'Cássia de Andrade Araújo'),
(243, 'Fernando Canto Michelotti'),
(244, 'Tuanny Karen Souza Ramos'),
(245, 'Mateus Aparecido de FariaI'),
(246, 'Douglas Marcos Pereira de Paula'),
(247, 'Cristianne Maria Famer Rocha'),
(248, 'Erika Rodrigues de Almeida'),
(249, 'Adriano Ferreira Martins'),
(250, 'Harineide Madeira Macedo'),
(251, 'Rodrigo Chávez Penha'),
(252, 'Mateus Aparecido de Faria  '),
(253, ' Nanda Isele Gallas Duarte'),
(254, ' Vania Roseli Correa de Mello'),
(255, 'Lilian Soares Vidal Terra'),
(256, 'Fabiano Tonaco Borges'),
(257, 'Maria Lidola'),
(258, 'Silvia S. Hernández'),
(259, 'Juan Ignacio Martínez Millán'),
(260, 'Gastão Wagner de Sousa Campos '),
(261, 'Catharina Matos Soares'),
(262, 'Mayara Santana de Freitas'),
(263, ' Carmen Fontes Teixeira'),
(264, ' Jairnilson Silva Paim'),
(265, 'Vinicius Gomes de Oliveira'),
(266, 'Fernanda Navarini Queiroz'),
(267, 'Bruno Pereira Araújo'),
(268, 'Cássio Marques Menezes Silva'),
(269, 'Flávio Dias Silva'),
(270, 'Ana Luiza Krüger Dias'),
(271, 'Joana Plaza Pinto'),
(272, 'Jorge Tarcísio da Rocha Falcão'),
(273, 'Marie Baraud'),
(274, 'Nadja Acioly-Régnier'),
(275, 'Isabel Craveiro'),
(276, 'Heloísa Germany'),
(277, 'Luciano Bedin da Costa'),
(278, 'Flavia Liberman'),
(279, 'Henrique Caetano Nardi'),
(280, 'Natalia Madureira Ferreira'),
(281, 'Gustavo Tenorio Cunha'),
(282, 'Heletícia Scabelo Galavote'),
(283, 'Túlio Batista Franco'),
(284, 'Paula de Souza Silva Freitas'),
(285, 'Eliane de Fátima Almeida Lima'),
(286, 'Ana Cláudia Pinheiro Garcia'),
(287, 'Maria Angélica Carvalho Andrade'),
(288, 'Rita de Cássia Duarte Lima'),
(289, 'Paulo Henrique de Almeida Rodrigues'),
(290, ' Márcia Silveira Ney'),
(291, 'Carlos Henrique Assunção Paiva'),
(292, 'Luciana Maria Borges da Matta Souza '),
(293, 'Matheus Michel'),
(294, 'Bruna Pontes da Silva'),
(295, 'Patrícia Villen'),
(296, 'David Ramos da Silva Rios'),
(297, 'Carmen Teixeira'),
(298, 'Rebeca Amorim de Jesus'),
(299, 'Maria Guadalupe Medina'),
(300, 'Nília Maria de Brito Lima Prado'),
(301, 'Juliano de Carvalho Lima'),
(302, 'Emerson Elias Merhy      '),
(303, 'Joana Natalia Cella'),
(304, 'Lucas Wan Der Maas'),
(305, 'Erick de Oliveira Faria'),
(306, 'José Medeiros do Nascimento Filho'),
(307, 'Nadja de Sá Pinto Dantas Rocha'),
(308, 'José Rodrigues Freire Filho'),
(309, 'Marcelo Viana da Costa'),
(310, 'Carinne Magnago'),
(311, 'Aldaísa Cassanho Forster'),
(312, 'João Roberto Muzzi de Morais'),
(313, 'Andréia Ramos Budaruiche'),
(314, 'Gustavo Costa de Souza'),
(315, 'Marcos Paulo de Oliveira Corrêa'),
(316, 'Vinício Oliveira da Silva'),
(317, 'Catharina Leite Matos Soares'),
(318, 'Isabela Cardoso de Matos Pinto'),
(319, 'Hudson Silva'),
(320, 'Priscila Baia'),
(321, 'Tatiana Breder Emerich'),
(322, 'Aline Guio Cavaca'),
(323, 'Adauto Emmerich Oliveira'),
(324, 'Edgard Rebouças'),
(325, 'Liara Saldanha Brites'),
(326, 'Angela Maria Grando Machado'),
(327, 'Claiton Agnaldo Ribeiro Santos'),
(328, 'Neuza de Freitas Raupp Cechinel'),
(329, 'Rossana dos Santos Rocha Mativi'),
(330, 'Deise Warmling'),
(331, 'Julia Estela Willrich Boell'),
(332, ' Veridiana Tavares Costa'),
(333, 'Girlane Mayara Peres'),
(334, 'Sabrina Blasius Faust'),
(335, 'Carolina Carvalho Bolsoni'),
(336, ' Sheila Rubia Lindner'),
(337, ' Elza Berger Salema Coelho'),
(338, 'Vânia Barroso Carneiro'),
(339, 'Camila Rosângela Maciel Maia'),
(340, 'Edson Marcos Leal Soares Ramos'),
(341, 'Socorro Castelo-Branco'),
(342, 'Allan Claudius Queiroz Barbosa'),
(343, 'Pedro Vasconcelos Amaral'),
(344, 'Gabriel Vivas Francesconi'),
(345, 'Carlos Rosales'),
(346, 'Núbia Cristina da Silva'),
(347, ' Juliana Goulart  Nascimento Soares'),
(348, 'Thiago Augusto Hernandes Rocha'),
(349, 'Milena Rodrigues Agostinho Rech'),
(350, ' Lisiane Hauser'),
(351, 'Lucas Wollmann'),
(352, 'Rudi Roman'),
(353, 'Sotero Serrate Mengue'),
(354, 'Alexandre de Souza Ramos Florencio'),
(355, 'Gerardo Alfaro'),
(356, 'Maíra Catharina Ramos'),
(357, 'Davide Rasella'),
(358, 'José Jeová Mourão Netto'),
(359, 'Antonia Regynara Moreira Rodrigues'),
(360, 'Otávia Cassimiro Aragão'),
(361, 'Natália Frota Goyanna'),
(362, 'Ana Egliny Sabino Cavalcante'),
(363, 'Maria Aparecida Sousa Vasconcelos'),
(364, 'Janice D’Ávila Rodrigues Mendes'),
(365, 'Antonio Edie Brito Mourão'),
(366, 'José Antônio Chehuen Neto'),
(367, 'Isadora Figueiredo Vieira'),
(368, 'Larissa Baccoli de Souza'),
(369, 'Kátia Rocha Paulino'),
(370, 'Louise Lorraine Santos'),
(371, 'Haylla Haramoto'),
(372, 'Renato Erothildes Ferreira'),
(373, 'Álex Moreira Herval'),
(374, 'Elisa Toffoli Rodrigues'),
(375, 'Maria Áurea Catarina Passos Lopes'),
(376, 'Maria Juliana Moreira da Costa'),
(377, 'Rafaela Pessoa Santana'),
(378, 'Cleoneide Oliveira Pinheiro'),
(379, 'Hilton P. Silva'),
(380, 'Roseane Bittencourt Tavares'),
(381, 'Edgar Merchan-Hamann'),
(382, 'Ximena Pamela Bermúdez'),
(383, 'Amanda Massi Soares'),
(384, 'Juarez Pereira Furtado'),
(385, 'Rafael Gustavo de Liz'),
(386, 'Janaina Pontes Cerqueira'),
(387, 'Sandra Mara Campos Alves'),
(388, 'Bráulio Érison França dos Santos'),
(389, 'Iuri Silva Sena'),
(390, 'Caroline Pires Alves'),
(391, 'Nardiel Alves Batista'),
(392, 'Maira Tiyomi Sacata Tongu Nazima'),
(393, 'Leila do Socorro da Silva Moraes'),
(394, 'Ana Caroline Pereira Martins'),
(395, 'Paulo Afrânio Sant’anna'),
(396, 'Jucimere Fagundes Durães Rocha'),
(397, 'Maria Aparecida Vieira'),
(398, 'Mariele Pena de Couto'),
(399, 'Eneida Desiree Salgado'),
(400, 'Alexsandro Eugenio Pereira'),
(401, 'Vinícius Pena de Alencar'),
(402, 'Maria Sortênia Alves Guimarães'),
(403, 'Talita Buttarello Mucari'),
(404, 'Odete Messa Torres'),
(405, 'Priscilla Azevedo Souza'),
(406, 'Francisco Arsego de Oliveira'),
(407, 'Raphael Augusto Teixeira de Aguiar'),
(408, 'Jullien Dábini Lacerda de Almeida'),
(409, 'Graciela Soares Fonsêca'),
(410, 'João Victor Garcia de Souza'),
(411, 'José Ivo dos Santos Pedrosa'),
(412, 'Annabelle de Fátima Modesto Vargas'),
(413, 'Diogo de Souza Vargas'),
(414, 'Mauro Macedo Campos'),
(415, 'Rodrigo da Costa Caetano'),
(416, 'Diego Menger Cezar'),
(417, 'Adriana Aparecida Paz'),
(418, 'Márcia Rosa da Costa'),
(419, 'Maria Eugênia Bresolin Pinto'),
(420, 'Cleidilene Ramos Magalhães'),
(421, 'Bruno Luciano Carneiro Alves de Oliveira'),
(422, 'Sara Fiterman Lima'),
(423, 'Marina Uchoa Lopes Pereira'),
(424, 'Gerson Alves Pereira Júnior'),
(425, 'Aristides Vitorino de Oliveira Neto'),
(426, 'Vinícius Ximenes Muricy da Rocha'),
(427, 'Lyane Ramalho Cortez'),
(428, 'Eliana Costa Guerra'),
(429, 'Natércia Janine Dantas da Silveira'),
(430, 'Luiz Roberto Augusto Noro'),
(431, 'José Carlos da Silva'),
(432, 'Danyella da Silva Barrêto'),
(433, 'Alexandre José de Melo Neto'),
(434, 'Juliana Sampaio'),
(435, 'Ricardo de Sousa Soares'),
(436, 'Rosemarie Andreazza'),
(437, 'Renato Janine Ribeiro'),
(438, 'Maria Rosa Loula'),
(439, 'Ademar Arthur Chioro dos Reis'),
(440, 'Louriele Wachs'),
(441, 'Leonardo Pozza dos Santos'),
(442, 'Thomas Hone'),
(443, 'Luis Eugenio de Souza'),
(444, 'Sanjay Basu'),
(445, 'Christopher Millett');

-- --------------------------------------------------------

--
-- Estrutura para tabela `Coordenador`
--

CREATE TABLE IF NOT EXISTS `Coordenador` (
  `CodCoordenador` int(11) NOT NULL,
  `NomeCoordenador` varchar(200) NOT NULL
) ENGINE=InnoDB DEFAULT CHARSET=utf8;

--
-- Fazendo dump de dados para tabela `Coordenador`
--

INSERT INTO `Coordenador` (`CodCoordenador`, `NomeCoordenador`) VALUES
(1, 'Matheus'),
(2, 'Yamila Comes'),
(3, ' Josélia de Souza Trindade'),
(4, ' Helena Eri Shimizu'),
(5, ' Edgar Merchan Hamann'),
(6, ' Florencia Bargioni'),
(7, ' Loana Ramirez'),
(8, ' Mauro Niskier Sanchez'),
(9, ' Leonor Maria Pacheco Santos'),
(10, 'Yamila Comes'),
(11, ' Josélia de Souza Trindade'),
(12, ' Helena Eri Shimizu'),
(13, ' Edgar Merchan Hamann'),
(14, ' Florencia Bargioni'),
(15, ' Loana Ramirez'),
(16, ' Mauro Niskier Sanchez'),
(17, ' Leonor Maria Pacheco Santos'),
(19, ' Josélia de Souza Trindade'),
(20, ' Vanira Matos Pessoa'),
(21, ' Ivana Cristina de Holanda Cunha Barreto'),
(22, ' Helena Eri Shimizu'),
(23, ' Diego Dewes'),
(24, ' Carlos André Moura Arruda'),
(25, ' Leonor Maria Pacheco Santos');

-- --------------------------------------------------------

--
-- Estrutura para tabela `Instituicao`
--

CREATE TABLE IF NOT EXISTS `Instituicao` (
  `CodInstituicao` int(11) NOT NULL,
  `NomeInstituicao` varchar(200) NOT NULL,
  `SiglaInstituicao` varchar(20) DEFAULT NULL,
  `CodUF` int(11) DEFAULT NULL
) ENGINE=InnoDB DEFAULT CHARSET=utf8;

--
-- Fazendo dump de dados para tabela `Instituicao`
--

INSERT INTO `Instituicao` (`CodInstituicao`, `NomeInstituicao`, `SiglaInstituicao`, `CodUF`) VALUES
(1, 'Universidade Federal De Mato Grosso', 'UFMT', 51),
(2, 'Universidade De Brasília', 'UNB', 53),
(3, 'Universidade Federal De Sergipe', 'UFS', 28),
(4, 'Universidade Federal Do Amazonas', 'UFAM', 13),
(5, 'Universidade Federal Do Piauí', 'UFPI', 22),
(6, 'Universidade Federal De Ouro Preto', 'UFOP', 31),
(7, 'Universidade Federal De São Carlos', 'UFSCAR', 35),
(8, 'Universidade Federal De Viçosa', 'UFV', 31),
(9, 'Universidade Estadual De Londrina', 'UEL', 41),
(10, 'Pontifícia Universidade Católica Do Paraná', 'PUCPR', 41),
(11, 'Universidade Católica De Pernambuco', 'UNICAP', 26),
(12, 'Universidade Federal Do Rio Grande', 'FURG', 43),
(13, 'Universidade De Caxias Do Sul', 'UCS', 43),
(14, 'Universidade Do Vale Do Rio Dos Sinos', 'UNISINOS', 43),
(15, 'Universidade Católica De Petrópolis', 'UCP', 33),
(16, 'Universidade Gama Filho', 'UGF', 33),
(17, 'Universidade Federal De Uberlândia', 'UFU', 31),
(18, 'Universidade Católica De Pelotas', 'UCPEL', 43),
(19, 'Pontifícia Universidade Católica De Campinas', 'PUC-CAMPINAS', 35),
(20, 'Universidade De Passo Fundo', 'UPF', 43),
(21, 'Pontifícia Universidade Católica Do Rio Grande Do Sul', 'PUCRS', 43),
(22, 'Universidade Presbiteriana Mackenzie', 'MACKENZIE', 35),
(23, 'Universidade Feevale', 'FEEVALE', 43),
(24, 'Universidade Estadual De Santa Cruz', 'UESC', 29),
(26, 'Escola Nacional De Ciências Estatísticas', 'ENCE', 33),
(27, 'Universidade Vale Do Rio Verde', 'UNINCOR', 31),
(29, 'Universidade Estadual Do Ceará', 'UECE', 23),
(30, 'Universidade José Do Rosário Vellano', 'UNIFENAS', 31),
(31, 'Centro De Educação Técnica Da Utramig', 'UTRAMIG', 31),
(32, 'Universidade Estadual De Ciências Da Saúde De Alagoas - Uncisal', 'UNCISAL', 27),
(33, 'Faculdade De Tecnologia De Sorocaba', 'FATEC SO', 35),
(34, 'Faculdade De Tecnologia De São Paulo', 'FATEC-SP', 35),
(35, 'Faculdade De Tecnologia De Americana', 'FATEC-AM', 35),
(36, 'Faculdade De Tecnologia Rubens Lara', 'FATEC-BS', 35),
(37, 'Faculdade De Tecnologia De Jahu', 'FATEC-JAHU', 35),
(38, 'Universidade Do Estado Do Pará', 'UEPA', 15),
(40, 'Universidade Do Estado Da Bahia', 'UNEB', 29),
(43, 'Fundação Universidade Do Estado De Santa Catarina', 'UDESC', 42),
(46, 'Faculdade Estadual De Ciências Econômicas De Apucarana', 'FECEA', 41),
(47, 'Universidade Estadual De Goiás', 'UEG', 52),
(54, 'Universidade Estadual De Campinas', 'UNICAMP', 35),
(55, 'Universidade De São Paulo', 'USP', 35),
(56, 'Universidade Estadual Paulista Júlio De Mesquita Filho', 'UNESP', 35),
(57, 'Universidade Estadual De Maringá', 'UEM', 41),
(58, 'Faculdade De Direito De São Bernardo Do Campo', 'FDSBC', 35),
(59, 'Faculdade De Direito De Franca', 'FDF', 35),
(60, 'Centro Universitário De Franca', 'UNI-FACEF', 35),
(67, 'Escola De Engenharia De Piracicaba', 'EEP/FUMEP', 35),
(68, 'Faculdade De Filosofia Ciências E Letras De Penápolis', 'FAFIPE', 35),
(71, 'Universidade Do Estado Do Rio Grande Do Norte', 'UERN', 24),
(72, 'Faculdade De Formação De Professores Da Mata Sul', 'FAMASUL', 26),
(73, 'Centro De Ensino Superior De Arcoverde', 'CESA', 26),
(74, 'Faculdade De Filosofia Ciências E Letras De São José Do Rio Pardo', 'FFCL', 35),
(75, 'Faculdade Estadual De Educação Ciências E Letras De Paranavaí', 'FAFIPA', 41),
(76, 'Universidade Regional De Blumenau', 'FURB', 42),
(77, 'Faculdade Da Região Dos Lagos', 'FERLAGOS', 33),
(78, 'Faculdade De Filosofia Ciências E Letras De Alegre', 'FAFIA', 32),
(79, 'Instituto Municipal De Ensino Superior De Catanduva', 'IMES CATANDUVA', 35),
(80, 'Centro Universitário Para O Desenvolvimento Do Alto Vale Do Itajaí', 'UNIDAVI', 42),
(81, 'Universidade Da Região De Joinville', 'UNIVILLE', 42),
(82, 'Universidade Do Oeste De Santa Catarina', 'UNOESC', 42),
(83, 'Universidade Do Vale Do Itajaí', 'UNIVALI', 42),
(84, 'Faculdade De Filosofia Ciências E Letras De Macaé', 'FAFIMA', 33),
(87, 'Centro Universitário De Brusque', 'UNIFEBE', 42),
(88, 'Faculdade De Formação De Professores De Penedo', 'FFPP', 27),
(93, 'Faculdade De Medicina De Jundiaí', 'FMJ', 35),
(94, 'Escola Superior De Educação Física De Jundiaí', 'ESEFJ', 35),
(95, 'Universidade Estadual Do Vale Do Acaraú', 'UVA', 23),
(99, 'Faculdade De Direito De Conselheiro Lafaiete', 'FDCL', 31),
(107, 'Universidade Federal De São João Del Rei', 'UFSJ', 31),
(109, 'Faculdades Integradas Rui Barbosa', 'FIRB', 35),
(124, 'Centro Universitário De Araraquara', 'UNIARA', 35),
(125, 'Centro Universitário De Araras -', 'UNAR', 35),
(126, 'Instituto Nacional De Telecomunicações', 'INATEL', 31),
(131, 'Faculdade De Educação Física De Barra Bonita', 'FAEFI', 35),
(135, 'Centro Universitário Claretiano', 'CEUCLAR', 35),
(137, 'Universidade Do Sagrado Coração', 'USC', 35),
(138, 'Centro Universitário Barão De Mauá', 'CBM', 35),
(139, 'Faculdade De Ciências Econômicas Do Triângulo Mineiro', 'FCETM', 31),
(140, 'Universidade Severino Sombra', 'USS', 33),
(141, 'Faculdade De Direito De Varginha - Fadiva', 'FADIVA', 31),
(142, 'Centro Universitário Do Triângulo', 'UNITRI', 31),
(143, 'Universidade De Uberaba', 'UNIUBE', 31),
(144, 'Faculdade De Ciências Humanas De Olinda', 'FACHO', 26),
(145, 'Faculdade De Ciências Humanas E Sociais', 'FCHS', 33),
(146, 'Centro Universitário De Rio Preto', 'UNIRP', 35),
(149, 'Faculdade De Medicina De São José Do Rio Preto', 'FAMERP', 35),
(150, 'Universidade De Sorocaba', 'UNISO', 35),
(151, 'Escola De Administração De Empresas De São Paulo', 'FGV-EAESP', 35),
(152, 'Faculdade De Ciências Contábeis', 'FACIC', 29),
(158, 'Conservatório Brasileiro De Música - Centro Universitário', 'CBM/CEU', 33),
(159, 'Faculdade De Filosofia Ciências E Letras De Caruaru', 'FAFICA', 26),
(160, 'Faculdade Frassinetti Do Recife', 'FAFIRE', 26),
(161, 'Centro Universitário Assunção', 'UNIFAI', 35),
(162, 'Centro Universitário Belas Artes De São Paulo', 'FEBASP', 35),
(163, 'Universidade Estácio De Sá', 'UNESA', 33),
(165, 'Universidade Veiga De Almeida', 'UVA', 33),
(166, 'Fai - Centro De Ensino Superior Em Gestão, Tecnologia E Educação', NULL, 31),
(167, 'Universidade Metodista De São Paulo', 'UMESP', 35),
(170, 'Faculdades Da Fundação De Ensino De Mococa', 'FAFEM', 35),
(171, 'Faculdade De Direito Do Sul De Minas', 'FDSM', 31),
(176, 'Universidade Castelo Branco', 'UCB', 33),
(190, 'Escola De Medicina Souza Marques Da Fundação Técnico-educacional Souza Marques', 'EMSM', 33),
(191, 'Faculdade De Ciências Contábeis E De Administração De Empresas', 'FCCAE', 33),
(192, 'Faculdade De Filosofia Ciências E Letras Souza Marques', 'FFCLSM', 33),
(193, 'Faculdade De Engenharia Souza Marques', 'FESM', 33),
(194, 'Escola De Enfermagem Da Fundação Técnico Educacional Souza Marques', 'EEFTESM', 33),
(195, 'Faculdade Moraes Júnior - Mackenzie Rio', 'FMJ - MACKENZIE RIO', 33),
(197, 'Faculdade De Educação Superior Do Paraná', 'FESPRR', 41),
(198, 'Centro Universitário Da Cidade', 'UNIVERCIDADE', 33),
(200, 'Faculdade Cásper Líbero', 'FCL', 35),
(201, 'Faculdade Brasileira De Ciências Jurídicas', 'FBCJ', 33),
(202, 'Faculdade De Economia E Finanças Do Rio De Janeiro', 'FEFRJ', 33),
(203, 'Universidade São Judas Tadeu', 'USJT', 35),
(206, 'Centro Universitário Ítalo-brasileiro', 'UNIÍTALO', 35),
(207, 'Centro Universitário Moura Lacerda', 'CUML', 35),
(208, 'Universidade De Ribeirão Preto', 'UNAERP', 35),
(213, 'Centro Universitário Fecap', 'FECAP', 35),
(214, 'Faculdade De Engenharia De Minas Gerais - Feamig', 'FEAMIG', 31),
(215, 'Universidade Do Grande Abc', 'UNIABC', 35),
(216, 'Centro Universitário Metodista Izabela Hendrix', 'IMIH', 31),
(217, 'Centro Universitário Das Faculdades Associadas De Ensino - Fae', 'UNIFAE', 35),
(219, 'Faculdade De Educação Ciências E Artes Dom Bosco De Monte Aprazível', 'FAECA DOM BOSCO', 35),
(220, 'Faculdade São Judas Tadeu', 'FSJT', 33),
(221, 'Universidade Cruzeiro Do Sul', 'UNICSUL', 35),
(222, 'Centro Universitário De Votuporanga', 'UNIFEV', 35),
(224, 'Faculdade De Medicina Do Abc', 'FMABC', 35),
(225, 'Instituto De Ensino Superior Santo André', 'IESA', 35),
(226, 'Centro Universitário Lusíada', 'UNILUS', 35),
(227, 'Universidade Católica De Santos', 'UNISANTOS', 35),
(231, 'Faculdade De São Bernardo Do Campo - Fasb', 'FASB I', 35),
(234, 'Faculdades Oswaldo Cruz', 'FOC', 35),
(240, 'Universidade Santa Úrsula', 'USU', 33),
(242, 'Centro Universitário Anhanguera', 'UNIA', 35),
(243, 'Faculdade Do Clube Náutico Mogiano', 'FCNM', 35),
(244, 'Centro Universitário Fieo', 'UNIFIEO', 35),
(254, 'Centro Universitário Capital', 'UNICAPITAL', 35),
(255, 'Faculdade De Engenharia E Agrimensura De Pirassununga - Feap', 'FEAP', 35),
(256, 'Faculdade De Filosofia, Ciências E Letras De Piraju', 'FAFIP', 35),
(263, 'Faculdades Integradas Campos Salles', 'FICS', 35),
(265, 'Faculdades Integradas De Ourinhos', 'FIO', 35),
(266, 'Universidade Metodista De Piracicaba', 'UNIMEP', 35),
(267, 'Faculdades Integradas Espírito Santenses', 'FAESA I', 32),
(268, 'Faculdade De Direito Da Alta Paulista', 'FADAP', 35),
(269, 'Faculdade Faccat', 'FACCAT', 35),
(270, 'Faculdades Esefap', NULL, 35),
(271, 'Universidade Do Oeste Paulista', 'UNOESTE', 35),
(275, 'Universidade Do Vale Do Paraíba', 'UNIVAP', 35),
(276, 'Faculdade De Direito De Sorocaba', 'FADI', 35),
(277, 'Centro Universitário Augusto Motta', 'UNISUAM', 33),
(278, 'Faculdades Integradas Simonsen', 'FIS', 33),
(279, 'Faculdades Integradas Hélio Alonso', 'FACHA', 33),
(284, 'Faculdade De Medicina De Itajubá', 'FMIT', 31),
(288, 'Faculdade De Direito Do Vale Do Rio Doce', 'FADIVALE', 31),
(294, 'Faculdade Três De Maio', 'SETREM', 43),
(295, 'Universidade De Santa Cruz Do Sul', 'UNISC', 43),
(296, 'Universidade Da Região Da Campanha', 'URCAMP', 43),
(298, 'Universidade Norte Do Paraná', 'UNOPAR', 41),
(299, 'Faculdade De Jandaia Do Sul', 'FAFIJAN', 41),
(302, 'Faculdade De Ciências Econômicas, Administrativas E Contábeis De Divinópolis', 'FACED', 31),
(307, 'Faculdade De Medicina De Barbacena', 'FAME', 31),
(308, 'Universidade Presidente Antônio Carlos', 'UNIPAC', 31),
(316, 'Universidade Nove De Julho', 'UNINOVE', 35),
(319, 'Universidade Camilo Castelo Branco', 'UNICASTELO', 35),
(322, 'Universidade Paulista', 'UNIP', 35),
(330, 'Universidade Iguaçu', 'UNIG', 33),
(336, 'Faculdade Machado Sobrinho', 'FMS', 31),
(337, 'Centro De Ensino Superior De Juiz De Fora', 'CES/JF', 31),
(338, 'Pontifícia Universidade Católica De Minas Gerais', 'PUC MINAS', 31),
(339, 'Faculdade Santa Emília De Rodat', 'FASER', 25),
(343, 'Centro Universitário Newton Paiva', 'NEWTON PAIVA', 31),
(344, 'Centro Universitário Una', 'UNA', 31),
(345, 'Escola De Engenharia Kennedy', 'EEK', 31),
(346, 'Instituto Superior De Ciências Aplicadas - Isca', 'ISCA', 35),
(349, 'Centro Universitário De Belo Horizonte', 'UNI-BH', 31),
(351, 'Faculdade De Ciências Médicas De Minas Gerais', 'FCMMG', 31),
(352, 'Centro Universitário De João Pessoa', 'UNIPÊ', 25),
(353, 'Faculdade Evangélica Do Paraná', 'FEPAR', 41),
(355, 'Universidade Tuiuti Do Paraná', 'UTP', 41),
(360, 'Centro Universitário Paulistano', 'UNIPAULISTANA', 35),
(361, 'Faculdade Paulista De Serviço Social De São Caetano Do Sul', 'FAPSS-SCS', 35),
(362, 'Faculdade Paulista De Serviço Social', 'FAPSS-SP.', 35),
(363, 'Faculdade Mozarteum De São Paulo', 'FAMOSP', 35),
(364, 'Faculdade De Ciências Contábeis De Ponte Nova', 'FACE', 31),
(367, 'Universidade Estadual De Montes Claros', 'UNIMONTES', 31),
(368, 'Faculdade De Educação Física Da Associação Cristã De Moços De Sorocaba', 'FEFISO', 35),
(370, 'Faculdade Paulista De Artes', 'FPA', 35),
(371, 'Faculdade De Música Carlos Gomes', 'FMCG', 35),
(372, 'Faculdade De Biblioteconomia E Ciência Da Informação', 'FABCI', 35),
(373, 'Escola De Sociologia E Política De São Paulo', 'ESP', 35),
(374, 'Centro Universitário Das Faculdades Metropolitanas Unidas', 'FMU', 35),
(375, 'Universidade De Santo Amaro', 'UNISA', 35),
(376, 'Centro Universitário Anhanguera De São Paulo', NULL, 35),
(383, 'Universidade Da Amazônia', 'UNAMA', 15),
(384, 'Centro Universitário De Anápolis', 'UNIEVANGÉLICA', 52),
(385, 'Universidade Salvador', 'UNIFACS', 29),
(386, 'Centro Universitário De Goiás', 'UNI-ANHANGÜERA', 52),
(387, 'Universidade Católica Dom Bosco', 'UCDB', 50),
(395, 'Faculdade De Ciências Contábeis De Lucélia', 'CEALPA', 35),
(396, 'Faculdade Ruy Barbosa', 'FRBA', 29),
(398, 'Universidade Tiradentes', 'UNIT', 28),
(399, 'Escola De Engenharia De Agrimensura', 'EEA', 29),
(402, 'Centro Universitário De Brasília', 'UNICEUB', 53),
(403, 'Universidade Católica De Brasília', 'UCB', 53),
(404, 'Faculdades Integradas Da Upis', 'UPIS', 53),
(405, 'Focca - Faculdade De Olinda', 'FOCCA', 26),
(408, 'Escola Superior De Relações Públicas', 'ESURP', 26),
(409, 'Universidade De Pernambuco', 'UPE', 26),
(410, 'Faculdade De Ciências Humanas Esuda', 'FCHE', 26),
(415, 'Faculdade De Ciências Médicas Da Santa Casa São Paulo', 'FCMSCSP', 35),
(416, 'Faculdade De São Paulo', 'FATEMA', 35),
(417, 'Universidade Cidade De São Paulo', NULL, 35),
(420, 'Universidade De Marília', 'UNIMAR', 35),
(421, 'Faculdade Estadual De Ciências E Letras De Campo Mourão', 'FECILCAM', 41),
(423, 'Universidade Regional Integrada Do Alto Uruguai E Das Missões', 'URI', 43),
(426, 'Centro Universitário Franciscano', 'UNIFRA', 43),
(430, 'Centro Universitário Filadélfia', 'UNIFIL', 41),
(431, 'Faculdade De Medicina De Marília', 'FAMEMA', 35),
(432, 'Faculdade Paranaense', 'FACCAR', 41),
(434, 'Faculdade Santa Marcelina', 'FASM', 35),
(435, 'Faculdade De Filosofia Ciências E Letras Santa Marcelina', 'FAFISM', 31),
(437, 'Universidade Paranaense', 'UNIPAR', 41),
(438, 'Faculdade De Filosofia Ciências E Letras De Ituverava', 'FFCL', 35),
(439, 'Faculdade Doutor Francisco Maeda', 'FAFRAM', 35),
(440, 'Faculdade De Direito De Itú', 'FADITU', 35),
(441, 'Universidade Do Contestado', 'UNC', 42),
(446, 'Universidade De Cruz Alta', 'UNICRUZ', 43),
(448, 'Centro Universitário Ritter Dos Reis', 'UNIRITTER', 43),
(449, 'Universidade Luterana Do Brasil', 'ULBRA', 43),
(450, 'Centro Universitário Luterano De Ji-paraná', 'CEULJI/ULBRA', 11),
(451, 'Centro Universitário Luterano De Santarém', 'CEULS', 15),
(452, 'Centro Universitário Luterano De Manaus', 'CEULM/ULBRA', 13),
(453, 'Centro Universitário Luterano De Palmas', 'CEULP', 17),
(454, 'Faculdade Camaqüense De Ciências Contábeis E Administrativas', 'FACCCA', 43),
(455, 'Faculdade De Formação De Professores E Especialistas De Educação', 'FAFOPEE', 43),
(456, 'Centro Universitário Sant´anna', 'UNISANT''ANNA', 35),
(457, 'Universidade Bandeirante De São Paulo', 'UNIBAN', 35),
(458, 'Universidade Ibirapuera', 'UNIB', 35),
(460, 'Faculdade De Artes Plásticas Da Fundação Armando Alvares Penteado', 'FAAP', 35),
(461, 'Faculdade De Administração Da Fundação Armando Alvares Penteado', 'FAE-FAAP', 35),
(462, 'Faculdade De Engenharia Da Fundação Armando Alvares Penteado', 'FEFAAP', 35),
(463, 'Faculdade De Comunicação E Marketing Da - Fundação Armando Álvares Penteado', 'FACOM-FAAP', 35),
(464, 'Faculdade De Economia Da Fundação Armando Alvares Penteado', 'FEC-FAAP', 35),
(465, 'Faculdade De Computação E Informática Da Fundação Armando Alvares Penteado', 'FCI-FAAP', 35),
(466, 'Universidade Anhembi Morumbi', 'UAM', 35),
(467, 'Faculdade De Ciências Contábeis De Itapetininga', 'FCCI', 35),
(468, 'Faculdade De Filosofia, Ciências E Letras De Itapetininga', 'FFCLI', 35),
(472, 'Universidade Do Grande Rio Professor José De Souza Herdy', 'UNIGRANRIO', 33),
(473, 'Faculdade De Ciências Econômicas, Administrativas E Da Computação Dom Bosco', 'FCEACDB', 33),
(474, 'Faculdade De Filosofia Ciências E Letras Dom Bosco', 'FFCLDB', 33),
(475, 'Faculdade De Medicina De Petrópolis', 'FMP', 33),
(480, 'Centro Universitário Serra Dos Órgãos', 'UNIFESO', 33),
(481, 'Universidade Guarulhos', 'UNG', 35),
(482, 'Universidade Do Extremo Sul Catarinense', 'UNESC', 42),
(483, 'Centro Universitário Metropolitano De São Paulo', 'UNIMESP', 35),
(489, 'Centro Universitário De Volta Redonda', 'UNIFOA', 33),
(490, 'Centro De Ensino Superior De Valença', 'CESVA', 33),
(491, 'Faculdade De Educação Ciências E Letras Don Domênico', 'FECLE', 35),
(492, 'Faculdade De Administração Ciências Econ E Contábeis De Guaratinguetá', 'FACEAG', 35),
(493, 'Faculdade De Educação De Guaratinguetá', 'FACEG', 35),
(494, 'Universidade Do Sul De Santa Catarina', 'UNISUL', 42),
(495, 'Faculdade De Ciências E Letras De Bragança Paulista', 'FESB', 35),
(496, 'Universidade De Franca', 'UNIFRAN', 35),
(501, 'Escola Superior De Ciências Da Santa Casa De Misericórdia De Vitória', 'EMESCAM', 32),
(502, 'Centro Universitário Monte Serrat', 'UNIMONTE', 35),
(506, 'Faculdade De Medicina De Campos', 'FMC', 33),
(507, 'Faculdade Triângulo Mineiro', 'FTM', 31),
(508, 'Faculdade De Ciências Sociais Aplicadas Do Sul De Minas - Facesm', 'FACESM', 31),
(509, 'Faculdades Integradas De Cruzeiro', 'FIC', 35),
(510, 'Escola De Enfermagem Wenceslau Braz', 'EEWB', 31),
(513, 'Universidade Vale Do Rio Doce', 'UNIVALE', 31),
(514, 'Centro Universitário De Barra Mansa', 'UBM', 33),
(515, 'Centro Universitário Plínio Leite', 'UNIPLI', 33),
(516, 'Centro Universitário Moacyr Sreder Bastos', 'UNIMSB', 33),
(517, 'Faculdade De Educação São Luís', 'FESL', 35),
(518, 'Centro Universitário Do Distrito Federal', 'UDF', 53),
(519, 'Universidade Católica Do Salvador', 'UCSAL', 29),
(521, 'Universidade De Mogi Das Cruzes', 'UMC', 35),
(522, 'Centro Universitário Celso Lisboa', 'UCL', 33),
(526, 'Universidade Braz Cubas', 'UBC', 35),
(527, 'Pontifícia Universidade Católica De Goiás', 'PUC GOIÁS', 52),
(528, 'Pontifícia Universidade Católica Do Rio De Janeiro', 'PUC-RIO', 33),
(530, 'Faculdade De Música Do Espírito Santo', 'FAMES', 32),
(532, 'Universidade Regional Do Noroeste Do Estado Do Rio Grande Do Sul', 'UNIJUI', 43),
(533, 'Faculdades Integradas De Itapetininga', 'FII', 35),
(534, 'Escola Bahiana De Medicina E Saúde Pública', 'EBMSP', 29),
(535, 'Faculdade De Filosofia Ciências E Letras De Mandaguari', 'FAFIMAN', 41),
(543, 'Faculdade De Ciências Da Fundação Instituto Tecnológico De Osasco', 'FAC-FITO', 35),
(544, 'Faculdade De Ciências Humanas De Itabira', 'FACHI', 31),
(545, 'Faculdade De Ciências Administrativas E Contábeis De Itabira', 'FACCI', 31),
(546, 'Pontifícia Universidade Católica De São Paulo', 'PUCSP', 35),
(547, 'Universidade Do Estado Do Rio De Janeiro', 'UERJ', 33),
(548, 'Universidade Federal Do Maranhão', 'UFMA', 21),
(549, 'Universidade Federal Do Acre', 'UFAC', 12),
(550, 'Universidade Estadual Da Paraíba', 'UEPB', 25),
(555, 'Universidade De Fortaleza', 'UNIFOR', 23),
(556, 'Conservatório De Música De Niterói', 'CMN', 33),
(557, 'Escola De Música E Belas Artes Do Paraná', 'EMBAP', 41),
(558, 'Faculdade De Artes Do Paraná', 'FAP', 41),
(568, 'Universidade Estadual Do Maranhão', 'UEMA', 21),
(569, 'Universidade Federal Do Pará', 'UFPA', 15),
(570, 'Universidade Federal Do Rio Grande Do Norte', 'UFRN', 24),
(571, 'Universidade Federal Do Paraná', 'UFPR', 41),
(572, 'Universidade Federal Fluminense', 'UFF', 33),
(573, 'Universidade Federal Do Espírito Santo', 'UFES', 32),
(574, 'Universidade Federal Rural Do Rio De Janeiro', 'UFRRJ', 33),
(575, 'Universidade Federal De Minas Gerais', 'UFMG', 31),
(576, 'Universidade Federal De Juiz De Fora', 'UFJF', 31),
(577, 'Universidade Federal De Alagoas', 'UFAL', 27),
(578, 'Universidade Federal Da Bahia', 'UFBA', 29),
(579, 'Universidade Federal Da Paraíba', 'UFPB', 25),
(580, 'Universidade Federal De Pernambuco', 'UFPE', 26),
(581, 'Universidade Federal Do Rio Grande Do Sul', 'UFRGS', 43),
(582, 'Universidade Federal De Santa Maria', 'UFSM', 43),
(583, 'Universidade Federal Do Ceará', 'UFC', 23),
(584, 'Universidade Federal De Goiás', 'UFG', 52),
(585, 'Universidade Federal De Santa Catarina', 'UFSC', 42),
(586, 'Universidade Federal Do Rio De Janeiro', 'UFRJ', 33),
(587, 'Universidade Federal Rural De Pernambuco', 'UFRPE', 26),
(588, 'Universidade Tecnológica Federal Do Paraná', 'UTFPR', 41),
(589, 'Universidade Federal Rural Do Semi-árido', 'UFERSA', 24),
(590, 'Universidade Federal Rural Da Amazônia', 'UFRA', 15),
(591, 'Universidade Federal De São Paulo', 'UNIFESP', 35),
(592, 'Universidade Federal De Lavras', 'UFLA', 31),
(593, 'Centro Federal De Educação Tecnológica Celso Suckow Da Fonseca', 'CEFET/RJ', 33),
(594, 'Centro Federal De Educação Tecnológica De Minas Gerais', 'CEFET/MG', 31),
(595, 'Universidade Federal De Alfenas', 'UNIFAL-MG', 31),
(596, 'Universidade Federal Dos Vales Do Jequitinhonha E Mucuri', 'UFVJM', 31),
(597, 'Universidade Federal Do Triângulo Mineiro', 'UFTM', 31),
(598, 'Universidade Federal De Itajubá - Unifei', 'UNIFEI', 31),
(599, 'Instituto Federal De Educação, Ciência E Tecnologia Da Bahia', 'IFBA', 29),
(600, 'Instituto Federal De Educação, Ciência E Tecnologia Do Maranhão', 'IFMA', 21),
(601, 'Instituto Federal De Educação, Ciência E Tecnologia Do Rio Grande Do Sul', 'IFRS', 43),
(602, 'Instituto Tecnológico De Aeronáutica', 'ITA', 35),
(605, 'Universidade Municipal De São Caetano Do Sul', 'USCS', 35),
(606, 'Faculdade De Direito De Cachoeiro Do Itapemirim', 'FDCI', 32),
(607, 'Faculdade De Ciências Contábeis E Administrativas De Cachoeiro Do Itapemirim', 'FACCACI', 32),
(608, 'Escola Superior De Cruzeiro "prefeito Hamilton Vieira Mendes"', 'ESEFIC', 35),
(609, 'Universidade Estadual Do Oeste Do Paraná', 'UNIOESTE', 41),
(610, 'Centro Universitário Metodista Bennett', 'BENNETT', 33),
(614, 'Faculdade De Filosofia Santa Dorotéia', 'FFSD', 33),
(615, 'Faculdade De Filosofia Ciências E Letras Professora Nair Fortes Abu-merhy', 'FAFI - PRONAFOR', 31),
(621, 'Centro De Estudos Superiores De Maceió', 'CESMAC', 27),
(622, 'Faculdades Integradas Silva E Souza', 'FAU', 33),
(624, 'Faculdade De Filosofia Ciências E Letras Carlos Queiroz', 'FAFIQUE', 35),
(625, 'Faculdade Cenecista De Capivari', 'FACECAP', 35),
(626, 'Faculdade Cenecista De Osório', 'FACOS', 43),
(627, 'Faculdade Cenecista De Varginha', 'FACECA', 31),
(631, 'Centro De Ensino Superior Cenecista De Farroupilha', 'CESF', 43),
(633, 'Instituto Militar De Engenharia', 'IME', 33),
(634, 'Universidade Federal De Pelotas', 'UFPEL', 43),
(636, 'Escola Superior De Propaganda E Marketing', 'ESPM', 35),
(637, 'Faculdade De Engenharia São Paulo', 'FESP', 35),
(638, 'Faculdade De Direito Milton Campos', 'FDMC', 31),
(640, 'Faculdades Integradas Maria Thereza', 'FAMATH', 33),
(641, 'Centro Universitário La Salle', 'UNILASALLE', 43),
(645, 'Centro Universitário De Jaraguá Do Sul', 'UNERJ', 42),
(647, 'Faculdade De Enfermagem Luiza De Marillac', 'FELM', 33),
(648, 'Faculdades Associadas De Uberaba - Fazu', 'FAZU', 31),
(649, 'Centro Universitário De União Da Vitória', 'UNIUV', 41),
(650, 'Faculdade De Ciências Contábeis E Administrativas De Avaré', 'IESA/FACCAA', 35),
(651, 'Faculdade De Administração De Governador Valadares', 'FAGV', 31),
(652, 'Faculdade Santa Cecília', 'FASC', 35),
(657, 'Faculdade De Formação De Professores De Serra Talhada', 'FAFOPST', 26),
(662, 'Faculdades Integradas Coração De Jesus', 'FAINC', 35),
(663, 'Universidade Salgado De Oliveira', 'UNIVERSO', 33),
(664, 'Centro Universitário Vila Velha', 'UVV', 32),
(665, 'Universidade De Taubaté', 'UNITAU', 35),
(666, 'Universidade Estadual De Feira De Santana', 'UEFS', 29),
(667, 'Faculdades Integradas De Jacarepaguá', 'FIJ', 33),
(668, 'Centro Universitário De Ensino Superior Do Amazonas', 'CIESA', 13),
(669, 'Universidade Nilton Lins', 'UNINILTONLINS', 13),
(670, 'Universidade São Francisco', 'USF', 35),
(671, 'Universidade Anhanguera - Uniderp', 'UNIDERP', 50),
(672, 'Faculdade De Engenharia De Sorocaba', 'FACENS', 35),
(673, 'Centro Universitário Da Grande Dourados', 'UNIGRAN', 50),
(674, 'Centro De Ensino Superior Do Vale São Francisco', 'CESVASF', 26),
(677, 'Faculdade De Reabilitação Da Asce', 'FRASCE', 33),
(680, 'Faculdades Integradas De Pedro Leopoldo', 'FIPEL', 31),
(682, 'Faculdade Do Noroeste De Minas', 'FINOM', 31),
(685, 'Faculdade De Formação De Professores De Belo Jardim', 'FABEJA', 26),
(686, 'Faculdade De Ciências Aplicadas De Limoeiro', 'FACAL', 26),
(687, 'Faculdade Estadual De Filosofia Ciências Letras União Da Vitória', 'FAFIUV', 41),
(688, 'Universidade Estadual Do Sudoeste Da Bahia', 'UESB', 29),
(692, 'Faculdade De Ciências Aplicadas E Sociais De Petrolina', 'FACAPE', 26),
(693, 'Universidade Federal Do Estado Do Rio De Janeiro', 'UNIRIO', 33),
(694, 'Universidade Federal De Mato Grosso Do Sul', 'UFMS', 50),
(699, 'Fundação Universidade Federal De Rondônia', 'UNIR', 11),
(701, 'Faculdade De Ciências Da Administração De Garanhuns', 'FAGA', 26),
(702, 'Faculdade De Formação De Professores De Goiana', 'F.F.P.G.', 26),
(703, 'Faculdade De Formação De Professores De Araripina', 'FAFOPA', 26),
(704, 'Faculdade De Ciências Agrárias De Araripina', 'FACIAGRA', 26),
(705, 'Faculdade São José', 'FSJ', 33),
(706, 'Faculdade De Artes Dulcina De Moraes', 'FADM', 53),
(707, 'Centro Universitário Central Paulista', 'UNICEP', 35),
(710, 'Faculdade Béthencourt Da Silva', 'FABES', 33),
(712, 'Centro Universitário Hermínio Da Silveira', 'UNI IBMR', 33),
(715, 'Centro Universitário Franciscano Do Paraná', 'FAE', 41),
(716, 'Faculdades Integradas De Botucatu', 'UNIFAC', 35),
(717, 'Fundação Universidade Federal De Ciências Da Saúde De Porto Alegre', 'UFCSPA', 43),
(718, 'Universidade Potiguar', 'UNP', 24),
(719, 'Universidade Do Estado De Mato Grosso', 'UNEMAT', 51),
(720, 'Faculdade De Ciências Humanas E Sociais Aplicadas Do Cabo De Santo Agostinho', 'FACHUCA', 26),
(721, 'Faculdade De Educação De Assis', 'FAEDA', 35),
(722, 'Escola De Educação Física De Assis', 'EEFA', 35),
(723, 'Faculdade De Administração De Assis', 'FAA', 35),
(724, 'Faculdade De Ciências, Cultura E Extensão Do Rio Grande Do Norte', 'FACEX', 24),
(725, 'Faculdade Estadual De Filosofia, Ciências E Letras De Paranaguá', 'FAFIPAR', 41),
(727, 'Faculdade De Filosofia, Ciências E Letras Do Alto São Francisco', 'FASF', 31),
(728, 'Faculdade De Ciências Humanas De Curvelo', 'FACIC', 31),
(730, 'Universidade Estadual De Ponta Grossa', 'UEPG', 41),
(734, 'Faculdades Integradas Maria Imaculada', 'FIMI', 35),
(736, 'Faculdade Pitágoras De Linhares', NULL, 32),
(737, 'Centro Universitário São Camilo', 'SAO CAMILO', 35),
(738, 'Faculdades Integradas Teresa D´ávila', 'FATEA', 35),
(739, 'Centro Universitário São Camilo - Espírito Santo', 'SÃO CAMILO-ES', 32),
(743, 'Escola Superior De Ensino Helena Antipoff', 'ESEHA', 33),
(744, 'Faculdade De Educação E Ciências Humanas De Anicuns', 'FECHA', 52),
(745, 'Instituto Municipal De Ensino Superior De São Manuel', 'IMESSM', 35),
(746, 'Universidade Regional Do Cariri', 'URCA', 23),
(749, 'Centro De Ensino Superior Do Vale Do Parnaíba', 'CESVALE', 22),
(750, 'Centro Universitário Unirg', 'UNIRG', 17),
(752, 'Faculdade De Pará De Minas', 'FAPAM', 31),
(753, 'Faculdade De Ciências Humanas Do Sertão Central', 'FACHUSC', 26),
(754, 'Centro De Ensino Superior De Catalão', 'CESUC', 52),
(755, 'Centro De Ensino Superior De Jataí', 'CESUT', 52),
(756, 'Universidade Estadual Do Piauí', 'UESPI', 22),
(757, 'Faculdades Integradas Do Tapajós', 'ISES', 15),
(759, 'Faculdade De Ciências Médicas E Paramédicas Fluminense', 'SEFLU', 33),
(760, 'Faculdade De Ciências Humanas De Pernambuco', 'FCHPE', 26),
(761, 'Faculdades Spei', 'FACSPEI', 41),
(763, 'Instituto Unificado De Ensino Superior Objetivo', 'IUESO', 52),
(764, 'Faculdade Pinheiro Guimarães', 'FAPG', 33),
(769, 'Faculdades Integradas De Naviraí', 'FINAV', 50),
(774, 'Faculdade Alvorada De Informática E Processamento De Dados', 'FAIPD', 53),
(775, 'Faculdade Alvorada De Educação Física E Desporto', 'FAEFD', 53),
(777, 'Faculdade De Educação Thereza Porto Marques', 'FAETEC', 35),
(778, 'Faculdade De Tecnologia Thereza Porto Marques', 'FAETEC', 35),
(779, 'Faculdade De Ponta Porã', 'FAP', 50),
(780, 'Universidade De Cuiabá', 'UNIC / PITÁGORAS', 51),
(781, 'Faculdade Anhanguera De Rondonópolis', 'FAR', 51),
(785, 'Faculdade De Educação De Tangará Da Serra', 'FACEDUTS', 51),
(788, 'Faculdade De Rondônia', 'FARO', 11),
(789, 'Universidade Federal De Roraima', 'UFRR', 14),
(790, 'Faculdade De Enfermagem Do Hospital Israelita Albert Einstein', 'FEHIAE', 35),
(792, 'Centro Universitário Do Estado Do Pará', 'CESUPA', 15),
(793, 'Centro Universitário Estácio Radial De São Paulo - Estácio Uniradial', 'RADIAL', 35),
(794, 'Centro Universitário De Várzea Grande', 'UNIVAG', 51),
(795, 'Faculdades Integradas De Diamantino', 'FID', 51),
(796, 'Faculdade De Ciências Sociais Aplicadas Do Vale Do São Lourenço', 'EDUVALE', 51),
(797, 'Faculdade Avec De Vilhena', 'AVEC', 11),
(798, 'Faculdade De Aracruz', 'FAACZ', 32),
(801, 'Faculdade Montenegro', 'FAM', 29),
(802, 'Centro Universitário Carioca', 'UNICARIOCA', 33),
(803, 'Faculdade Interação Americana', 'FIA', 35),
(809, 'Faculdade De Direito E Ciências Sociais Do Leste De Minas - Fadileste', 'FADILESTE', 31),
(810, 'Centro Técnico-educacional Superior Do Oeste Paranaense', 'CTESOP', 41),
(811, 'Faculdades Integradas De Cassilândia', 'FIC', 50),
(822, 'Escola Superior De Estudos Empresariais E Informática', 'ESEEI', 41),
(823, 'Centro Universitário Do Maranhão', 'UNICEUMA', 21),
(824, 'Faculdade De Filosofia E Ciências Humanas De Goiatuba', 'FAFICH', 52),
(825, 'Faculdade Presbiteriana Gammon', 'FAGAMMON', 31),
(826, 'Centro Universitário De Desenvolvimento Do Centro-oeste', 'UNIDESC', 52),
(828, 'Faculdade De São Lourenço', 'FASAMA', 31),
(829, 'Universidade Do Tocantins', 'UNITINS', 17),
(830, 'Universidade Federal Do Amapá', 'UNIFAP', 16),
(831, 'Faculdade De Ciências Humanas Do Vale Do Rio Grande', 'FCHVRG', 35),
(832, 'Faculdade De Ciências Administrativas De Curvelo', 'FACIAC', 31),
(833, 'Faculdades Integradas De Ariquemes', 'FIAR', 11),
(837, 'Faculdade De Ciências Humanas De Fortaleza', 'FCHFOR', 23),
(838, 'Faculdade De Ciências Tecnológicas De Fortaleza', 'FCTFOR', 23),
(839, 'Faculdade Vitoriana De Ciências Contábeis', 'FAVI', 32),
(840, 'Faculdade Vitoriana De Tecnologia', 'FAVI', 32),
(843, 'Faculdade De Ciências E Tecnologia De Birigui', 'FATEB', 35),
(844, 'Faculdade De Agronomia E Engenharia Florestal De Garça', 'FAEF', 35),
(845, 'Faculdade Da Fundação Educacional Araçatuba', 'FAC-FEA', 35),
(846, 'Faculdade De Administração De Teresina', 'FAT', 22),
(847, 'Faculdade Piauiense De Processamento De Dados', 'FPPD', 22),
(848, 'Faculdade Paraibana De Processamento De Dados', 'FPPD', 25),
(849, 'Faculdade Jesuíta De Filosofia E Teologia', 'FAJE', 31),
(852, 'Faculdade De Informática E Administração Paulista', 'FIAP', 35),
(861, 'Centro De Ensino Superior Do Amapá', 'CEAP', 16),
(862, 'Faculdade Estácio De Sá De Campo Grande', 'FESCG', 50),
(866, 'Faculdade De Informática De Cuiabá', 'FIC', 51),
(873, 'Faculdades Unificadas De Foz Do Iguaçu', 'UNIFOZ', 41),
(874, 'Faculdade De Estudos Sociais Aplicados De Viana', 'FESAV', 32),
(877, 'Faculdade De Economia E Processamento De Dados De Foz Do Iguaçu', 'FEPI', 41),
(878, 'Centro Universitário Do Leste De Minas Gerais', 'UNILESTEMG', 31),
(881, 'Instituto Municipal De Ensino Superior De Assis', 'IMESA', 35),
(882, 'Instituto Municipal De Ensino Superior De Bebedouro Victório Cardassi', 'IMESB', 35),
(886, 'Faculdade De Hortolândia', 'FACH', 35),
(890, 'Escola De Governo Professor Paulo Neves De Carvalho', 'EG', 31),
(891, 'Faculdade Anhanguera De Belo Horizonte', NULL, 31),
(898, 'Faculdade De Ciências Econômicas E Administrativas Santa Rita De Cássia', 'FACEAS', 35),
(900, 'Faculdade De Ciências Administrativas E De Tecnologia', 'FATEC', 11),
(905, 'Faculdade Escola Paulista De Direito', 'FACEPD', 35),
(906, 'Faculdade De Educação E Ciências Gerenciais De Sumaré', 'FECGS', 35),
(907, 'Faculdade De Educação E Ciências Gerenciais De Indaiatuba', 'FECGI', 35),
(908, 'Faculdade Alagoana De Administração', 'FAA', 27),
(909, 'Faculdade De Belford Roxo', 'FABEL', 33),
(910, 'Faculdade Santa Lúcia', 'FCACSL', 35),
(913, 'Faculdades Integradas De Paranaíba - Fipar', 'FIPAR', 50),
(915, 'Faculdade De Administração De Fátima Do Sul', 'FAFS', 50),
(916, 'Faculdade De Ciências, Saúde, Exatas E Jurídicas De Teresina', 'FACULDADE CEUT', 22),
(917, 'Faculdade De Ciências Contábeis De Navirai', 'FACINAV', 50),
(918, 'Faculdade De Ciências Sociais Aplicadas De Cascavel', 'FCSAC', 41),
(922, 'Faculdade Reges De Dracena', 'FCGD', 35),
(923, 'Faculdade De Administração E Ciências Contábeis De São Roque', 'FACCSR', 35),
(924, 'Faculdade Interlagos De Educação E Cultura', 'FINTEC', 35),
(926, 'Centro Universitário Anhanguera De Campo Grande', NULL, 50),
(939, 'Faculdade Católica De Anápolis', 'CATÓLICA DE ANÁPOLIS', 52),
(940, 'Faculdades Magsul', 'FAMAG', 50),
(944, 'Escola Superior De Propaganda E Marketing Do Rio De Janeiro', 'ESPM', 33),
(945, 'Instituto De Ciências Sociais E Humanas', 'INCISOH', 31),
(950, 'União De Ensino Superior De Nova Mutum', 'UNINOVA', 51),
(952, 'Universidade Santa Cecília', 'UNISANTA', 35),
(953, 'Universidade Metropolitana De Santos', 'UNIMES', 35),
(959, 'Faculdade De Filosofia Ciências E Letras', 'FAFIL', 25),
(967, 'Faculdade De Tecnologia De Taquaritinga', 'FATEC/TQ', 35),
(973, 'Faculdade De Lucélia', NULL, 35),
(976, 'Faculdades Integradas De Ponta Porã', 'FIP', 50),
(977, 'Faculdade São Camilo', NULL, 29),
(983, 'Faculdade Prudente De Moraes', 'FPM', 35),
(985, 'Faculdade De Ciências E Educação De Rubiataba', 'FACER', 52),
(986, 'Faculdade De Educação E Cultura Montessori', 'FAMEC', 35),
(989, 'Escola Superior Em Meio Ambiente', 'ESMA', 31),
(990, 'Faculdade De Filosofia Ciências E Letras De Congonhas', 'FAFIC', 31),
(991, 'Faculdade Senai-cetiqt', 'SENAI-CETIQT', 33),
(994, 'Faculdade Flama', NULL, 33),
(997, 'Centro Universitário De Bauru', NULL, 35),
(1012, 'Faculdade De Formação De Professores De Afogados Da Ingazeira', 'FAFOPAI', 26),
(1013, 'Faculdade Sudoeste Paulistano', 'FASUP', 35),
(1014, 'Instituto Superior E Centro Educacional Luterano - Bom Jesus - Ielusc', 'BOM JESUS/IELUSC', 42),
(1019, 'Faculdade De Ciências E Tecnologia De Unaí - Factu', 'FACTU', 31),
(1021, 'Faculdade De Ciências De Timbaúba', 'FACET', 26),
(1027, 'Universidade Estadual Do Norte Fluminense Darcy Ribeiro', 'UENF', 33),
(1028, 'Universidade Estadual De Mato Grosso Do Sul', 'UEMS', 50),
(1030, 'Faculdade De Economia E Finanças Ibmec', 'FACULDADES IBMEC', 33),
(1032, 'Centro Universitário Salesiano De São Paulo', 'UNISAL', 35),
(1034, 'União De Escolas Superiores Da Funeso', 'UNESF', 26),
(1036, 'Universidade Do Estado De Minas Gerais', 'UEMG', 31),
(1038, 'Faculdades Integradas De Três Lagoas', 'AEMS', 50),
(1041, 'Centro Universitário Univates', 'UNIVATES', 43),
(1042, 'Universidade Positivo', 'UP', 41),
(1043, 'Centro Universitário Herminio Ometto De Araras', 'UNIARARAS', 35),
(1045, 'Centro Universitário Anhangüera', 'UNIFIAN', 35),
(1046, 'União Das Faculdades Dos Grandes Lagos - Unilago', 'UNILAGO', 35),
(1048, 'Faculdade Campos Elíseos', 'FCE', 35),
(1049, 'Instituto De Ensino Superior Fucapi', 'CESF', 13),
(1051, 'Faculdade De Ciências Contábeis - Maceió', 'SEUNE', 27),
(1053, 'Faculdade De Tecnologia E Ciências De Feira De Santana', 'FTC', 29),
(1055, 'Faculdade Maurício De Nassau De Salvador', 'FMN SALVADOR', 29),
(1058, 'Centro Universitário Estácio Da Bahia - Estácio Fib', 'FIB', 29),
(1059, 'Faculdade Lourenço Filho', 'FLF', 23),
(1060, 'Centro Universitário Do Instituto De Educação Superior De Brasília - Iesb', 'IESB', 53),
(1063, 'Faculdade Batista De Vila Velha', 'FABAVI', 32),
(1064, 'Faculdade Batista De Vitória', 'FABAVI', 32),
(1065, 'Faculdade De Ciências Econômicas E Administrativas De Vila Velha', NULL, 32),
(1066, 'Instituto De Ensino E Pesquisa Objetivo', 'IEPO', 17),
(1067, 'Faculdade De Jussara', 'FAJ', 52),
(1068, 'Faculdade Aldete Maria Alves', 'FAMA', 31),
(1070, 'Instituto De Ensino Superior Cenecista', 'INESC', 31),
(1071, 'Instituto De Ensino Superior Da Funlec', 'IESF', 50),
(1072, 'Faculdade Afirmativo', 'FAFI', 51),
(1075, 'Instituto De Educação Superior Da Paraíba', 'IESP', 25),
(1076, 'Faculdade De Filosofia, Ciências E Letras De Cajazeiras', 'FAFIC', 25),
(1077, 'Faculdade Estácio Do Recife - Estácio Fir', 'FIR', 26),
(1078, 'Faculdade Integrado De Campo Mourão', 'CEI', 41),
(1079, 'Faculdade Maringá', 'CESPAR', 41),
(1080, 'Faculdade Arthur Sá Earp Neto', 'FASE', 33),
(1081, 'Faculdade De Engenharia De Resende', 'FER', 33),
(1082, 'Instituto Federal De Educação, Ciência E Tecnologia Do Rio Grande Do Norte', 'IFRN', 24),
(1084, 'Faculdade Cenecista De Bento Gonçalves', 'FACEBG', 43),
(1085, 'Faculdade Metodista De Santa Maria', 'FAMES', 43),
(1086, 'Faculdade De Educação De Colorado Do Oeste', 'FAEC', 11),
(1087, 'Faculdades Integradas Aparício Carvalho', 'FIMCA', 11),
(1090, 'Faculdade São Luís De França', 'FSLF', 28),
(1092, 'Faculdades Integradas De Bauru', 'FIB', 35),
(1093, 'Faculdade De Ciências Jurídicas E Gerenciais De Garça', 'FAEG', 35),
(1096, 'Faculdade De Presidente Epitácio - Fape', 'FAPE', 35),
(1097, 'Faculdades Integradas De São Paulo', 'FISP', 35),
(1099, 'Faculdade De Educação E Ciências Gerenciais De São Paulo', 'FECG-SP', 35),
(1100, 'Faculdade Carlos Drummond De Andrade', 'FCDA', 35),
(1103, 'Faculdade De Administração São Paulo', 'FAPI', 35),
(1107, 'Faculdade Estácio Do Ceará - Estácio Fic', 'FIC', 23),
(1113, 'Centro Universitário Euro-americano', 'UNIEURO', 53),
(1115, 'Faculdade Santa Terezinha', 'CEST', 21),
(1118, 'União Das Escolas Do Grupo Faimi De Educação', 'FAIMI', 35),
(1120, 'Instituto Federal De Educação, Ciência E Tecnologia Fluminense', 'IF Fluminense', 33),
(1122, 'Faculdade Osvaldo Cruz', NULL, 35),
(1123, 'Instituto De Educação Superior Unyahna De Salvador', 'IESUS', 29),
(1124, 'Instituto De Educação Superior Unyahna De Barreiras', 'IESUB', 29),
(1125, 'Faculdades Integradas Espírita', 'FIES', 41),
(1126, 'Universidade Estadual Do Centro Oeste', 'UNICENTRO', 41),
(1128, 'Universidade De Itaúna', 'UI', 31),
(1129, 'Centro Universitário Do Norte Paulista', 'UNORP', 35),
(1130, 'Faculdade Metodista De Ciências Humanas E Exatas', 'METODISTA', 35),
(1131, 'Faculdade Santo Agostinho', 'FSA', 22),
(1136, 'Faculdade De Ciências Humanas E Sociais De Igarassu', 'FACIG', 26),
(1139, 'Faculdade De Estudos Administrativos De Minas Gerais - Fead-mg', 'FEAD - MG', 31),
(1141, 'Faculdade Gama E Souza', 'FGS', 33),
(1142, 'Faculdades Integradas De Vitória', 'FDV', 32),
(1143, 'Faculdade De Educação Superior De Timbaúba', 'FAEST', 26),
(1144, 'Faculdade De Ciências Humanas', 'IMENSU', 35),
(1149, 'Centro Universitário Nossa Senhora Do Patrocínio', 'CEUNSP', 35),
(1150, 'Faculdade Senai De Tecnologia Gráfica', 'SP SENAI', 35),
(1151, 'Faculdade De Administração E Negócios De Sergipe', 'FANESE', 28),
(1153, 'Universidade Cândido Mendes', 'UCAM', 33),
(1155, 'Faculdade Salesiana De Santa Teresa', 'FSST', 50),
(1156, 'Faculdade Cenecista De Itaboraí', 'FACNEC', 33),
(1157, 'Escola Superior São Francisco De Assis', 'ESFA', 32),
(1159, 'Centro De Ensino Superior De Vitória', 'CESV', 32),
(1160, 'Faculdade Cambury', 'CAMBURY', 52),
(1161, 'Insper Instituto De Ensino E Pesquisa', 'INSPER', 35),
(1162, 'Faculdade De Alta Floresta', 'FAF', 51),
(1166, 'Instituto Federal De Educação, Ciência E Tecnologia  Da Paraíba', 'IFPB', 25),
(1170, 'Faculdade Metropolitana De Camaçari', 'FAMEC', 29),
(1173, 'Faculdade Anhanguera De Brasília', 'FAB', 53),
(1174, 'Faculdade De Sabará', 'SOECS', 31),
(1175, 'Faculdades Riograndenses', 'FARGS', 43),
(1181, 'Faculdade Brasília De São Paulo', 'FABRASP', 35),
(1182, 'Instituto De Ensino Superior De Americana', 'IESA', 35),
(1185, 'Centro Universitário Jorge Amado', 'UNIJORGE', 29),
(1187, 'Centro Universitário Módulo', 'MÓDULO', 35),
(1189, 'Universidade Do Planalto Catarinense', 'UNIPLAC', 42),
(1190, 'Faculdade Integral Cantareira', 'F.I.C.', 35),
(1191, 'Instituto De Ensino Superior De Fortaleza', 'IESF', 23),
(1192, 'Faculdade De Ciências Da Saúde De São Paulo', 'FACIS', 35),
(1194, 'Faculdade De Tecnologia De Ponta Porã', 'FATEP', 50),
(1195, 'Faculdade Senai De Tecnologia Mecatrônica', 'SENAI', 35),
(1196, 'Centro Universitário De Maringá - Ceumar', 'CESUMAR', 41),
(1198, 'Faculdade De Ciências Sociais E Aplicadas Do Paraná', 'FACET', 41),
(1201, 'Faculdade De Administração Milton Campos', 'FAMC', 31),
(1202, 'Faculdade Santa Rita', 'FASAR', 31),
(1204, 'Faculdade De Amambai', 'FIAMA', 50),
(1205, 'Faculdade Educacional Da Lapa', 'FAEL', 41),
(1208, 'Faculdade De Natal', 'FAL', 24),
(1212, 'Faculdade De Ciências Contábeis De Assis', 'FCCA', 35),
(1213, 'Faculdade Fleming', 'SEF', 35),
(1219, 'Instituto Itapetiningano De Ensino Superior', 'IIES', 35),
(1221, 'Faculdade Gammon', NULL, 35),
(1224, 'Centro Universitário De Jales', 'UNIJALES', 35),
(1225, 'Centro Universitário Amparense', 'UNIFIA', 35),
(1226, 'Instituto De Ensino Superior Do Acre', 'IESACRE', 12),
(1227, 'Faculdade São Francisco De Barreiras - Fasb', 'FASB', 29),
(1230, 'Centro Regional Universitário De Espírito Santo Do Pinhal', 'UNIPINHAL', 35),
(1231, 'Instituto Cenecista De Ensino Superior De Santo Ângelo', 'CNEC/IESA', 43),
(1232, 'Centro Universitário Campos De Andrade', 'UNIANDRADE', 41),
(1233, 'Centro Universitário Cândido Rondon', 'UNIRONDON', 51),
(1237, 'Faculdade Nossa Senhora Aparecida', 'FANAP', 52),
(1239, 'Faculdade Padrão', 'PADRAO', 52),
(1240, 'Faculdade De Estudos Sociais Do Espírito Santo', 'PIO XII', 32),
(1243, 'Faculdade De Administração Da Serra', 'FABAVI', 32),
(1244, 'Faculdade Brasileira', NULL, 32),
(1245, 'Faculdade De Castelo', 'FACASTELO', 32),
(1246, 'Faculdade Candido Mendes De Vitória', 'FCMV', 32),
(1247, 'Faculdade De Ciências Contábeis De Nova Andradina - Facinan', 'FACINAN', 50),
(1248, 'Faculdade De Pedagogia', 'ANAEC', 50),
(1249, 'Faculdade De Educação De Costa Rica', 'FECRA', 50),
(1252, 'Faculdade Promove De Minas Gerais', 'PROMOVE', 31),
(1253, 'Faculdade Metodista Granbery', 'FMG', 31),
(1254, 'Faculdade De Administração De Itabirito', 'FAI', 31),
(1255, 'Faculdade Boa Viagem', 'FBV', 26),
(1256, 'Faculdade Dom Bosco', 'DOM BOSCO', 41),
(1257, 'Faculdade De Administração, Ciências, Educação E Letras', 'FACEL', 41),
(1258, 'Faculdade De Ciências Aplicadas De Cascavel', 'FACIAP', 41),
(1263, 'Faculdade Bezerra De Araújo', 'FABA', 33),
(1264, 'Faculdade Natalense Para O Desenvolvimento Do Rio Grande Do Norte', 'FARN', 24),
(1266, 'Faculdades Integradas Urubupungá', 'FIU', 35),
(1267, 'Instituto De Ensino Superior Da Grande Florianópolis', 'IESGF', 42),
(1270, 'Centro Universitário Do Instituto De Ensino Superior Coc', 'COC', 35),
(1272, 'Faculdade Sant´anna De Salto', 'FASAS', 35),
(1273, 'Faculdade Campo Limpo Paulista', 'FACCAMP', 35),
(1275, 'Faculdade Do Guarujá', 'FAGU', 35),
(1276, 'Instituto Taubaté De Ensino Superior', 'I.T.E.S.', 35),
(1279, 'Faculdade De Itápolis - Facita', 'FACITA', 35),
(1280, 'Faculdade Estácio Cotia - Estácio Faac', 'IESC', 35),
(1281, 'Faculdade De Ciências Sociais E Agrárias De Itapeva', 'FAIT', 35),
(1283, 'Instituto Manchester Paulista De Ensino Superior', 'IMAPES', 35),
(1286, 'Faculdade Senai De Tecnologia Ambiental', 'SENAI', 35),
(1289, 'Faculdade De Direito Da Fundação Armando Alvares Penteado', 'FAD-FAAP', 35),
(1290, 'Faculdade Albert Einstein De São Paulo', 'FAESP', 35),
(1291, 'Faculdade Do Norte Pioneiro', 'FANORPI', 41),
(1292, 'Faculdades Adamantinenses Integradas', 'FAI', 35),
(1294, 'Faculdade Das Américas', 'FAM', 35),
(1295, 'Faculdade Morumbi Sul', 'FMS', 35),
(1296, 'Escola Superior De Marketing', 'ESM', 26),
(1298, 'Faculdade Estácio De Alagoas - Estácio Fal', 'FAL', 27),
(1299, 'Faculdades Integradas De Fernandópolis', 'FIFE', 35),
(1300, 'Instituto Taquaritinguense De Ensino Superior Dr. Aristides De Carvalho Schlobach', 'ITES', 35),
(1301, 'Instituto Matonense Municipal De Ensino Superior', 'IMMES', 35),
(1302, 'Faculdade Batista Brasileira', 'FBB', 29),
(1303, 'Instituto Federal De Educação, Ciência E Tecnologia Goiano', 'IF Goiano', 52),
(1304, 'Faculdades Integradas De Ribeirão Pires', 'FIRP', 35),
(1305, 'Faculdade De Ciências Jurídicas, Gerenciais E Educação De Sinop', 'FIS', 51),
(1307, 'Faculdade De Ciências Humanas De Garça', 'FAHU', 35),
(1308, 'Faculdade Novo Milênio', 'FNM', 32),
(1309, 'Faculdade Jesus Maria José', 'FAJESU', 53),
(1310, 'Faculdade De Americana', 'FAM', 35),
(1311, 'Trevisan Escola Superior De Negócios', 'TREVISAN', 35),
(1312, 'Faculdades Integradas De Rondonópolis', 'UNIR', 51),
(1313, 'Faculdade Unida De Suzano', 'UNISUZ', 35),
(1314, 'Instituto De Ensino Superior João Alfredo De Andrade', 'IJAA', 31),
(1315, 'Faculdade De Educação Da Serra', 'FASE', 32),
(1317, 'Faculdade Sudoeste Paulista', 'FSP', 35),
(1318, 'Faculdade Juvêncio Terra', 'FJT', 29),
(1319, 'Faculdade Tecsoma', 'FATEC', 31),
(1322, 'Faculdade Eduvale De Avaré', 'EDUVALE', 35),
(1324, 'Faculdade De Informática Lemos De Castro', 'FILC', 33),
(1325, 'Faculdade De Apucarana', 'FAP', 41),
(1326, 'Escola Superior De Ensino Anísio Teixeira', 'CESAT', 32),
(1327, 'Escola Superior De Propaganda E Marketing De Porto Alegre', 'ESPM - POA', 43),
(1328, 'Faculdade De Comunicação E Turismo De Olinda', 'FACOTTUR', 26),
(1330, 'Faculdade Cotemig', 'COTEMIG', 31),
(1333, 'Faculdade Cecap Do Lago Norte', 'CECAP', 53),
(1334, 'Faculdade De Ciências Sociais Aplicadas - Facisa', 'FACISA', 25),
(1335, 'Instituto De Ensino Superior Thathi', 'FACULDADE THATHI COC', 35),
(1336, 'Faculdade Assis Gurgacz', 'FAG', 41),
(1337, 'Faculdade Mater Dei', 'FMD', 41),
(1342, 'Faculdade De Pedagogia Da Serra', 'FABAVI', 32),
(1344, 'Faculdade Borges De Mendonça', 'FBM', 42),
(1345, 'Faculdade Anhanguera De Osasco', 'FIZO', 35),
(1346, 'Faculdade Batista De Minas Gerais', 'FBMG', 31),
(1350, 'Faculdade Do Vale Do Jaguaribe', 'FVJ', 23),
(1351, 'Instituto Superior Tupy - Ist', 'IST', 42),
(1353, 'Instituto De Ensino Superior De Garça', 'IESG', 35),
(1355, 'Faculdades Integradas De Jahu', 'FIJ', 35),
(1356, 'Faculdades Integradas De Santa Fé Do Sul', 'FUNEC', 35),
(1357, 'Instituto Superior De Educação Do Rio De Janeiro', 'ISERJ', 33),
(1358, 'Faculdade De Pedagogia De Afonso Cláudio', 'ISEAC', 32),
(1359, 'Faculdade Capixaba De Nova Venécia', NULL, 32),
(1360, 'Faculdade São Gabriel', 'FSG', 22),
(1362, 'Faculdade Ubaense Ozanam Coelho', 'FAGOC', 31),
(1363, 'Faculdade Visconde De Cairú', 'FAVIC', 29),
(1364, 'Faculdade De Tecnologia E Ciências De Vitória Da Conquista', 'FTC', 29),
(1365, 'Centro Universitário Adventista De São Paulo', 'UNASP', 35),
(1366, 'Faculdade Barddal', 'FB-SI', 42),
(1371, 'Faculdade De Mirandópolis', 'FAM', 35),
(1373, 'Faculdade Casa Branca', 'FACAB', 35),
(1374, 'Faculdade De Ciências Sociais De Guarantã Do Norte', 'FCSGN', 51),
(1375, 'Faculdade Católica Rainha Da Paz De Araputanga', 'FCARP', 51),
(1379, 'Faculdades Integradas São Pedro', 'FAESA', 32),
(1381, 'Faculdade Martha Falcão', 'FMF', 13),
(1382, 'Escola Superior De Teologia', 'EST', 43),
(1383, 'Faculdade José Lacerda Filho De Ciências Aplicadas', 'FAJOLCA', 26),
(1384, 'Faculdade Santa Helena', 'FSH', 26),
(1385, 'Faculdades Integradas Ipep', 'FIPEP', 35),
(1386, 'Escola Superior De Administração, Marketing E Comunicação De Campinas - Esamc Campinas', 'ESAMC DE CAMPINAS', 35),
(1388, 'Faculdade Sumaré', 'ISES', 35),
(1394, 'Faculdade Castro Alves', 'FCA', 29),
(1395, 'Faculdade De Caldas Novas', 'UNICALDAS', 52),
(1396, 'Faculdade Dinâmica Das Cataratas', 'UDC', 41),
(1399, 'Faculdade Unissa De Sarandi', 'UNISSA', 41),
(1400, 'Faculdade Metropolitana De Curitiba', 'FAMEC', 41),
(1401, 'Faculdade Adelmar Rosado', 'FAR', 22),
(1402, 'Instituto De Ciências Sociais E Humanas', 'ICSH', 52),
(1403, 'Faculdade De Pimenta Bueno', 'FAP', 11),
(1404, 'Faculdade De Piracanjuba', 'FAP', 52),
(1409, 'Faculdade Do Centro Leste', 'UCL', 32),
(1410, 'Área1 - Faculdade De Ciência E Tecnologia', 'ÁREA1', 29),
(1411, 'Faculdade Dois De Julho', 'F2J', 29),
(1412, 'Faculdade Anhaguera De Jundiaí', NULL, 35),
(1413, 'Faculdade De Primavera', 'CESPRI', 35),
(1414, 'Faculdade São Lucas', 'FSL', 11),
(1415, 'Faculdade Magister', 'MAGISTER', 35),
(1417, 'Faculdade Cenecista De Campo Largo', 'FACECLA', 41),
(1418, 'Centro Universitário Toledo', 'UNITOLEDO', 35),
(1419, 'Centro Universitário Curitiba', 'UNICURITIBA', 41),
(1420, 'Faculdades De Dracena', NULL, 35),
(1422, 'Centro Universitário Do Norte', 'UNINORTE', 13),
(1423, 'Faculdade Ideal', 'FACI', 15),
(1426, 'Instituto Luterano De Ensino Superior De Itumbiara', 'ILES', 52),
(1427, 'Faculdade Da Serra Gaúcha', 'FSG', 43),
(1428, 'Instituto De Ensino Superior Planalto', 'IESPLAN', 53),
(1429, 'Faculdade Batista Do Rio De Janeiro', 'FABAT', 33),
(1430, 'Faculdade Ingá', NULL, 41),
(1432, 'Faculdade Bertioga', 'FABE', 35),
(1433, 'Faculdade Orígenes Lessa', 'FACOL', 35),
(1434, 'Instituto De Ensino Superior De Itapira', 'IESI', 35),
(1435, 'Faculdade De Vila Velha', NULL, 32),
(1436, 'Escola Superior Batista Do Amazonas', 'ESBAM', 13),
(1437, 'Escola Superior De Tecnologia E Educação De Rio Claro', 'ESRC', 35),
(1438, 'Faculdade De Administração De Empresas', 'FACAMP', 35),
(1439, 'Faculdade De Ciências Econômicas', 'FACAMP', 35),
(1440, 'Instituto Aphonsiano De Ensino Superior', 'IAESUP', 52),
(1441, 'Faculdade De Tecnologia Do Piauí', 'FATEPI', 22),
(1442, 'Faculdade De Direito De Tangará Da Serra', 'UNIC', 51),
(1443, 'Faculdade Nacional', 'FINAC', 32),
(1444, 'Faculdades Integradas Einstein De Limeira', 'FIEL', 35),
(1445, 'Centro Universitário Do Instituto Mauá De Tecnologia', 'CEUN-IMT', 35),
(1446, 'Centro Universitário Planalto Do Distrito Federal - Uniplan', 'UNIPLAN', 53),
(1449, 'Faculdade De Educação, Administração E Tecnologia De Ibaiti', 'FEATI', 41),
(1450, 'Centro Universitário Do Cerrado-patrocínio', 'UNICERP', 31),
(1451, 'Faculdades Integradas De São Carlos', 'FADISC', 35),
(1452, 'Faculdade Atenas Maranhense', 'FAMA', 21),
(1453, 'Faculdade Ciodonto', '-', 41),
(1454, 'Faculdade Salesiana Do Nordeste', 'FASNE', 26),
(1455, 'Faculdade Santíssimo Sacramento', 'FSSS', 29),
(1456, 'Faculdade Anhanguera De Sertãozinho', 'FASERT', 35),
(1457, 'Faculdade Estácio Euro- Panamericana De Humanidades E Tecnologias - Estácio Europan', 'EUROPAN', 35),
(1459, 'Faculdade De Ciências Humanas E Sociais', 'FUCAMP', 31),
(1461, 'Faculdade De Tecnologia E Ciências', 'FTC SALVADOR', 29),
(1462, 'Instituto Paraibano De Ensino Renovado', 'INPER', 25),
(1463, 'Faculdade Alfacastelo', 'FCGB', 35),
(1464, 'Faculdade Módulo Paulista', 'FMP', 35),
(1465, 'Faculdade De Ribeirão Preto', 'FABAN', 35),
(1467, 'Faculdade Cenecista De Vila Velha', 'FACEVV', 32),
(1468, 'Escola Superior De Administração, Marketing E Comunicação De Uberlândia', 'ESAMC DE UBERLÂNDIA', 31),
(1469, 'Faculdade De Ciências Sociais De Florianópolis', 'FCSF', 42),
(1472, 'Centro Universitário Leonardo Da Vinci', 'UNIASSELVI', 42),
(1476, 'Faculdades Integradas Interamericanas', 'FAITER', 35),
(1478, 'Faculdade Anchieta', 'IGABC', 35),
(1484, 'Faculdade Ibmec', 'IBMEC', 31),
(1486, 'Faculdade Estácio De Sá De Vitória', 'FESV', 32),
(1487, 'Faculdade Dom Bosco', 'FDB', 41),
(1488, 'Faculdade Paraíso', 'FAP', 33),
(1490, 'Faculdade De Jaguariúna', 'FAJ', 35),
(1491, 'Faculdade Internacional De Curitiba', 'FACINTER', 41),
(1492, 'Faculdade Pitágoras De Uberlândia', 'PIT UBERLÂNDIA', 31),
(1493, 'Faculdade Alves Faria', 'ALFA', 52),
(1494, 'Faculdade Católica Salesiana Do Espírito Santo', NULL, 32),
(1496, 'Faculdade Estácio De Sá De Vila Velha', 'FESVV', 32),
(1497, 'Faculdade De Administração De Santa Cruz Do Rio Pardo', 'FASC', 35),
(1498, 'Instituto De Ensino Superior E Formação Avançada De Vitória', 'FAVI', 32),
(1499, 'Faculdade Anhanguera De Taboão Da Serra', 'FATS', 35);
INSERT INTO `Instituicao` (`CodInstituicao`, `NomeInstituicao`, `SiglaInstituicao`, `CodUF`) VALUES
(1500, 'Faculdade De Ensino Superior De São Miguel Do Iguaçu', 'FAESI', 41),
(1501, 'Faculdade Latino Americana De Educação', 'FLATED', 23),
(1502, 'Faculdade Pitágoras De Jundiaí', 'PIT JUNDIAÍ', 35),
(1503, 'Faculdade Doutor Leocádio José Correia', 'FALEC', 41),
(1504, 'Faculdade Maurício De Nassau De Maceió', NULL, 27),
(1505, 'Faculdade De Medicina Veterinária E Zootecnia', 'FAMED', 35),
(1506, 'Instituto Cenecista Fayal De Ensino Superior', 'IFES', 42),
(1507, 'Faculdade Projeção De Ceilândia', 'FACEB', 53),
(1508, 'Faculdade Metropolitana De Maringá', 'UNIFAMMA', 41),
(1509, 'Faculdade Estácio De Sá De Belo Horizonte', 'FESBH', 31),
(1510, 'Faculdade Estácio De Sá De Santa Catarina', 'FESSC', 42),
(1513, 'Instituto De Ciências Jurídicas E Sociais Professor Camillo Filho', 'ICF', 22),
(1514, 'Faculdade Vale Do Cricaré', 'F.V.C.', 32),
(1515, 'Faculdade De Educação De Porto Velho', 'UNIRON', 11),
(1516, 'Faculdade De Vinhedo', 'FV', 35),
(1518, 'Faculdade Santa Terezinha', 'FAST', 53),
(1519, 'Faculdade De Pato Branco', 'FADEP', 41),
(1520, 'Faculdade Fia De Administração E Negócios', 'FFA', 35),
(1521, 'Instituto De Estudos Superiores Da Amazônia', 'IESAM', 15),
(1523, 'Faculdade De Direito Francisco Beltrão', 'CESUL', 41),
(1524, 'Faculdades Integradas Olga Mettig', 'FAMETTIG', 29),
(1525, 'Faculdade De Ciências Contábeis De Afonso Cláudio', 'ISEAC', 32),
(1526, 'Faculdade Senai De São Paulo', 'SENAI', 35),
(1530, 'Faculdade Cenecista De Joinville - Face', 'FCJ', 42),
(1532, 'Faculdade De Filosofia, Ciências E Letras Nossa Senhora Aparecida', 'FNSA', 35),
(1534, 'Faculdade De Ciências, Letras E Educação Do Noroeste Do Paraná', 'FACLENOR', 41),
(1535, 'Faculdade São Judas Tadeu De Pinhais', 'FAPI', 41),
(1536, 'Faculdade De Telêmaco Borba', 'FATEB', 41),
(1538, 'Faculdade Projeção', 'FAPRO', 53),
(1540, 'Instituto De Ensino Superior De Rondônia', 'IESUR', 11),
(1541, 'Faculdade Flamingo', NULL, 35),
(1542, 'Centro Universitário Geraldo Di Biase', 'UGB', 33),
(1544, 'Faculdade Decisão', 'FADEC', 42),
(1545, 'Instituto De Educação Superior De Boituva', 'FIB', 35),
(1546, 'Faculdade De Educação São Francisco', 'FAESF', 21),
(1547, 'Faculdade De Medicina Estácio De Juazeiro Do Norte', 'FMJ', 23),
(1550, 'Faculdade De Educação Física De Foz Do Iguaçu', 'FEPI', 41),
(1552, 'Faculdade Piauiense', 'FAP', 22),
(1554, 'Faculdades Integradas Do Vale Do Ribeira', 'FIVR', 35),
(1556, 'Faculdade Sete De Setembro', 'FA7', 23),
(1557, 'Universidade Fumec', 'FUMEC', 31),
(1558, 'Instituto De Ensino Superior De João Monlevade', 'IES/FUNCEC', 31),
(1559, 'Centro Universitário Do Espírito Santo', 'UNESC', 32),
(1561, 'Escola Superior De Administração, Marketing E Comunicação De Sorocaba', 'ESAMC  SOROCABA', 35),
(1562, 'Faculdade De Ilha Solteira', 'FAISA', 35),
(1563, 'Faculdade De Saúde, Ciências Humanas E Tecnológicas Do Piauí', 'NOVAFAPI', 22),
(1564, 'Faculdade Sul Fluminense', 'FASF', 33),
(1565, 'Faculdade Unime De Ciências Jurídicas', 'FCJ', 29),
(1567, 'Faculdade Vizinhança Vale Do Iguaçu', 'VIZIVALI', 41),
(1568, 'Faculdades Integradas De Caratinga', 'FIC', 31),
(1569, 'Faculdades Integradas De Araraquara', 'FIAR', 35),
(1571, 'Faculdade Unime De Ciências Sociais', 'FCS', 29),
(1572, 'Faculdade De Ciências Sociais Aplicadas', 'FACISA', 29),
(1573, 'Faculdade Alfredo Nasser', 'FAN', 52),
(1574, 'Faculdade Educacional De Medianeira', 'FACEMED', 41),
(1575, 'Centro Universitário Do Planalto De Araxá', 'UNIARAXÁ', 31),
(1576, 'Instituto De Ensino Superior Blauro Cardoso De Mattos', 'FASERRA', 32),
(1577, 'Faculdade Intermunicipal Do Noroeste Do Paraná', 'FACINOR', 41),
(1578, 'Instituto Federal De Educação, Ciência E Tecnologia Sul-rio-grandense', 'IFSul', 43),
(1580, 'Faculdade De Ciências E Educação Sena Aires', 'FACESA', 52),
(1581, 'Faculdade Da Cidade De Santa Luzia', 'FACSAL', 31),
(1582, 'Faculdade Decisão', 'FADE', 26),
(1583, 'Faculdade De Tecnologia De Indaiatuba', 'FATEC-ID', 35),
(1584, 'Faculdade De Tecnologia De Guaratinguetá', 'FATEC GT', 35),
(1585, 'Faculdade Energia De Administração E Negócios', 'FEAN', 42),
(1586, 'Universidade Do Vale Do Sapucaí', 'UNIVÁS', 31),
(1587, 'Faculdades Integradas De Tangará Da Serra', 'FITS', 51),
(1590, 'Faculdade De Ciências Humanas E Sociais Aplicadas', 'FACSÃOLUÍS', 21),
(1591, 'Faculdade Seama', 'SEAMA', 16),
(1592, 'Faculdade De Odontologia De Manaus', 'FOM', 13),
(1596, 'Faculdade De Ciências E Educação Do Espírito Santo', 'UNIVES', 32),
(1597, 'Faculdade Santa Fé', 'CESSF', 21),
(1598, 'Faculdade Politécnica De Uberlândia', 'FPU', 31),
(1599, 'Instituto De Ensino Superior Presidente Tancredo De Almeida Neves', 'IPTAN', 31),
(1600, 'Instituto De Ciências Da Saúde', 'ICS', 31),
(1601, 'Faculdade Cidade De Coromandel', 'FCC', 31),
(1605, 'Faculdade De Administração De Nova Andradina - Fanova', 'FANOVA', 50),
(1606, 'Faculdade Vale Do Aporé', 'FAVA', 50),
(1607, 'Faculdade Luterana São Marcos', 'FALSM', 43),
(1609, 'Faculdade Dos Cerrados Piauienses', 'FCP', 22),
(1610, 'Faculdade Das Atividades Empresariais De Teresina', 'FAETE', 22),
(1611, 'Faculdade Educacional De Arapoti', 'FATI', 41),
(1612, 'Faculdade Sul Brasil', 'FASUL', 41),
(1613, 'Faculdade Adventista Paranaense', 'IAP', 41),
(1614, 'Faculdade Astorga', 'FAAST', 41),
(1615, 'Instituto Superior Do Litoral Do Paraná', 'ISULPAR', 41),
(1616, 'Faculdade Angel Vianna', 'FAV', 33),
(1618, 'Instituto Blumenauense De Ensino Superior', 'IBES', 42),
(1619, 'Faculdade Ernesto Riscali', 'FAER', 35),
(1620, 'Faculdade Santa Rita', 'FASAR', 35),
(1621, 'Faculdade Network', 'NWK', 35),
(1622, 'Faculdade Do Interior Paulista', 'FIP', 35),
(1623, 'Faculdade De Ciências Agrárias De Andradina', 'FCAA', 35),
(1624, 'Faculdade Marechal Rondon', 'FMR', 35),
(1625, 'Faculdade Reunida', 'FAR', 35),
(1628, 'Faculdade De Ciências Humanas De Aguaí', 'FACHA', 35),
(1632, 'Faculdade Pitágoras De Londrina', NULL, 41),
(1634, 'Faculdade Batista Da Serra', 'FABAVI', 32),
(1636, 'Castelli Escola Superior De Hotelaria', 'CASTELLI ESH', 43),
(1637, 'Faculdade De Ciências Jurídicas E Sociais De Maceió', 'FAMA', 27),
(1638, 'Faculdade Do Amazonas', 'IAES', 13),
(1639, 'Faculdade Hélio Rocha', 'FHR', 29),
(1640, 'Faculdade De Ciências Humanas E Sociais', 'FACULDADE AGES', 29),
(1641, 'Faculdade Social Da Bahia', 'FSBA', 29),
(1642, 'Faculdade De Tecnologia E Ciências De Itabuna', 'FTC', 29),
(1643, 'Faculdade Anísio Teixeira De Feira De Santana', 'FAT', 29),
(1644, 'Faculdade Unime De Educação E Comunicação', 'FEC', 29),
(1645, 'Faculdade De Tecnologia E Ciências De Jequié', 'FTC', 29),
(1646, 'Faculdade De Educação Ciências E Letras De Paraíso', 'FECIPAR', 17),
(1647, 'Faculdade De Ensino E Cultura Do Ceará', 'FAECE', 23),
(1650, 'Faculdade J. Simões Ensino Superior', 'FABAVI', 32),
(1651, 'Faculdade De Educação', 'ISECUB', 32),
(1653, 'Faculdade De Guaçuí', 'UVV GUAÇUÍ', 32),
(1655, 'Faculdade Cenecista De Sete Lagoas', 'FCSL', 31),
(1656, 'Instituto De Ensino Superior De Teresina', 'IEST', 22),
(1657, 'Faculdade Educacional De Dois Vizinhos', 'FAED', 41),
(1658, 'Faculdade Integrada Da Grande Fortaleza', 'FGF', 23),
(1659, 'Faculdade Estácio De Sá De Ourinhos', 'FAESO', 35),
(1660, 'Faculdade De Ciências Sociais E Tecnológicas Facitec', 'FACITEC', 53),
(1661, 'Faculdade De Administração Escola Superior Professor Paulo Martins', 'ESPAM', 53),
(1662, 'Faculdade Capixaba De Administração E Educação', 'UNICES', 32),
(1663, 'Faculdade Araguaia', 'FARA', 52),
(1664, 'Faculdade Da Saúde E Ecologia Humana', 'FASEH', 31),
(1665, 'Faculdade Kennedy', 'FK', 31),
(1666, 'Faculdade Novos Horizontes', 'NOVOS HORIZONTES', 31),
(1668, 'Faculdade De Negócios De Belo Horizonte', NULL, 31),
(1669, 'Instituto Metropolitano De Ensino Superior', 'IMES', 31),
(1670, 'Faculdade Asa De Brumadinho', 'IECEMB - FAB', 31),
(1672, 'Instituto Esperança De Ensino Superior', 'IESPES', 15),
(1674, 'Instituto Salesiano De Filosofia', 'INSAF', 26),
(1675, 'Faculdade Metropolitana Da Grande Recife', 'UNESJ', 26),
(1676, 'Faculdade São Miguel', 'FACULDADE SÃO MIGUEL', 26),
(1677, 'Faculdade De Ensino Superior Do Piauí', 'FAESPI', 22),
(1678, 'Faculdade De Ciências De Wenceslau Braz', 'FACIBRA', 41),
(1679, 'Faculdade De Campina Grande Do Sul', 'FACSUL', 41),
(1680, 'Faculdade De Ciências E Tecnologia Mater Christi', 'MATER CHRISTI', 24),
(1681, 'Faculdade De Ciências Sociais Aplicadas Ibmec', 'FACULDADES IBMEC', 33),
(1682, 'Faculdade Salesiana Maria Auxiliadora', 'FSMA', 33),
(1683, 'Faculdade Piauiense', 'FAP', 22),
(1685, 'Faculdade Barddal De Ciências Contábeis', 'FB-CC', 42),
(1686, 'Faculdade Barddal De Artes Aplicadas', 'FB-AA', 42),
(1689, 'Faculdade Santa Izildinha', 'FIESI', 35),
(1690, 'Faculdade De São Vicente', 'FSV', 35),
(1691, 'Faculdade Práxis', 'FIPEP', 35),
(1692, 'Escola Superior De Tecnologia E Educação De Porto Ferreira', 'ESPF', 35),
(1693, 'Faculdade Itanhaém', 'FAITA', 35),
(1694, 'Escola Superior De Criciúma - Esucri', 'ESUCRI', 42),
(1695, 'Faculdade De Educação De Bom Despacho', 'FACEB', 31),
(1696, 'Faculdade Central De Cristalina', 'FACEC', 52),
(1697, 'Faculdade Escritor Osman Da Costa Lins', 'FACOL', 26),
(1699, 'Faculdade De Educação De Jaru', 'UNICENTRO', 11),
(1700, 'Faculdade Promove De Sete Lagoas', 'FSLMG', 31),
(1701, 'Faculdade Machado De Assis', 'FAMA', 33),
(1702, 'Faculdade Atual Da Amazônia', 'FAA', 14),
(1703, 'Instituto De Ensino Superior De Rio Verde', 'IESRIVER', 52),
(1706, 'Faculdade De Informática Do Recife', 'FACIR', 26),
(1707, 'Faculdade De Ciências Contábeis De Recife', 'FACCOR', 26),
(1708, 'Instituto Pernambucano De Ensino Superior', 'IPESU', 26),
(1709, 'Faculdade Integrada De Pernambuco', 'FACIPE', 26),
(1710, 'Faculdade De Negócios E Tecnologias Da Informação', 'FACNET', 53),
(1711, 'Faculdade De Presidente Prudente', 'FAPEPE', 35),
(1712, 'Faculdade De Ciências E Tecnologia De Teresina', 'FACET', 22),
(1713, 'Faculdade De Tecnologia De São Vicente', 'FATEF', 35),
(1714, 'Escola Superior De Gestão Comercial E Marketing', 'ESIC', 41),
(1715, 'Faculdade Do Sul Da Bahia', 'FASB', 29),
(1716, 'Faculdade União Das Américas', NULL, 41),
(1717, 'Faculdade De Imperatriz', 'FACIMP', 21),
(1718, 'Faculdade Nobre De Feira De Santana', 'FAN', 29),
(1721, 'Faculdade De Viçosa', 'FDV', 31),
(1722, 'Faculdade De Porto Velho', 'FIP', 11),
(1723, 'Escola Superior De Administração E Gestão', 'ESAGS', 35),
(1724, 'Faculdade De Guararapes', 'FAG', 35),
(1725, 'Faculdade Xv De Agosto', 'FAQ', 35),
(1726, 'Faculdade Santa Amélia', 'SECAL', 41),
(1727, 'Faculdade De Cariacica', 'FAC DE CARIACICA', 32),
(1728, 'Faculdade Interamericana De Porto Velho', 'UNIRON', 11),
(1731, 'Faculdade De Ciências Sociais Aplicadas', 'FCSA', 51),
(1732, 'Faculdade Gennari E Peartree', 'FGP', 35),
(1733, 'Faculdade De Ensino Superior De Marechal Cândido Rondon', 'ISEPE  RONDON', 41),
(1734, 'Faculdade Integral Diferencial', 'FACID', 22),
(1735, 'Faculdade De Ciências Aplicadas Doutor Leão Sampaio', 'FLS', 23),
(1736, 'Instituto Superior De Educação La Salle - Ise La Salle/rj', 'ISE LA SALLE/RJ', 33),
(1738, 'Instituto Luterano De Ensino Superior De Porto Velho', 'ULBRA ILES', 11),
(1739, 'Imp De Ensino Superior - Imp', 'IMP', 53),
(1741, 'Faculdade De Tecnologia Interamérica', 'INTERAMERICA', 35),
(1742, 'Faculdade De Tecnologia Carlos Drummond De Andrade', 'CSET DRUMMOND', 35),
(1743, 'Faculdade De Tecnologia Oswaldo Cruz', 'FATEC OSWALDO CRUZ', 35),
(1749, 'Faculdade Luso-brasileira', 'FALUB', 26),
(1750, 'Unidade De Ensino Superior Expoente', 'UNIEXP', 41),
(1752, 'Faculdade Autônoma De Direito', 'FADISP', 35),
(1753, 'Faculdade De Enfermagem Nova Esperança', 'FACENE', 25),
(1756, 'Faculdade Associada Brasil', 'FAB', 35),
(1758, 'Faculdade Independente Do Nordeste', 'FAINOR', 29),
(1759, 'Faculdade Padre João Bagozzi', 'FACULDADE BAGOZZI', 41),
(1762, 'Faculdade De Tecnologia E Negócios Carlos Drummond De Andrade', 'FTNCDA', 35),
(1763, 'Faculdade De Tecnologia Senai Chapecó', 'SENAI', 42),
(1764, 'Faculdade De Educação Regional Serrana', 'FUNPAC', 32),
(1765, 'Faculdade De José Bonifácio', 'FJB', 35),
(1766, 'Faculdade Espírito Santense', 'UNICAPE', 32),
(1767, 'Faculdade De Ciências Sociais Aplicadas', 'FACSA', 51),
(1768, 'Faculdade Regional Serrana', 'FUNPAC', 32),
(1771, 'Faculdade Santa Maria', 'FSM', 26),
(1772, 'Faculdade Nordeste', 'FANOR', 23),
(1773, 'Faculdade De Itapiranga', 'SEI/FAI', 42),
(1774, 'Faculdade Educacional De Ponta Grossa', 'UNIÃO', 41),
(1775, 'Faculdade Do Vale Do Ipojuca', 'FAVIP', 26),
(1776, 'Faculdade De Tecnologia Prof. Luiz Rosa', 'FATEC PROF LUIZ ROSA', 35),
(1777, 'Faculdade Metropolitana De Guaramirim', 'FAMEG', 42),
(1779, 'Faculdade Aiec', 'AIEC / FAAB', 53),
(1780, 'Faculdade Horizontina', 'FAHOR', 43),
(1781, 'Faculdade Intesp', 'INTESP', 35),
(1782, 'Faculdade De Artes, Ciências E Tecnologias', 'FACET', 29),
(1783, 'Faculdade De Ciências Sociais Aplicadas', 'FACISA - CELER', 42),
(1784, 'Faculdade Anhanguera De São Caetano', 'Fasc', 35),
(1785, 'Faculdade De Colider', 'FACIDER', 51),
(1786, 'Instituto Machadense De Ensino Superior', 'IMES', 31),
(1788, 'Faculdade De Administração E Artes De Limeira', 'FAAL', 35),
(1789, 'Faculdade Catuaí', 'ICES', 41),
(1790, 'Instituto Superior De Educação Do Sul Da Bahia', 'ISESB', 29),
(1792, 'Faculdade De Educação De Vitória', 'AUFES', 32),
(1797, 'Faculdade Norte Paranaense', 'UNINORTE', 41),
(1798, 'Faculdade Educacional De Cornélio Procópio', 'FACED', 41),
(1800, 'Faculdade De Realeza', 'CESREAL', 41),
(1801, 'Faculdade Dom Bosco De Ubiratã', 'DOM BOSCO UBIRATÃ', 41),
(1802, 'Faculdade De Ciências Da Saúde', 'FASU', 35),
(1803, 'Faculdade De Tecnologia E Ciências De Pernambuco', 'FATEC', 26),
(1804, 'Faculdade De Mauá - Fama', 'FAMA', 35),
(1805, 'Faculdade Dos Guararapes', 'FG', 26),
(1806, 'Faculdade Fernão Dias', 'FAFE', 35),
(1807, 'Instituto Federal De Educação, Ciência E Tecnologia Do Ceará', 'IFCE', 23),
(1808, 'Instituto Federal De Educação, Ciência E Tecnologia Do Espírito Santo', 'IFES', 32),
(1809, 'Instituto Federal De Educação, Ciência E Tecnologia De Pernambuco', 'IFPE', 26),
(1810, 'Instituto Federal De Educação, Ciência E Tecnologia De São Paulo', 'IFSP', 35),
(1811, 'Instituto Federal De Educação, Ciência E Tecnologia De Goiás', 'IFG', 52),
(1812, 'Instituto Federal De Educação, Ciência E Tecnologia  Do Amazonas', 'IFAM', 13),
(1813, 'Instituto Federal De Educação, Ciência E Tecnologia Do Pará', 'IFPA', 15),
(1814, 'Faculdade De Ciências Sociais E Aplicadas De Diamantino', 'UNED', 51),
(1815, 'Faculdade Do Instituto Brasil', 'FIBRA', 52),
(1816, 'Instituto De Ensino Superior De Bauru', 'IESB', 35),
(1817, 'Faculdade Estácio De Curitiba', NULL, 41),
(1818, 'Faculdade Pitágoras De Belo Horizonte', 'FPAS', 31),
(1819, 'Faculdade Farias Brito', 'FFB', 23),
(1820, 'Instituto Federal De Educação, Ciência E Tecnologia Do Piauí', 'IFPI', 22),
(1821, 'Faculdade Lions', 'FAC-LIONS', 52),
(1822, 'Faculdade Sul-americana', 'FASAM', 52),
(1823, 'Instituto De Ensino Superior Do Amapá', 'IESAP', 16),
(1824, 'Faculdade De Ciências Contábeis De Itabirito', 'FACCI', 31),
(1825, 'Faculdade De Estudos Superiores De Minas Gerais', 'FEAD', 31),
(1827, 'Faculdade Luterana De Teologia', 'FLT', 42),
(1828, 'Escola Da Cidade - Faculdade De Arquitetura E Urbanismo', 'ESCOLA DA CIDADE', 35),
(1830, 'Faculdade Anhanguera De Passo Fundo', NULL, 43),
(1831, 'Faculdade Centro Paulista', 'CESI', 35),
(1832, 'Faculdade De Jaboticabal', 'FAJAB', 35),
(1833, 'Faculdade De Arujá', 'FAR', 35),
(1834, 'Faculdade De Agudos', 'FAAG', 35),
(1835, 'Faculdade Integrada De Ensino Superior De Colinas', 'FIESC', 17),
(1836, 'Centro Universitário Fundação De Ensino Octávio Bastos - Feob', 'UNIFEOB', 35),
(1837, 'Escola De Estudos Superiores De Viçosa', 'ESUV', 31),
(1838, 'Faculdades Integradas Rio Branco', 'FRB', 35),
(1839, 'Faculdades Integradas De Várzea Grande', 'FIAVEC', 51),
(1840, 'Faculdade Castelo Branco', 'FCB', 32),
(1841, 'Faculdades Integradas Antônio Eufrásio De Toledo De Presidente Prudente', 'FIAETPP', 35),
(1842, 'Faculdades Integradas Machado De Assis', 'FEMA', 43),
(1843, 'Faculdade De Administração De Campo Belo', 'FACAMP', 31),
(1844, 'Faculdades Integradas Stella Maris De Andradina', 'FISMA', 35),
(1845, 'Fefisa - Faculdades Integradas De Santo André', 'FEFISA', 35),
(1846, 'Centro Universitário De Lins', 'UNILINS', 35),
(1847, 'Faculdade Atenas Maranhense De Imperatriz', 'FAMA', 21),
(1850, 'Faculdade Alvorada De Tecnologia E Educação De Maringá', 'FACULDADE ALVORADA', 41),
(1851, 'Escola Brasileira De Administração Pública E De Empresas', 'EBAPE', 33),
(1852, 'Faculdade Saberes', 'SABERES', 32),
(1853, 'Faculdade De Tecnologia Ibta', 'IBTA', 35),
(1854, 'Faculdades Integradas Claretianas', 'FIC', 35),
(1856, 'Faculdade Do Norte Novo De Apucarana', 'FACNOPAR', 41),
(1857, 'Faculdade Dehoniana', 'DEHONIANA', 35),
(1858, 'Faculdade Integrada Euclides Fernandes', 'FAJ', 29),
(1860, 'Faculdade De Ciências Gerenciais Padre Arnaldo Janssen', 'FAJANSSEN', 31),
(1862, 'Faculdade Da Região Serrana', 'FARESE', 32),
(1863, 'Faculdade De Mantena', 'FAMA', 31),
(1864, 'Faculdade De Administração Da Associação Brasiliense De Educação', 'FABE', 43),
(1865, 'Instituto Superior De Educação Alvorada Plus', 'ISEAP', 35),
(1866, 'Faculdade De Ciências Empresariais E Estudos Costeiros De Natal', 'FACEN', 24),
(1867, 'Faculdade De Ciências Gerenciais De Santos Dumont', 'FACIG', 31),
(1868, 'Instituto Superior De Educação De Santos Dumont', 'ISESD', 31),
(1869, 'Centro Universitário De Itajubá', 'UNIVERSITAS', 31),
(1870, 'Faculdades Integradas Regionais De Avaré', 'FIRA', 35),
(1872, 'Faculdades Integradas Santa Cruz De Curitiba', 'FARESC', 41),
(1873, 'Faculdade Mercúrio', 'FAMERC', 33),
(1874, 'Faculdade De Tecnologia De Ourinhos', 'FATEC', 35),
(1875, 'Faculdade De Filosofia, Ciências E Letras De Ibitinga', 'FAIBI', 35),
(1876, 'Faculdade Municipal Professor Franco Montoro De Mogi Guaçu', 'FMPFM', 35),
(1877, 'Faculdade Atual', 'FAAT', 16),
(1878, 'Centro Universitário Da Fundação Educacional Inaciana Pe Sabóia De Medeiros', 'FEI', 35),
(1879, 'Faculdade Educacional De Araucária', 'FACEAR', 41),
(1880, 'Faculdade Casa Do Estudante', 'FACE', 32),
(1881, 'Faculdade Da Escada', 'FAESC', 26),
(1883, 'Faculdade De Ciências Agrárias E Da Saúde', 'FAS', 29),
(1884, 'Faculdade Ranchariense', 'FRAN', 35),
(1885, 'Unidade De Ensino Superior Dom Bosco', 'UNDB', 21),
(1886, 'Faculdade De Monte Alto', 'FMA', 35),
(1887, 'Faculdade De Direito Da Serra', 'FABAVI', 32),
(1890, 'Faculdade Ávila', 'FAC', 52),
(1891, 'Faculdade Sartre Coc', 'FACOC SALVADOR', 29),
(1892, 'Faculdade Eniac', 'ENIAC', 35),
(1893, 'Escola De Negócios Do Estado Da Bahia - Eneb', 'ENEB', 29),
(1894, 'Faculdade Européia De Administração E Marketing', 'FEPAM', 26),
(1895, 'Faculdade Christus', 'CHRISTUS', 23),
(1898, 'Faculdade Do Litoral Sul Paulista', 'FALS', 35),
(1899, 'Faculdade Do Noroeste Paranaense', 'FANP', 41),
(1900, 'Faculdade Anchieta De Ensino Superior Do Paraná', 'FAESP', 41),
(1901, 'Faculdade Católica De Uberlândia', 'CATÓLICA', 31),
(1903, 'Faculdade Cristo Rei', 'FACCREI', 41),
(1904, 'Faculdade São Camilo', 'FASC', 33),
(1906, 'Instituto De Ensino Superior Materdei', 'IES-MATERDEI', 13),
(1907, 'Faculdade Educacional De Colombo', 'FAEC', 41),
(1908, 'Escola De Ensino Superior Alternativo', 'CESA', 32),
(1909, 'Faculdade Pereira De Freitas', 'FPF', 31),
(1910, 'Faculdade Baiana De Ciências', 'FABAC', 29),
(1913, 'Faculdade De Minas', 'FAMINAS', 31),
(1917, 'Faculdade De Ciências Biomédicas De Cacoal', 'FACIMED', 11),
(1918, 'Faculdade Capivari', 'FUCAP', 42),
(1919, 'Faculdade De Ciências Exatas E Tecnológicas Santo Agostinho - Facet', 'FACET', 31),
(1921, 'Faculdade De São Bento', 'FSB', 35),
(1923, 'Faculdade De Direito Padre Arnaldo Janssen', 'FAJANSSEN', 31),
(1925, 'Faculdade De Ciências Sociais Aplicadas Santo Agostinho', 'FACISA', 31),
(1926, 'Faculdade De Administração De Cataguases', 'UNIPACAT', 31),
(1927, 'Faculdades Integradas Do Vale Do Iguaçu', NULL, 41),
(1928, 'Faculdade Cenecista Ilha Do Governador', 'FACIG', 33),
(1930, 'Instituto Superior De Educação De São Paulo', 'SINGULARIDADES/ISESP', 35),
(1931, 'Instituto De Ensino Superior Franciscano', 'IESF', 21),
(1932, 'Faculdade Palotina', 'FAPAS', 43),
(1933, 'Faculdade Birigui', 'FABI', 35),
(1934, 'Faculdade Sinop', 'FASIP', 51),
(1936, 'Faculdade La Salle', NULL, 51),
(1937, 'Faculdade Evangélica De Salvador', 'FACESA', 29),
(1938, 'Faculdade Global De Umuarama', 'FGU', 41),
(1939, 'Instituto De Ensino Superior De Londrina - Inesul', 'INESUL', 41),
(1940, 'Faculdade De Nova Serrana', 'FANS', 31),
(1941, 'Faculdade Cuiabá', 'FAUC', 51),
(1943, 'Faculdade Serrana De Ensino Superior', 'FASEP', 53),
(1944, 'Faculdade De Tecnologia Ibratec', 'UNIBRATEC', 26),
(1945, 'Faculdade De Sorriso', 'FAIS', 51),
(1946, 'Faculdade Legale', 'FALEG', 35),
(1948, 'Faculdade De Ensino Superior Da Paraíba', 'FESP', 25),
(1949, 'Faculdade De Paulínia', 'FACP', 35),
(1950, 'Faculdade De Orlândia', 'FAO', 35),
(1951, 'Instituto De Educação E Ensino Superior De Samambaia', 'IESA', 53),
(1952, 'Faculdade De Ciências Jurídicas E Sociais Aplicadas Do Araguaia', 'FACULDADES CATHEDRAL', 51),
(1956, 'Instituto Batista De Ensino Superior De Alagoas', 'IBESA', 27),
(1957, 'Faculdade De Tecnologia Senai Joinville', 'SENAI DE JOINVILLE', 42),
(1958, 'Faculdade De Tecnologia Senai Blumenau', 'CET BLUMENAU', 42),
(1961, 'Instituto Tecnológico E Das Ciências Sociais Aplicadas E Da Saúde Do Centro Educ. N. Srª Auxiliadora', 'ITCSAS/CENSA', 33),
(1962, 'Instituto Superior De Educação Do Centro Educacional Nossa Senhora Auxiliadora', 'ISECENSA', 33),
(1964, 'Faculdade De Tecnologia Em Hotelaria, Gastronomia E Turismo De São Paulo', 'HOTEC', 35),
(1965, 'Faculdade De Tecnologia De Alagoas', 'FAT/AL', 27),
(1966, 'Faculdade Albert Einstein', 'FALBE', 53),
(1967, 'Faculdade Do Vale Do Itapecurú', 'FAI', 21),
(1968, 'Faculdade Atlântico', 'FA', 28),
(1969, 'Faculdade Dos Imigrantes - Fai', 'FAI', 43),
(1970, 'Faculdade Do Espírito Santo', 'UNES', 32),
(1972, 'Faculdade Tijucussu', 'TIJUCUSSU', 35),
(1973, 'Instituto Superior De Educação Orígenes Lessa', 'ISEOL', 35),
(1977, 'Centro De Estudos Superiores Aprendiz', 'CESA', 31),
(1978, 'Faculdade Metropolitana Da Grande Fortaleza', 'FAMETRO', 23),
(1980, 'Faculdade Sinergia', 'SINERGIA', 42),
(1984, 'Faculdade De Ciências Gerenciais De Manhuaçu', 'FACIG', 31),
(1986, 'Faculdade Estácio De Sá De Juiz De Fora', 'FESJF', 31),
(1988, 'Faculdade Avantis', 'AVANTIS', 42),
(1992, 'Instituto De Ensino Superior De Piedade', 'IESP', 26),
(1995, 'Faculdade De Medicina Nova Esperança', 'FAMENE', 25),
(1996, 'Instituto Cuiabá De Ensino E Cultura', 'ICEC', 51),
(1998, 'Instituto Superior De Educação Elvira Dayrell', 'ISEED', 31),
(2001, 'Seminário Adventista Latino-americano De Teologia', 'SALT', 29),
(2005, 'Faculdade De Ciências Sociais Aplicadas De Sinop', 'FACISAS', 51),
(2009, 'Faculdade De Taquaritinga', 'FSG', 35),
(2010, 'Faculdade De Ciências E Letras', 'ACADEMIA DE ENSINO', 35),
(2012, 'Instituto Superior De Educação De Pesqueira', 'ISEP', 26),
(2014, 'Faculdade Setelagoana De Ciências Gerenciais', 'FASCIG', 31),
(2015, 'Instituto Santo Tomás De Aquino', 'ISTA', 31),
(2019, 'Instituto Superior De Educação De Salgueiro', 'ISES', 26),
(2021, 'Faculdade Jk - Unidade Ii - Gama', NULL, 53),
(2022, 'Faculdade De Rolim De Moura', 'FAROL', 11),
(2023, 'Faculdade De Guanambi', NULL, 29),
(2027, 'Faculdade De Campina Grande', 'FAC-CG', 25),
(2030, 'Instituto Superior De Educação Campo Limpo Paulista', 'ISECAMP', 35),
(2032, 'Faculdade De Pedagogia E Formação De Normalistas De Araguaína', 'ITPAC', 17),
(2033, 'Instituto Superior De Educação De Floresta', 'ISEF', 26),
(2034, 'Faculdade De Ciências Contábeis De Araguaína', 'ITPAC', 17),
(2035, 'Faculdade Jaguariaíva', 'FAJAR', 41),
(2036, 'Faculdade Estácio Do Pará - Estácio Fap', 'FAP', 15),
(2037, 'Faculdade Unime De Ciências Exatas E Tecnológicas', 'FCT', 29),
(2039, 'Faculdade Cidade Luz', 'FACILUZ', 35),
(2040, 'Faculdade Do Futuro', 'FAF', 31),
(2041, 'Faculdade Sudamérica', 'SUDAMÉRICA', 31),
(2042, 'Faculdade Figueiredo Costa - Fic', NULL, 27),
(2043, 'Faculdade Vale Do Salgado', 'FVS', 23),
(2045, 'Faculdade Amadeus', 'FAMA', 28),
(2049, 'Instituto De Estudos Superiores Do Maranhão', 'IESMA', 21),
(2054, 'Faculdade De Educação De Nova Andradina', 'FENA', 50),
(2056, 'Faculdade Da Alta Paulista', 'FAP', 35),
(2058, 'Faculdade Metropolitana', 'UNNESA', 11),
(2067, 'Faculdade De Ciências Empresariais', 'FACEMP', 29),
(2069, 'Faculdade De Teologia E Ciências Humanas', 'FATECH', 16),
(2072, 'Faculdade De Desenvolvimento Sustentável De Cruzeiro Do Sul', 'IEVAL', 12),
(2073, 'Instituto Superior De Educação Padrão', 'ISE-PADRAO', 52),
(2075, 'Instituto De Ensino Superior De Alagoas', 'IESA', 27),
(2076, 'Faculdade Regional Da Bahia', 'FARB', 29),
(2077, 'Faculdade Anglo-americano', 'FAA', 41),
(2079, 'Faculdade De Itaituba', 'FAI', 15),
(2082, 'Faculdade De Ciências Médicas Da Paraíba', 'FCM-PB', 25),
(2084, 'Faculdade Cenecista De Nova Petrópolis', 'FACENP', 43),
(2085, 'Instituto Baiano De Ensino Superior', 'IBES', 29),
(2086, 'Instituto De Ensino Superior De Foz Do Iguaçu', 'IESFI', 41),
(2091, 'Instituto Superior De Educação Pró-saber', 'ISEPS', 33),
(2096, 'Faculdade De Ciências Jurídicas E Gerenciais De Manhuaçu', 'FACULDADES DOCTUM', 31),
(2098, 'Faculdade Kurios', 'FAK', 23),
(2102, 'Faculdade De Auriflama', 'FAU', 35),
(2111, 'Instituto Superior De Teologia Aplicada', 'INTA', 23),
(2113, 'Faculdade Dom Bosco De Porto Alegre', 'FDB', 43),
(2117, 'Faculdade De Ciência E Tecnologia', 'FACITEC', 41),
(2120, 'Instituto De Filosofia E De Teologia Paulo Vi', 'IFITEPS', 33),
(2122, 'Faculdade Estácio De Sergipe - Estácio Fase', 'FASE', 28),
(2123, 'Faculdade Max Planck', 'AESI', 35),
(2124, 'Faculdade Calafiori', 'CALAFIORI', 31),
(2126, 'Escola De Direito Do Rio De Janeiro', 'DIREITO RIO', 33),
(2128, 'Escola De Direito De São Paulo', 'DIREITO GV', 35),
(2129, 'Escola De Economia De São Paulo', 'EESP', 35),
(2131, 'Faculdade Fapan', 'FAPAN', 35),
(2132, 'Faculdade Barão Do Rio Branco', 'FAB', 12),
(2133, 'Faculdade De Ciências, Educação E Teologia Do Norte Do Brasil', 'FACETEN', 14),
(2134, 'Faculdade Da Igreja Ministério Fama', 'FAIFA', 52),
(2135, 'Faculdade Católica Rainha Do Sertão', 'FCRS', 23),
(2137, 'Faculdade São Marcos', 'FASAMAR', 17),
(2140, 'Instituto Superior De Educação Nossa Senhora De Lourdes', 'FNSL', 29),
(2141, 'Faculdade Teológica Batista Do Paraná', 'FTBP', 41),
(2145, 'Faculdade Infórium De Tecnologia', 'FIT', 31),
(2146, 'Faculdade Do Acre', 'FAC', 12),
(2147, 'Faculdade Metropolitana De Manaus', 'FAMETRO', 13),
(2148, 'Faculdade De Palmas', 'FAPAL', 17),
(2149, 'Faculdade Mato Grosso Do Sul', 'FACSUL', 50),
(2150, 'Faculdade Do Piauí', 'FAPI', 22),
(2151, 'Instituto Superior De Educação Berlaar', 'IBERLAAR', 31),
(2154, 'Instituto Superior De Ciências Humanas E Sociais Anísio Teixeira', 'ISAT', 33),
(2156, 'Faculdade São Tomás De Aquino', 'FACESTA', 27),
(2157, 'Instituto Superior De Educação Sant´ana', 'ISESA', 41),
(2158, 'Faculdade Santa Maria', 'FSM', 25),
(2160, 'Faculdade Sant''ana', 'IESSA', 41),
(2163, 'Instituto Superior De Educação Eugênio Gomes', 'ISEGO', 29),
(2165, 'Faculdade Foz Do Iguaçu', 'FAFIG', 41),
(2168, 'Faculdade Campo Grande', 'FCG', 50),
(2171, 'Instituto Belo Horizonte De Ensino Superior', 'IBHES', 31),
(2173, 'Faculdade Guaianás', 'FAG', 35),
(2174, 'Faculdade De Santa Catarina', 'FASC', 42),
(2175, 'Faculdade Metropolitana De Blumenau', 'FAMEBLU', 42),
(2177, 'Instituto Paulista De Ensino', 'FIPEN', 35),
(2180, 'Ratio - Faculdade Teológica E Filosófica', 'RATIO', 23),
(2183, 'Centro Universitário Fundação Santo André', 'CUFSA', 35),
(2184, 'Faculdade Cenecista Nossa Senhora Dos Anjos', 'FACENSA', 43),
(2186, 'Faculdade Salesiana Dom Bosco', 'FSDB', 13),
(2188, 'Instituto Superior De Educação Nossa Senhora De Sion', 'ISE - SION', 41),
(2189, 'Faculdade Do Maranhão', 'FACAM-MA', 21),
(2191, 'Faculdade Anhanguera De Pelotas', NULL, 43),
(2192, 'Instituto Superior De Educação Ivoti', 'ISEI', 43),
(2194, 'Faculdade Anhanguera Do Rio Grande', NULL, 43),
(2198, 'Faculdade Monteiro Lobato', 'FATO', 43),
(2200, 'Faculdade Vale Do Gorutuba', 'FAVAG', 31),
(2202, 'Instituto Superior De Educação De Guaratuba', 'ISEPE', 41),
(2205, 'Faculdade De Tupi Paulista', 'CESTUPI', 35),
(2206, 'Faculdade Fae São José Dos Pinhais', NULL, 41),
(2220, 'Faculdade De Ciências Jurídicas De Juiz De Fora', 'FACULDADES DOCTUM', 31),
(2222, 'Faculdade Sete De Setembro', 'FASETE', 29),
(2229, 'Faculdade Victor Hugo', 'FVH', 31),
(2233, 'Faculdade De Ciências Sociais Aplicadas De Belo Horizonte', 'FACISABH', 31),
(2237, 'Faculdade Teológica Batista Equatorial', 'FATEBE', 15),
(2240, 'Faculdade De Fortaleza', 'FAFOR', 23),
(2241, 'Faculdade Do Sudeste Mineiro', 'FACSUM', 31),
(2242, 'Faculdade Do Recife', 'FAREC', 26),
(2243, 'Faculdade Paraíbana', 'FAP', 25),
(2244, 'Faculdade Da Cidade De Maceió', 'FACIMA', 27),
(2245, 'Faculdade Do Espírito Santo', 'FACES', 32),
(2246, 'Faculdade União Americana', 'UNIÃO AMERICANA', 24),
(2247, 'Faculdade Chafic', 'CHAFIC', 35),
(2248, 'Faculdade Sergipana', 'FASER', 28),
(2256, 'Faculdade Stella Maris', 'FSM', 23),
(2257, 'Faculdade Diadema', 'FAD', 35),
(2264, 'Faculdade De Comunicação Pitágoras Unidade Guarapari', 'PIT GUARAPARI', 32),
(2266, 'Faculdade Cambury De Formosa', 'CAMBURY', 52),
(2270, 'Faculdade De Ciências Sociais Aplicadas De Extrema', 'FAEX', 31),
(2271, 'Faculdade Pitágoras De Ipatinga', 'FPI', 31),
(2275, 'Faculdade De Direito Santo Agostinho', 'FADISA', 31),
(2279, 'Faculdade Integrada Metropolitana De Campinas', 'METROCAMP', 35),
(2282, 'Faculdade De Cafelândia', 'FAC', 41),
(2287, 'Escola Superior De Teologia E Espiritualidade Franciscana', 'ESTEF', 43),
(2288, 'Faculdade Almeida Rodrigues', 'FAR', 52),
(2289, 'Faculdades Integradas De Angeles', 'FIA', 35),
(2297, 'Faculdade De Direito De Santa Maria', 'FADISMA', 43),
(2301, 'Faculdade Fidelis', 'FF', 41),
(2308, 'Faculdade Geremário Dantas', 'SFNSC', 33),
(2311, 'Faculdade De Ciências Jurídicas Professor Alberto Deodato', 'FCJPAD', 31),
(2312, 'Faculdade Luterana Rui Barbosa', 'FALURB', 41),
(2317, 'Faculdade Do Descobrimento', 'FACDESCO', 29),
(2319, 'Escola Superior De Educação Corporativa', 'ESEC', 42),
(2320, 'Instituto Superior De Educação Ateneu', 'ISEAT', 32),
(2322, 'Faculdade Ateneu', 'FATE', 32),
(2323, 'Faculdade Da Amazônia', 'FAMA', 11),
(2324, 'Faculdade União Bandeirante', 'FACULDADE UNIBAN', 42),
(2328, 'Faculdade Iteana De Botucatu', 'FITB', 35),
(2330, 'Faculdade Cândido Rondon - Fcr', 'FCR', 51),
(2332, 'Faculdade Corporativa Cespi', 'FACESPI', 35),
(2334, 'Instituto Superior Mendes De Almeida', 'IMA', 33),
(2336, 'Faculdade Montes Belos', 'FMB', 52),
(2341, 'Faculdade Da Aldeia De Carapicuíba', 'FALC', 35),
(2342, 'Instituto Superior De Educação Ceres', 'ISE-CERES', 35),
(2343, 'Faculdade Da Amazônia Ocidental', 'FAAO', 12),
(2346, 'Instituto Superior De Filosofia Berthier', 'IFIBE', 43),
(2348, 'Instituição De Ensino São Francisco', 'IESF', 35),
(2350, 'Escola Superior Madre Celeste', 'ESMAC', 15),
(2351, 'Faculdade Espírito Santense De Ciências Jurídicas', 'PIO XII - DIR', 32),
(2355, 'Faculdade Anhanguera De Matão', NULL, 35),
(2356, 'Faculdade Pan Americana', 'FPA', 15),
(2361, 'Faculdade Padrão', '-', 52),
(2362, 'Faculdade De Ciências Médicas De Campina Grande', 'FCM', 25),
(2364, 'Faculdade De Administração De Empresas De Paraíso Do Tocantins', 'FAP', 17),
(2365, 'Faculdade Católica Do Tocantins', 'FACTO', 17),
(2366, 'Faculdade De Sistemas De Informação De Paraíso Do Tocantins', 'FSIP', 17),
(2368, 'Faculdade De Medicina e Odontologia São Leopoldo Mandic', 'SLMANDIC', 35),
(2369, 'Instituto De Ensino Superior Santo Antônio', 'INESA', 42),
(2380, 'Faculdade Estácio Do Amapá - Estácio Famap', 'FAMAP', 16),
(2383, 'Faculdade Meridional', 'IMED', 43),
(2384, 'Faculdade Integrada Do Brasil', 'FAIBRA', 22),
(2389, 'Faculdade De Filosofia E Teologia Paulo Vi', 'FFTP', 35),
(2395, 'Faculdade De Campo Verde', 'FCV', 51),
(2397, 'Faculdade Fucape', 'FUCAPE', 32),
(2398, 'Instituto Superior De Educação De Campo Verde', 'ISE - CAMPO VERDE', 51),
(2399, 'Faculdade De Sorocaba', NULL, 35),
(2402, 'Faculdade Cidade Do Salvador', 'FCS', 29),
(2408, 'Escola Superior De Administração, Marketing E Comunicação De Santos', 'ESAMC SANTOS', 35),
(2409, 'Faculdade Asces', 'ASCES', 26),
(2410, 'Faculdade Cearense', 'FAC', 23),
(2413, 'Faculdade De Ensino Superior De Floriano', 'FAESF', 22),
(2420, 'Faculdade Paranaense', 'FAPAR', 41),
(2423, 'Faculdade De Ciência E Tecnologia De Montes Claros', 'FACIT', 31),
(2426, 'Faculdade Integrada Brasil Amazonia - Fibra', 'FIBRA', 15),
(2428, 'Faculdade De Ciências E Tecnologias De Campos Gerais', 'FACICA', 31),
(2431, 'Faculdade Estácio Montessori De Ibiúna', 'FMI', 35),
(2435, 'Faculdade De Ciências Contábeis Luiz Mendes', 'LUMEN FACULDADES', 25),
(2436, 'Faculdade Táhirih', 'FT', 13),
(2437, 'Faculdade Pitágoras De Teixeira De Freitas', 'PIT TEIXEIRA', 29),
(2440, 'Faculdade Cidade De João Pinheiro', 'FCJP', 31),
(2442, 'Faculdade De Ciências Biomédicas Do Espírito Santo', 'PIO XII - BIO', 32),
(2443, 'Faculdade Promove De Janaúba', NULL, 31),
(2444, 'Faculdade João Calvino', 'FJC', 29),
(2447, 'Instituto Educacional De Castro', 'INEC', 41),
(2450, 'Faculdade De Direito Promove', 'PROMOVE', 31),
(2451, 'Faculdades Integradas Ipiranga', 'FAINTIPI', 15),
(2456, 'Faculdade De Administração De Chapadão Do Sul', 'FACHASUL', 50),
(2459, 'Faculdade De Estudos Avançados Do Pará', 'FEAPA', 15),
(2460, 'Faculdade Estácio De Natal', 'FCC', 24),
(2461, 'Faculdade Cbes', 'CBES', 41),
(2462, 'Faculdade São Luís', 'FSL', 42),
(2463, 'Faculdade Joana D''arc', 'FJD', 35),
(2465, 'Faculdade De Direito Professor Damásio De Jesus', 'FDDJ', 35),
(2466, 'Facudade Ieducare - Fied', 'FIED', 23),
(2468, 'Instituto Teológico Franciscano', 'ITF', 33),
(2469, 'Instituto Macapaense De Ensino Superior', 'IMMES', 16),
(2470, 'Instituto Salvador De Ensino E Cultura', 'ISEC', 29),
(2474, 'Faculdade Maria Milza', 'FAMAM', 29),
(2475, 'Faculdade Arquidiocesana De Mariana', 'FAM', 31),
(2477, 'Faculdade De Administração De Mariana', 'FAMA', 31),
(2478, 'Faculdade De Integração Do Ensino Superior Do Cone Sul', 'FISUL', 43),
(2484, 'Faculdade Processus', 'PFD', 53),
(2485, 'Faculdade Católica De Fortaleza', 'FCF', 23),
(2486, 'Faculdade Leonardo Da Vinci', 'ULBRA', 43),
(2488, 'Faculdade Anglicana De Erechim', 'FAE', 43),
(2491, 'Instituto Superior De Educação Do Cecap', 'ISCECAP', 53),
(2494, 'Faculdade De Pindamonhangaba', 'FAPI', 35),
(2497, 'Faculdade Ateneu', 'FATE', 23),
(2499, 'Faculdade Apoio', 'FA', 29),
(2500, 'Faculdade Einstein', NULL, 29),
(2501, 'Faculdade Estácio De Sá De Goiás', 'FESGO', 52),
(2504, 'Faculdade Divinópolis', 'FACED', 31),
(2505, 'Faculdade De Arte E Design', 'FAD', 31),
(2508, 'Instituto Superior De Educação Santo Agostinho', 'ISA', 31),
(2511, 'Faculdade De Direito Unidade Guarapari', 'FADIG', 32),
(2513, 'Faculdade Arthur Thomas', 'CESA', 41),
(2514, 'Instituto Natalense De Educação Superior', 'INAES', 24),
(2521, 'Instituto Superior De Educação Do Sul Do Piauí', 'ISESPI', 22),
(2529, 'Instituto Superior De Educação De Iguape', 'ISE IGUAPE', 35),
(2532, 'Faculdade Do Sudeste Goiano', 'FASUG', 52),
(2536, 'Faculdade Roraimense De Ensino Superior', 'FARES', 14),
(2537, 'Faculdade São Geraldo', 'FSG', 32),
(2538, 'Faculdade Venda Nova Do Imigrante', 'FAVENI', 32),
(2539, 'Faculdade Evangélica Do Meio Norte', 'FAEME', 21),
(2548, 'Faculdade De Teologia, Filosofia E Ciências Humanas Gamaliel', 'FATEFIG', 15),
(2549, 'Faculdade Paulista De Educação E Comunicação', 'FAPEC', 35),
(2552, 'Instituto Superior De Ciências Da Saúde', 'INCISA', 31),
(2554, 'Faculdade De Educação Santa Terezinha', 'FEST', 21),
(2556, 'Fiam-faam - Centro Universitário', 'UNIFIAM-FAAM', 35),
(2557, 'Faculdade De Ciências Sociais Aplicadas De Penedo', 'FCSAP', 27),
(2558, 'Faculdade De Direito De Vila Velha', NULL, 32),
(2560, 'Faculdade De Ensino Superior Da Cidade De Feira De Santana', 'FAESF/UNEF', 29),
(2561, 'Faculdade De Ciências Administrativas', 'FCA', 51),
(2564, 'Universidade Federal De Campina Grande', 'UFCG', 25),
(2566, 'Instituto De Ensino Superior De Olinda', 'IESO', 26),
(2568, 'Faculdade Zacarias De Góes', 'FAZAG', 29),
(2569, 'Faculdade De Tecnologia Faesa', 'CET-FAESA', 32),
(2570, 'Faculdade De Ciências Educacionais', 'FACE', 29),
(2571, 'Faculdade Redentor', 'FACREDENTOR', 33),
(2572, 'Faculdade Regional De Filosofia, Ciências E Letras De Candeias', 'FAC', 29),
(2573, 'Faculdade Teológica Sul Americana', 'FTSA', 41),
(2575, 'Faculdades Integradas Soares De Oliveira', 'FISO', 35),
(2576, 'Faculdades Pitágoras Unidade Guarapari', 'FIPAG', 32),
(2577, 'Instituto Superior De Música De São Leopoldo', 'ISM', 43),
(2579, 'Faculdade Atenas', NULL, 31),
(2580, 'Instituto Superior De Educação Paulo Martins', 'ISPAM', 53),
(2581, 'Faculdade São Salvador', 'FSS', 29),
(2582, 'Faculdade De Ensino Superior Do Centro Do Paraná', 'UCP', 41),
(2591, 'Escola Brasileira De Economia E Finanças', 'EBEF', 33),
(2593, 'Faculdade De Juazeiro Do Norte', 'FJN', 23),
(2594, 'Faculdade Teológica Batista Ana Wollerman', 'FTBAW', 50),
(2598, 'Faculdade Pensar', 'FP', 29),
(2609, 'Instituto Superior De Educação De Tupi Paulista', 'ISETP', 35),
(2613, 'Faculdade Meta', 'FAMETA', 12),
(2616, 'Faculdade Santo Antônio De Pádua', 'FASAP', 33),
(2617, 'Faculdade São Bento Do Rio De Janeiro', 'FSB/RJ', 33),
(2619, 'Faculdade De Direito De Itabira', 'FDI', 31),
(2620, 'Faculdade De Ampére', 'FAMPER', 41),
(2622, 'Instituto Superior De Educação Da Serra', 'FABAVI', 32),
(2623, 'Faculdade Do Tapajós', 'FAT', 15),
(2624, 'Faculdade Do Litoral Paranaense', 'FLP', 41),
(2625, 'Faculdade De Tecnologia Ibta - São José Dos Campos', 'IBTA', 35),
(2629, 'Faculdade De Ciências Contábeis E De Administração Do Vale Do Juruena', 'AJES', 51),
(2630, 'Instituto Superior De Educação Do Vale Do Juruena', 'AJES', 51),
(2632, 'Faculdades Integradas Do Extremo Sul Da Bahia', 'UNISULBAHIA', 29),
(2636, 'Faculdade Dinâmica Do Vale Do Piranga', 'FADIP', 31),
(2639, 'Faculdade De Tecnologia Senai Concórdia', 'CET CONCÓRDIA', 42),
(2640, 'Faculdade De Ciências Da Saúde Da Serra', 'FABAVI', 32),
(2642, 'Faculdade São Vicente', 'FASVIPA', 27),
(2647, 'Faculdade Integrada De Santa Maria', 'FISMA', 43),
(2651, 'Faculdade Tamandaré', 'FAT', 52),
(2652, 'Faculdade Unida De Vitória', 'FACULDADE UNIDA', 32),
(2656, 'Faculdade Santa Catarina', 'FASC', 26),
(2660, 'Faculdade Phênix De Ciências Humanas E Sociais Do Brasil', 'PHENIX', 52),
(2676, 'Faculdade La Salle', NULL, 13),
(2677, 'Instituto Superior De Educação São Judas Tadeu', 'ISESJT', 22),
(2687, 'Faculdade Dom Alberto', 'FDA', 43),
(2688, 'Faculdade Inesp - Instituto Nacional De Ensino E Pesquisa', 'INESP', 35),
(2702, 'Faculdade De Ciências Jurídicas De Paraíso Do Tocantins', 'FCJP', 17),
(2703, 'Faculdade Senac Minas', 'FSM', 31),
(2722, 'Faculdade Católica Do Ceará', 'FCC', 23),
(2723, 'Faculdade Marista', 'FMR', 26),
(2724, 'Instituto De Ensino Superior Do Sul Do Maranhão', 'IESMA', 21),
(2726, 'Escola Superior De Administração De Empresas', 'INEA', 35),
(2730, 'Unipb - Faculdade Unida Da Paraíba', 'UNIPB', 25),
(2736, 'Instituto Tecnológico De Caratinga', 'ITC', 31),
(2741, 'Faculdade Católica Dom Orione', 'FACDO', 17),
(2744, 'Instituto Superior De Educação Vera Cruz', 'ISE VERA CRUZ', 35),
(2745, 'Escola Superior Da Amazônia', 'ESAMAZ', 15),
(2750, 'Faculdade De Tecnologia Senai Luzerna', 'SENAI LUZERNA', 42),
(2753, 'Faculdade De Ciências Educacionais Capim Grosso', 'FACE', 29),
(2754, 'Faculdade São Paulo', 'FSP', 11),
(2755, 'Faculdade Do Vale Do Itajaí Mirim', 'FAVIM', 42),
(2756, 'Faculdade Anhanguera De Valparaíso', 'FAV', 52),
(2761, 'Faculdade Do Sertão', 'UESSBA', 29),
(2763, 'Faculdade De Ciências Gerenciais De São Gotardo', 'CESG', 31),
(2766, 'Faculdade Empresarial De Chapecó', 'FAEM', 42),
(2770, 'Faculdade Unida De Campinas', 'FACUNICAMPS', 52),
(2771, 'Centro De Ensino Superior De Ilhéus', 'CESUPI', 29),
(2773, 'Faculdade De Macapá', 'FAMA', 16),
(2774, 'Centro Universitário Unifafibe', 'FAFIBE', 35),
(2775, 'Faculdades Integradas Desembargador Sávio Brandão - Fausb', 'FAUSB', 51),
(2779, 'Faculdade De Informática De Ouro Preto Do Oeste', 'FIOURO', 11),
(2783, 'Faculdade De Tecnologia Do Nordeste', 'FATENE', 23),
(2784, 'Faculdade Fae Blumenau', NULL, 42),
(2787, 'Faculdades Pequeno Príncipe', 'FPP', 41),
(2791, 'Faculdade De Ciências Agrárias E Exatas De Primavera Do Leste', 'FCAE', 51),
(2793, 'Faculdade União', 'FACULDADE UNIÃO', 35),
(2794, 'Faculdade De Ciências Sociais E Humanas Sobral Pinto', 'FAIESP', 51),
(2795, 'Faculdade São Francisco De Assis', 'FASFA', 51),
(2796, 'Faculdade De Iporá', 'FAI', 52),
(2799, 'Faneesp - Faculdade Nacional De Educação E Ensino Superior Do Paraná', 'FANEESP', 41),
(2804, 'Faculdade Ccaa', 'FAC CCAA', 33),
(2805, 'Faculdade Modelo', 'FACIMOD', 41),
(2806, 'Faculdade Evangélica De São Paulo', NULL, 35),
(2808, 'Faculdades Itecne De Cascavel', 'ITECNE', 41),
(2810, 'Instituto Superior De Educação Anísio Teixeira', 'ISEAT', 31),
(2811, 'Faculdade Paulus De Tecnologia E Comunicação', 'FAPCOM', 35),
(2814, 'Faculdade São Sebastião', 'FASS', 35),
(2821, 'Faculdade Idc', 'IDC', 43),
(2826, 'Faculdade Nossa Senhora De Fátima', 'FACULDADE FÁTIMA', 43),
(2827, 'Faculdade Evangélica Do Piaui', 'FAEPI', 22),
(2831, 'Faculdade Dom Bosco De Goioerê', 'DOM BOSCO GOIOERÊ', 41),
(2832, 'Instituto Superior De Educação Programus', 'ISEPRO', 22),
(2835, 'Faculdade Maurício De Nassau', 'FMN', 26),
(2836, 'Faculdade Sul Da América', 'SULDAMÉRICA', 52),
(2840, 'Faculdade Metodista De Teologia E Ciências Humanas Da Amazônia', 'FATEO-PVH', 11),
(2841, 'Faculdade Paranapanema', 'FP', 41),
(2843, 'Faculdade De Ciências Médicas E Da Saúde De Juiz De Fora', 'FCMS/JF', 31),
(2844, 'Faculdade Salesiana Dom Bosco De Piracicaba', 'FSDB', 35),
(2845, 'Faculdade Reinaldo Ramos', 'FARR', 25),
(2846, 'Faculdade De Teologia Umbandista', 'F.T.U.', 35),
(2849, 'Escola Superior Dom Helder Câmara', 'ESDHC', 31),
(2853, 'Faculdade Pitágoras De Tecnologia De Guarapari', NULL, 32),
(2855, 'Faculdade São Francisco De Assis', 'UNIFIN', 43),
(2859, 'Faculdade De Belém', 'FABEL', 15),
(2870, 'Faculdade Serra Do Carmo', 'FASEC', 17),
(2879, 'Faculdade Metropolitana De Caieiras', 'FMC', 35),
(2885, 'Faculdade São Camilo', 'FASC-MG', 31),
(2886, 'Faculdade Zumbi Dos Palmares', 'FAZP', 35),
(2891, 'Faculdade Barão De Piratininga', 'AES', 35),
(2895, 'Faculdade De Educação E Tecnologia Da Região Missioneira', 'FETREMIS', 43),
(2896, 'Faculdade Satc', 'FASATC', 42),
(2903, 'Faculdade Concórdia', 'FACC', 42),
(2904, 'Faculdade Jk - Guará', 'ESAMC BRASÍLIA', 53),
(2908, 'Faculdade Natalense De Ensino E Cultura', 'FANEC', 24),
(2909, 'Faculdade Do Estado Do Maranhão', 'FACEM', 21),
(2910, 'Faculdade Verde Norte', 'FAVENORTE', 31),
(2911, 'Faculdade Pan Amazônia', 'FAPAN', 15),
(2912, 'Faculdade De Ciência E Tecnologia Albert Einstein', 'FACTAE', 29),
(2915, 'Faculdade Cidade De Patos De Minas', 'FPM', 31),
(2917, 'Faculdade Brasil Norte', 'FABRAN', 16),
(2918, 'Faculdade De Ensino Superior Da Amazônia Reunida', 'FESAR', 15),
(2922, 'Instituto Superior De Educação De Barretos', 'ISEB', 35),
(2927, 'Faculdade Del Rey', 'FDR', 31),
(2935, 'Faculdade De Talentos Humanos', 'FACTHUS', 31),
(2942, 'Instituto Superior De Educação Franciscano Nossa Senhora De Fátima', 'FATIMA', 53),
(2944, 'Faculdade Do Sul', 'FACSUL', 29),
(2949, 'Faculdade Do Baixo Parnaíba', 'FAP', 21),
(2950, 'Escola Superior De Administração, Direito E Economia', 'ESADE', 43),
(2961, 'Faculdade Do Pantanal Matogrossense', 'FAPAN', 51),
(2964, 'Faculdade Projeção Do Guará', NULL, 53),
(2969, 'Instituto Superior De Educação Ocidente', 'OCIDEMNTE', 29),
(2971, 'Faculdade Barretos', 'FB', 35),
(2973, 'Faculdade De Ciências Humanas E Biológicas E Da Saúde', 'FCHBS', 51),
(2974, 'Faculdade De Ciências Jurídicas E Sociais Aplicadas De Primavera Do Leste', 'FCJSA', 51),
(3001, 'Faculdade Cenecista De Rondonópolis', 'FACER', 51),
(3004, 'Instituto De Ensino Superior Santa Cecília', 'IESC', 27),
(3007, 'Faculdade Do Instituto Nacional De Pós-graduação De Campinas', 'FAC. INPG - CAMPINAS', 35),
(3008, 'Faculdade Do Instituto Nacional De Pós-graduação De São José Dos Campos', 'FACULDADE INPG - SJC', 35),
(3012, 'Fajopa - Faculdade João Paulo Ii', 'FAJOPA', 35),
(3020, 'Faculdade Santa Rita De Cássia', 'UNIFASC', 52),
(3021, 'Instituto Superior De Educação Santa Rita De Cássia', 'ISESC', 52),
(3027, 'Faculdade De Ciências Educacionais E Sistemas Integrados', 'FACESI', 41),
(3029, 'Faculdade Da Amazônia', 'FAAM', 15),
(3034, 'Faculdade Delta', 'FACDELTA', 29),
(3042, 'Christus Faculdade Do Piauí', 'CHRISFAPI', 22),
(3051, 'Faculdade Teológica De Ciências Humanas E Sociais Logos', 'FAETEL', 35),
(3099, 'Faculdade Potiguar Da Paraíba', 'FPB', 25),
(3117, 'Faculdade De Saúde E Desenvolvimento Humano Santo Agostinho', 'FS', 31),
(3146, 'Faculdade De Odontologia Do Recife', 'FOR', 26),
(3148, 'Faculdade Anchieta Do Recife', 'FAR', 26),
(3149, 'Faculdade Pitágoras De Divinópolis - Fpd', 'FPD', 31),
(3151, 'Universidade Comunitária Da Região De Chapecó', 'UNOCHAPECÓ', 42),
(3154, 'Faculdade De Tecnologia Senai Rio Do Sul', 'SENAI RIO DO SUL', 42),
(3155, 'Faculdade De Tecnologia Senai Jaraguá Do Sul', 'FATEC', 42),
(3156, 'Faculdade De Tecnologia Senai Brusque', 'SENAI/SC BRUSQUE', 42),
(3157, 'Instituto Superior De Educação Almeida Rodrigues', 'ISEAR', 52),
(3158, 'Instituto Superior De Educação Anglo-americano De Foz Do Iguaçu', 'ISEAAFI', 41),
(3159, 'Faculdade De Tecnologia Senai Florianópolis', 'SENAI -SC - CTAI', 42),
(3160, 'Instituto Federal De Educação, Ciência E Tecnologia De Alagoas', 'IFAL', 27),
(3161, 'Instituto Federal De Educação, Ciência E Tecnologia Do Sertão Pernambucano', NULL, 26),
(3162, 'Instituto Federal De Educação, Ciência E Tecnologia  De Santa Catarina', 'IF-SC', 42),
(3163, 'Instituto Federal De Educação, Ciência E Tecnologia Do Rio De Janeiro', 'IFRJ', 33),
(3164, 'Instituto Federal De Educação, Ciência E Tecnologia De Mato Grosso', 'IFMT', 51),
(3165, 'Instituto Federal De Educação, Ciência E Tecnologia  Do Triângulo Mineiro', NULL, 31),
(3169, 'Faculdade De Tecnologia Ibta Campinas', 'IBTA', 35),
(3170, 'Faculdades Integradas Associação De Ensino De Santa Catarina', 'FASSESC', 42),
(3171, 'Faculdade Equipe', 'FAE', 43),
(3172, 'Universidade Do Estado Do Amazonas', 'UEA', 13),
(3173, 'Faculdade De Tecnologia Do Comércio', 'FATEC-COMERCIO', 31),
(3176, 'Instituto Superior De Educação Equipe', 'ISEE', 43),
(3177, 'Faculdade De Administração Da Fespsp', 'FADFESPSP', 35),
(3180, 'Instituto Superior De Educação União Das Américas', 'UNIAMÉRICA', 41),
(3182, 'Centro De Ensino Superior Arcanjo Mikael De Arapiraca', 'CESAMA', 27),
(3183, 'Instituto Federal De Educação, Ciência E Tecnologia De Sergipe', 'IFS', 28),
(3184, 'Instituto Federal De Educação, Ciência E Tecnologia De Roraima', 'IFRR', 14),
(3186, 'Faculdade De São Roque', 'FAEV', 35),
(3187, 'Instituto Superior De Educação Coração De Jesus', 'ISECJ', 31),
(3188, 'Instituto Federal De Educação, Ciência E Tecnologia Do Norte De Minas Gerais', 'IFNMG', 31),
(3189, 'Instituto Federal De Educação, Ciência E Tecnologia De Minas Gerais', 'IFMG', 31),
(3190, 'Instituto Superior De Educação De Garça', 'ISEG', 35),
(3192, 'Instituto Superior De Educação De Cajazeiras', 'ISEC', 25),
(3193, 'Faculdades Integradas Dos Campos Gerais', 'CESCAGE', 41),
(3194, 'Faculdade De Minas Bh', 'FAMINAS-BH', 31),
(3203, 'Instituto Superior De Educação Albert Einstein', 'ISALBE', 53),
(3204, 'Faculdade De Quatro Marcos', 'FQM', 51),
(3205, 'Faculdade De Ciências Biológicas E Da Saúde', 'FACISA', 31),
(3209, 'Faculdade De Araçatuba', NULL, 35),
(3215, 'Faculdade Entre Rios Do Piauí', 'FAERPI', 22),
(3216, 'Faculdade De Ciências Da Bahia - Faciba', 'FACIBA', 29),
(3223, 'Escola Superior De Ciências Da Saúde', 'ESCS', 53),
(3224, 'Faculdade De Farmácia E Bioquímica', 'ITPAC', 17),
(3225, 'Faculdade De Enfermagem', 'ITPAC', 17),
(3226, 'Faculdade De Medicina', 'ITPAC', 17),
(3227, 'Faculdade De Sistema De Informação', 'ITPAC', 17),
(3228, 'Faculdade De Administração', 'ITPAC', 17),
(3230, 'Faculdade Luiz Eduardo Magalhães', 'FILEM', 29),
(3232, 'Faculdade Iguaçu', 'FI', 41),
(3238, 'Faculdade De Odontologia', 'ITPAC', 17),
(3252, 'Faculdade Quirinópolis', 'FAQUI', 52),
(3268, 'Faculdade Madre Thais', 'FMT', 29),
(3270, 'Faculdade São Bento Da Bahia', NULL, 29),
(3279, 'Instituto Federal De Educação, Ciência E Tecnologia Do Sudeste De Minas Gerais', 'IFSEMG', 31),
(3285, 'Faculdade Santo Antonio', 'FSA', 29),
(3294, 'Faculdade De Tecnologia Eniac-fapi', 'ENIAC', 35),
(3295, 'Faculdade De Tecnologia Senac Florianópolis', 'SENAC FLORIANÓPOLIS', 42),
(3299, 'Faculdade De Tecnologia Informática', 'FATI', 23),
(3302, 'Instituto Superior De Educação De Junqueirópolis', 'ISEJ', 35),
(3303, 'Faculdades Integradas Mato-grossenses De Ciências Sociais E Humanas', 'ICE', 51),
(3304, 'Faculdades Integradas De Patos', 'FIP', 25),
(3306, 'Faculdade De Tecnologia Ipuc', 'FATIPUC', 43),
(3307, 'Faculdade Ined De Rio Claro', 'CBTA', 35),
(3308, 'Faculdade De Tecnologia Termomecânica', 'FTT', 35),
(3309, 'Faculdade De Tecnologia Internacional', 'FATEC INTERNACIONAL', 41),
(3311, 'Faculdade De Tecnologia São Francisco', 'FATESF', 32),
(3319, 'Faculdade De Ensino Superior De Catalão', 'FACULDADE CESUC', 52),
(3323, 'Instituto De Educação E Ensino Superior De Campinas', 'IESCAMP', 35),
(3332, 'Faculdade De Tecnologia Senac Rio', 'FATEC', 33),
(3333, 'Faculdade De Tecnologia Tecbrasil', 'Ftec Caxias do Sul', 43),
(3336, 'Universidade Estadual Do Rio Grande Do Sul', 'UERGS', 43),
(3337, 'Faculdade De Tecnologia De Teresina', 'FACULDADE CET', 22),
(3339, 'Faculdade De Getúlio Vargas', 'FACULDADE IDEAU', 43),
(3360, 'Instituto De Educação Superior Presidente Kennedy - Centro De Formação De Profissionais De Educação', 'IFESP', 24),
(3363, 'Faculdade Guaraí', 'FAG', 17),
(3365, 'Faculdade São Francisco De Juazeiro', 'FASJ', 29),
(3367, 'Instituto Superior De Educação De Oliveira', 'ISEOL', 31),
(3368, 'Centro Universitário Do Sul De Minas', 'UNIS-MG', 31),
(3371, 'Centro Universitário De Patos De Minas', 'UNIPAM', 31),
(3372, 'Centro Universitário De Lavras', 'UNILAVRAS', 31),
(3375, 'Instituto De Ensino Superior Múltiplo', 'IESM', 21),
(3376, 'Faculdade De Teologia Integrada', 'FATIN', 26),
(3377, 'Faculdade Montessoriano De Salvador', 'FAMA', 29),
(3380, 'Faculdade Missioneira Do Paraná', 'FAMIPAR', 41),
(3388, 'Faculdade Paraíso Do Ceará', 'FAP', 23),
(3389, 'Faculdade Raízes', 'SER', 52),
(3392, 'Faculdade Da Academia Brasileira De Educação E Cultura', 'FABEC', 33),
(3393, 'Faculdade De Ensino Superior Dom Bosco', 'FACDOMBOSCO', 41),
(3396, 'Faculdade Ls', 'FACELS', 53),
(3397, 'Faculdade Boas Novas De Ciências Teológicas, Sociais E Biotecnológicas', 'FBNCTSB', 13),
(3400, 'Faculdade De Saúde De São Paulo', 'FASSP', 35),
(3411, 'Faculdade Eça De Queiros', 'FACEQ', 35),
(3427, 'Faculdade José Augusto Vieira', 'FJAV', 28),
(3428, 'Faculdade Alfa', 'FA', 35),
(3430, 'Faculdade De Marketing E Negócios', 'UNIESSA', 31),
(3431, 'Faculdade Do Seridó', 'FAS', 24),
(3432, 'Faculdades Integradas De Ciências Humanas, Saúde E Educação De Guarulhos', 'FG', 35);
INSERT INTO `Instituicao` (`CodInstituicao`, `NomeInstituicao`, `SiglaInstituicao`, `CodUF`) VALUES
(3434, 'Faculdade De Saúde Ibituruna', 'FASI', 31),
(3436, 'Faculdade De Araraquara', 'FS', 35),
(3437, 'Faculdade Do Litoral Catarinense', 'FLC', 42),
(3443, 'Faculdade Inedi', 'CESUCA', 43),
(3448, 'Instituto Superior De Educação Ibituruna', 'ISEIB', 31),
(3456, 'Faculdade Politécnica De Campinas', 'POLICAMP', 35),
(3459, 'Instituto De Ensino Superior E Pesquisa', 'INESP', 31),
(3460, 'Instituto Superior De Ensino E Pesquisa De Ituiutaba', 'ISEPI', 31),
(3461, 'Faculdade De Filosofia De Passos', 'FAFIPA', 31),
(3462, 'Faculdade De Enfermagem De Passos', 'FAENPA', 31),
(3463, 'Faculdade De Direito De Passos', 'FADIPA', 31),
(3464, 'Faculdade De Engenharia De Passos', 'FEP', 31),
(3465, 'Faculdade De Informática De Passos', 'FIP', 31),
(3466, 'Faculdade De Serviço Social De Passos', 'FASESP', 31),
(3467, 'Faculdade De Nutrição Da Fundação De Ensino Superior De Passos', 'FANUTRI', 31),
(3469, 'Faculdade De Administração De Passos', 'FAP', 31),
(3470, 'Faculdade Educação Física De Passos', 'FADEF', 31),
(3471, 'Faculdade De Moda De Passos', 'FAMOPA', 31),
(3476, 'Faculdade De Filosofia E Letras De Diamantina', 'FAFIDIA', 31),
(3477, 'Faculdade De Filosofia Ciências E Letras Nossa Senhora De Sion', 'FAFI/SION', 31),
(3478, 'Faculdade De Ciências Exatas E Humanas Da Campanha', 'FCCP', 31),
(3480, 'Faculdade De Ciências Jurídicas De Diamantina', 'FCJ', 31),
(3482, 'Instituto Superior De Educação De Divinópolis', 'ISED', 31),
(3483, 'Instituto Superior De Educação De Cláudio', 'ISEC', 31),
(3485, 'Instituto Superior De Educação Do Alto São Francisco', 'ISAF', 31),
(3486, 'Instituto Superior De Educação De Ituiutaba', 'ISEDI', 31),
(3487, 'Faculdade Senac/rs', 'SENACRS', 43),
(3488, 'Centro De Ensino Superior De Conselheiro Lafaiete', 'CES-CL', 31),
(3495, 'Faculdade Pinhalzinho', 'HORUS', 42),
(3502, 'Faculdade Da Fronteira - Faf', 'FAF', 41),
(3506, 'Faculdade De Ciências Educacionais De Sergipe', 'FCES', 28),
(3507, 'Faculdade De Administração De Empresas Ibrafem', 'IBRAFEM', 35),
(3509, 'Faculdade Vicentina - Favi', 'FAVI', 41),
(3513, 'Faculdade De Presidente Venceslau', 'FAPREV', 35),
(3514, 'Faculdade De Ciências Gerenciais Alves Fortes', 'FACE - ALFOR', 31),
(3515, 'Faculdades Integradas Da Vitória De Santo Antão', 'FAINTVISA', 26),
(3516, 'Faculdade De Ciências Da Saúde Archimedes Theodoro', 'FAC - SAUDE ARTHE', 31),
(3518, 'Faculdade Jangada', 'FJ', 42),
(3522, 'Faculdade Católica De Pouso Alegre', 'FACAPA', 31),
(3523, 'Faculdade De Direito Da Fundação Escola Superior Do Ministério Público', NULL, 43),
(3525, 'Faculdade Evangélica De Tecnologia, Ciências E Biotecnologia Da Cgadb', 'FAECAD', 33),
(3529, 'Centro Universitário Eurípedes De Marília', 'UNIVEM', 35),
(3530, 'Faculdade De Nanuque', 'FANAN', 31),
(3533, 'Faculdade Ceres', 'FACERES', 35),
(3536, 'Faculdade De Teologia Evangélica Em Curitiba - Fatev', 'FATEV', 41),
(3538, 'Faculdades Integradas Sévigné', 'FAE SÉVIGNÉ', 43),
(3541, 'Faculdade Anglicana De Tapejara', 'FAT', 43),
(3542, 'Instituto De Ensino Superior De Minas Gerais', 'IESMIG', 31),
(3543, 'Faculdade Novo Hamburgo', 'FACULDADE IENH', 43),
(3568, 'Faculdade De Desenvolvimento E Integração Regional', 'FADIRE', 26),
(3573, 'Faculdade Teológica Batista De Brasília', 'FTBB', 53),
(3584, 'Instituto Superior De Educação Santa Cruz', 'ISED', 26),
(3585, 'Faculdade Santa Cruz', 'FACRUZ', 26),
(3587, 'Faculdade Diocesana São José', 'FADISI', 12),
(3588, 'Faculdade Dom Pedro Ii', 'FDPII', 29),
(3590, 'Faculdade De Enfermagem São Vicente De Paula', 'FESVIP', 25),
(3596, 'Faculdade América Latina', NULL, 43),
(3602, 'Faculdades Integradas Do Brasil', 'FACBRASIL', 41),
(3603, 'Faculdades Integradas Torricelli', 'FIT', 35),
(3607, 'Escola Superior Associada De Goiânia', 'ESUP', 52),
(3609, 'Faculdades Integradas Ipitanga', 'UNIBAHIA', 29),
(3610, 'Faculdades Integradas Promove De Brasilia', NULL, 53),
(3611, 'Faculdades Integradas Da União De Ensino Superior Certo', 'UNICERTO', 53),
(3612, 'Faculdade Anhanguera De Valinhos', NULL, 35),
(3613, 'Faculdades Integradas Iesgo', 'IESGO', 52),
(3614, 'Escola Superior De Ciências Sociais', 'FGV', 33),
(3615, 'Faculdade Pernambucana De Saúde', 'FPS', 26),
(3617, 'Faculdade De Ciências Humanas E Exatas Do Sertão Do São Francisco', 'FACESF', 26),
(3618, 'Faculdade Mario Schenberg', 'FMS', 35),
(3625, 'Faculdade Católica Nossa Senhora Das Vitórias', 'FCNSV', 24),
(3631, 'Faculdade Damas Da Instrução Cristã', 'FADIC', 26),
(3641, 'Centro Universitário Da Fundação Educacional De Barretos', 'UNIFEB', 35),
(3644, 'Faculdade Católica Santa Teresinha', 'FCST', 24),
(3648, 'Faculdade Anhanguera De Cuiabá', 'FAC', 51),
(3649, 'Faculdade Cidade Verde', 'FCV', 41),
(3657, 'Faculdade De Computação De Montes Claros', 'FACOMP', 31),
(3663, 'Faculdade Evangélica', 'FE', 53),
(3667, 'Faculdade Filadélfia', 'FAFIL', 35),
(3669, 'Faculdade Dom Luis De Orleans E Bragança', 'FARRP', 29),
(3675, 'Sinal - Faculdade De Teologia E Filosofia', 'SINAL', 12),
(3680, 'Faculdade De Tecnologia Darcy Ribeiro', 'FTDR', 23),
(3682, 'Instituto Superior De Educação Do Município De Itaperuna', 'ISEMI', 33),
(3683, 'Faculdade Unilagos', 'UNILAGOS', 41),
(3684, 'Fundação De Ensino Superior De Clevelândia', 'FESC', 41),
(3688, 'Faculdades Integradas Do Vale Do Ivaí', NULL, 41),
(3690, 'Faculdade Pedro Ii', 'FAPE2', 31),
(3691, 'Faculdade De Tecnologia Tupy De São Bento Do Sul', 'FTT-SBS', 42),
(3692, 'Faculdade De Tecnologia Ipep De Campinas', 'FATEC CAMPINAS', 35),
(3697, 'Faculdade De Tecnologia Saint Pastous', 'FSP', 43),
(3699, 'Faculdade Portal', 'PORTAL', 43),
(3710, 'Escola Superior Nacional De Seguros', 'ESNS', 33),
(3716, 'Faculdade Ciências Da Vida', 'FCV', 31),
(3724, 'Faculdade Maranhense São José Dos Cocais', 'FSJ', 21),
(3741, 'Faculdade De Educação De Bacabal - Febac', 'FEBAC', 21),
(3743, 'Faculdade De Tecnologia São Francisco', 'FATESF', 35),
(3746, 'Faculdade Paulista De Pesquisa E Ensino Superior', 'FAPPES', 35),
(3753, 'Faculdades Integradas Dom Pedro Ii', 'DOMPEDRO', 35),
(3754, 'Faculdades Integradas Adventistas De Minas Gerais', 'FADMINAS', 31),
(3756, 'Faculdade De Almenara', 'ALFA', 31),
(3757, 'Faculdade Serra Da Mesa', 'FASEM', 52),
(3758, 'Centro De Educação Superior Única', 'UNICA', 42),
(3760, 'Faculdade Omni', 'OMNI', 33),
(3768, 'Faculdade Ibgen - Instituto Brasileiro De Gestão De Negócios', 'IBGEN', 43),
(3769, 'Faculdade Madre Tereza', 'FAMAT', 16),
(3770, 'Faculdade Teológica Batista De São Paulo', 'FTBSP', 35),
(3772, 'Faculdade De Tecnologia Pastor Dohms', 'TECNODOHMS', 43),
(3774, 'Faculdade São Tomaz De Aquino', 'FSTA', 29),
(3775, 'Instituto Uvb.br', 'IUVB', 35),
(3776, 'Instituto De Ensino Superior De Mato Grosso', 'IESMT', 51),
(3777, 'Instituto De Ensino Superior De Curitiba', 'IESC', 41),
(3778, 'Faculdade De Aracaju', 'FACAR', 28),
(3779, 'Faculdade De Tecnologia Radial Santo André', 'FATEC  RADIAL', 35),
(3782, 'Faculdade De Tecnologia Cachoeiro De Itapemirim', 'FACI', 32),
(3783, 'Faculdade Paraense De Ensino', 'FAPEN', 15),
(3784, 'Instituto De Ensino Superior Do Rio Grande Do Norte', 'IESRN', 24),
(3785, 'Instituto Maranhense De Ensino E Cultura', 'IMEC', 21),
(3786, 'Faculdade De Ensino De Minas Gerais', 'FACEMG', 31),
(3787, 'Faculdade De Ensino Superior Da Amazônia', 'FESAM', 16),
(3788, 'Faculdade Juiz De Fora', 'FJF', 31),
(3789, 'Faculdade Evangélica De Goianésia', NULL, 52),
(3790, 'Faculdade De Tecnologia Ensitec', 'ENSITEC', 41),
(3793, 'Faculdade Frutal', 'FAF', 31),
(3794, 'Faculdade De Tecnologia De Minas Gerais', 'FATEMG', 31),
(3797, 'Faculdade Guairacá', 'FAG', 41),
(3803, 'Faculdade Jauense', NULL, 35),
(3804, 'Faculdade De Tecnologia Senac Do Rio Grande Do Sul', 'SENAC/RS', 43),
(3805, 'Faculdade De Tecnologia Da Paraíba', 'FATECPB', 25),
(3807, 'Faculdade De Tecnologia Iapec', 'IAPEC', 41),
(3815, 'Faculdade De Direito De Alta Floresta', NULL, 51),
(3817, 'Faculdade Maurício De Nassau De João Pessoa', 'FMN JOÃO PESSOA', 25),
(3823, 'Instituto De Educação Superior De Pouso Alegre', 'FAPA', 31),
(3826, 'Faculdade Vasco Da Gama', 'FVG', 29),
(3838, 'Faculdade De Tecnologia Do Uniuol', 'UNIUOL', 25),
(3839, 'Faculdade De Tecnologia Novo Rumo', NULL, 31),
(3840, 'Centro Universitário Facvest', 'FACVEST', 42),
(3847, 'Faculdade Baiana De Direito E Gestão', NULL, 29),
(3849, 'Fundação Universidade Federal Do Tocantins', 'UFT', 17),
(3853, 'Faculdade Maurício De Nassau De Natal', 'FMN NATAL', 24),
(3854, 'Faculdade Das Águas Emendadas - Fae', 'FAE', 53),
(3862, 'Faculdade Luciano Feijão', 'FLF', 23),
(3864, 'Faculdade Regional De Alagoinhas', 'FARAL', 29),
(3866, 'Faculdade Brasileira De Educação E Cultura', 'FABEC BRASIL', 52),
(3867, 'Faculdade Mauá De Brasília', 'MAUADF', 53),
(3869, 'Instituto Florence De Ensino Superior', 'IFES', 21),
(3874, 'Escola Superior Professor Paulo Martins', 'ESPAM', 53),
(3875, 'Centro Universitário Da Fundação Educacional Guaxupé', 'UNIFEG', 31),
(3876, 'Avm - Faculdade Integrada', 'IAVM', 33),
(3877, 'Faculdade Brasil Central', 'FBC', 52),
(3878, 'Faculdade Decision De Negócios', 'FACULDADE DECISION', 43),
(3879, 'Faculdade Maurício De Nassau De Campina Grande', 'FMN CG', 25),
(3881, 'Faculdade De Integração Do Sertão', 'FIS', 26),
(3896, 'Faculdade Mundial', NULL, 35),
(3920, 'Faculdade De Tecnologia Senai Roberto Mange', 'FATEC SENAI RM', 52),
(3921, 'Faculdade Arnaldo Horácio Ferreira', 'FAAHF', 29),
(3930, 'Instituto De Educação Superior Raimundo Sá', 'IESRSA', 22),
(3933, 'Faculdade Método De São Paulo', 'FAMESP', 35),
(3936, 'Faculdade Anhanguera De Limeira', NULL, 35),
(3937, 'Faculdade Anhanguera De Indaiatuba', NULL, 35),
(3939, 'Faculdade Aliança', NULL, 52),
(3940, 'Faculdade De Ensino Superior Santa Barbara', 'FAESB', 35),
(3946, 'Faculdade De Tecnologia Senac Tubarão', 'SENAC', 42),
(3947, 'Faculdade De Tecnologia Senac Chapecó', 'SENAC', 42),
(3948, 'Faculdade De Tecnologia Senac Blumenau', 'SENAC', 42),
(3951, 'Faculdade De Tecnologia Luiz Adelar Scheuer', 'FATEC- JF', 31),
(3954, 'Faculdade De Ciências Jurídicas E Gerenciais De Oliveira', 'FACIJUGO', 31),
(3955, 'Faculdades Integradas De Cataguases', 'FIC', 31),
(3962, 'Faculdade De Tecnologia Senai Cimatec', 'SENAI CIMATEC', 29),
(3963, 'Instituto Superior De Educação Carlos Chagas', 'ISECC', 31),
(3966, 'Centro Universitário De Caratinga', 'UNEC', 31),
(3972, 'Centro Superior De Ensino E Pesquisa De Machado', 'CESEP', 31),
(3974, 'Universidade De Rio Verde', 'FESURV', 52),
(3975, 'Faculdade São Francisco De Piumhi', 'FASPI', 31),
(3977, 'Faculdade De Tecnologia Do Amapá', 'META', 16),
(3978, 'Faculdade De Tecnologia Pentágono', 'FATEP', 35),
(3979, 'Faculdade De Bauru', '-', 35),
(3980, 'Faculdade De Tecnologia Cenacap', 'CENACAP', 53),
(3981, 'Faculdade De Tecnologia Integral', 'CETI', 41),
(3983, 'Centro Universitário De Formiga', 'UNIFORMG', 31),
(3984, 'Fundação Universidade Federal Do Vale Do São Francisco', 'UNIVASF', 26),
(3985, 'Centro Universitário Senac', 'SENACSP', 35),
(3986, 'Instituto Superior De Educação Do Paraná', 'INSEP', 41),
(3987, 'Faculdade União De Goyazes', 'FUG', 52),
(3989, 'Faculdade De Tecnologia De João Pessoa', 'FATEC', 25),
(3990, 'Faculdade De Tecnologia Anchieta', 'FTA', 35),
(3991, 'Faculdade De Tecnologia São Mateus', 'FATESM', 11),
(3992, 'Faculdade Jk - Asa Norte', '-', 53),
(3993, 'Faculdade De Tecnologia Cetep', 'CETEP', 41),
(3995, 'Faculdade Evangélica Cristo Rei', 'FECR', 22),
(3996, 'Faculdade Senac Pernambuco', 'SENACPE', 26),
(3998, 'Faculdade De Tecnologia Infnet Rio De Janeiro', 'INSTITUTO INFNET', 33),
(4000, 'Faculdade De Ensino Superior Do Interior Paulista', 'FAIP', 35),
(4005, 'Faculdade Cenecista De Senhor Do Bonfim', 'FACESB', 29),
(4006, 'Faculdade De Tecnologia Senac Pelotas', 'FATEC SENAC PELOTAS', 43),
(4007, 'Fatece - Faculdade De Tecnologia, Ciências E Educação', 'FATECE', 35),
(4008, 'Faculdade De Tecnologia Senac Passo Fundo', 'SENAC PASSO FUNDO', 43),
(4009, 'Faculdade De Tecnologia Radial Curitiba', 'FATEC RADIAL CTBA', 41),
(4010, 'Centro Universitário Metodista', 'IPA', 43),
(4013, 'Faculdade Anhanguera De Rio Claro', NULL, 35),
(4016, 'Instituto Nacional De Educação De Surdos', 'INES', 33),
(4017, 'Centro Universitário Padre Anchieta', 'UNIANCHIETA', 35),
(4020, 'Faculdade De Tecnologia De Botucatu', 'FATEC BT', 35),
(4021, 'Faculdade De Tecnologia De Garça', 'FATECGA', 35),
(4022, 'Faculdade De Tecnologia De Jundiaí', 'FATEC/JD', 35),
(4023, 'Faculdade De Tecnologia De Mauá', 'FATEC MAUÁ', 35),
(4024, 'Faculdade De Tecnologia De Mococa', 'FATEC', 35),
(4025, 'Faculdade De Tecnologia De São José Do Rio Preto', 'FATECRP', 35),
(4026, 'Faculdade De Tecnologia Zona Leste', 'FATEC-ZL', 35),
(4028, 'Faculdade De Itapecerica Da Serra', 'FIT', 35),
(4029, 'Faculdade Politec', 'FAP', 35),
(4030, 'Centro Universitário Fluminense', 'UNIFLU', 33),
(4036, 'Faculdade De Tecnologia De Catalão', 'FATECA', 52),
(4037, 'Faculdade De Tecnologia Intensiva', 'FATECI', 23),
(4043, 'Faculdade Tecnologia Eduvale - Avaré', 'FATEC EDUVALE', 35),
(4045, 'Faculdade De Tecnologia Tupy Curitiba', 'FTT-CWB', 41),
(4053, 'Centro De Educação Superior Barnabita', 'CESB', 31),
(4059, 'Faculdade De Ciências Gerenciais', NULL, 35),
(4064, 'Faculdade De Tecnologia Fama', 'FAMA', 26),
(4066, 'Faculdade Batista Do Estado Do Rio De Janeiro - Faberj', 'FABERJ', 33),
(4068, 'Instituto Superior De Educação Do Icesp', 'ISE-ICESP', 53),
(4077, 'Faculdade De Tecnologia De Gravataí', 'FAQI', 43),
(4079, 'Faculdade Tecnológica Inap', 'FAT- INAP', 31),
(4086, 'Faculdade De Tecnologia Jardim', 'FATEJ', 35),
(4090, 'Faculdade De Roseira', 'FARO', 35),
(4092, 'Faculdade De Tecnologia Pedro Rogério Garcia', 'FATTEP', 42),
(4093, 'Faculdade De Tecnologia De Curitiba', 'FATEC-PR', 41),
(4094, 'Faculdade De Tecnologia Ibratec De João Pessoa', 'UNIBRATEC', 25),
(4095, 'Faculdade De Tecnologia Equipe Darwin', 'FTED', 53),
(4096, 'Faculdade De Tecnologia Tecbrasil - Unidade Porto Alegre', 'Ftec Porto Alegre', 43),
(4097, 'Faculdade De Tecnologia Tecbrasil - Unidade Bento Gonçalves', 'Ftec Bento Gonçalves', 43),
(4098, 'Instituto Federal De Educação, Ciência E Tecnologia Farroupilha', 'IFFarroupilha', 43),
(4100, 'Faculdade De Tecnologia Senai Ítalo Bologna', 'FATECIB', 52),
(4101, 'Faculdade De Tecnologia Senai De Desenvolvimento Gerencial', 'FATESG', 52),
(4104, 'Escola Superior De Engenharia E Gestão De São Paulo - Eseg', 'ESEG', 35),
(4107, 'Faculdade De Tecnologia Senai Porto Alegre', 'FATEC SENAI', 43),
(4108, 'Instituto Católico De Estudos Superiores Do Piauí', 'ICESPI', 22),
(4113, 'Faculdade De Ceres', 'FACERES', 52),
(4118, 'Faculdade Joaquim Nabuco - Paulista', 'FJN', 26),
(4121, 'Faculdade Tobias Barreto', 'FTB', 28),
(4123, 'Faculdade Jataiense', 'FAJA', 52),
(4126, 'Faculdade De Ciências Sociais Aplicadas E De Tecnologias De Agua Boa', 'FACESA', 51),
(4138, 'Faculdade Anhanguera De Santa Bárbara', NULL, 35),
(4141, 'Faculdade Anhanguera De Taubaté', NULL, 35),
(4146, 'Faculdade De Ciências Jurídicas De Alagoas', 'FCJAL', 27),
(4148, 'Faculdade De Tecnologia Senai São José', 'SENAISC', 42),
(4149, 'Faculdade De Tecnologia Senai Itajaí', 'FATEC SENAI ITAJAÍ', 42),
(4150, 'Faculdade De Tecnologia De Piracicaba', 'FATEP', 35),
(4153, 'Faculdade Joaquim Nabuco Recife', 'FJN', 26),
(4157, 'Faculdade Metropolitana De Rio Do Sul', 'FAMESUL', 42),
(4162, 'Faculdade De Tecnologia Senac Goiás', NULL, 52),
(4163, 'Centro Universitário Barriga Verde', 'UNIBAVE', 42),
(4166, 'Centro De Ensino Superior De Uberaba', 'CESUBE', 31),
(4169, 'Faculdade Nossa Cidade', 'FNC', 35),
(4173, 'Faculdade De Tecnologia Paulo Freire', 'FATEP-DF', 53),
(4178, 'Faculdade Evilásio Formiga', 'FEF', 25),
(4179, 'Faculdade Nazarena Do Brasil', 'FNB', 35),
(4185, 'Faculdade Peruibe', 'FPBE', 35),
(4197, 'Faculdade Aliança', 'FACE', 22),
(4198, 'Faculdade Mineirense', 'FAMA', 52),
(4199, 'Faculdade De Tecnologia Rogacionista', 'ROGA', 53),
(4200, 'Faculdade De Comunicação Social De Passos', 'FACOMP', 31),
(4201, 'Faculdade De Ensino Superior Do Nordeste', 'FAESNE', 25),
(4204, 'Faculdade De Tecnologia Ined - Unidade Ipatinga', 'FATEC IPATINGA', 31),
(4209, 'Faculdade De Tecnologia César Lattes', NULL, 35),
(4218, 'Faculdade De Direito De Pedro Leopoldo', 'FADIPEL', 31),
(4219, 'Instituto Superior De Educação Professora Nair Fortes Abu-merhy', 'ISEFOR', 31),
(4222, 'Instituto Superior De Educação De Matias Barbosa', 'ISEMB', 31),
(4239, 'Faculdade Ação', 'FCTVALE', 42),
(4251, 'Faculdade De Tecnologia Ined - Unidade Lagoa Da Pampulha', 'FATEC/PITÁGORAS', 31),
(4255, 'Faculdades Integradas De Cacoal', 'UNESC', 11),
(4256, 'Faculdades Integradas Pitágoras', 'FIP-MOC', 31),
(4257, 'Instituto De Filosofia E Teologia De Goiás', 'IFITEG', 52),
(4259, 'Faculdade De Inhumas - Fac-mais', 'FACMAIS', 52),
(4261, 'Faculdade De Tecnologia De Porto Alegre', 'FAQI', 43),
(4277, 'Faculdade Literatus', 'FAL', 13),
(4289, 'Faculdade Do Vale Elvira Dayrell - Faved', 'FAVED', 31),
(4293, 'Faculdade Integração Tiete', 'FIT', 35),
(4294, 'Faculdade De Tecnologia Senac Jaraguá Do Sul', NULL, 42),
(4295, 'Faculdade De Tecnologia Senai Cetind', NULL, 29),
(4329, 'Faculdade Do Centro Educacional Mineiro - Facem', 'FACEM-BH', 31),
(4330, 'Faculdade De Tecnologia América Do Sul', NULL, 41),
(4355, 'Faculdade De Tecnologia De Palmas', 'FTP', 17),
(4356, 'Faculdade De Ciências Sociais Dos Palmares', 'FACIP', 26),
(4357, 'Faculdade De Tecnologia Álvares De Azevedo', 'FAATESP', 35),
(4358, 'Instituto Federal De Educação, Ciência E Tecnologia Do Sul De Minas Gerais', 'IF SUL DE MINAS', 31),
(4362, 'Faculdade Pitágoras De Betim', 'PITÁGORAS-BETIM', 31),
(4367, 'Faculdade Terra Nordeste', 'FATENE', 23),
(4371, 'Faculdade Padre Anchieta De Cajamar', NULL, 35),
(4394, 'Faculdade De Educação Física De Araguaína', 'ITPAC', 17),
(4396, 'Faculdades Integradas De Mineiros', 'FIMES', 52),
(4398, 'Instituto Superior De Educação De Goiana', 'I.S.E.G.', 26),
(4399, 'Faculdade De Balsas', 'UNIBALSAS', 21),
(4411, 'Faculdade Panamericana De Ji-paraná', NULL, 11),
(4416, 'Faculdade Jk - Unidade I - Gama', NULL, 53),
(4417, 'Faculdade De Enfermagem De Belo Jardim', 'FAEB', 26),
(4420, 'Faculdades Integradas Barros Melo', 'FIBAM', 26),
(4421, 'Faculdade De Tecnologia Senai Belo Horizonte', 'FATEC SENAI BH', 31),
(4428, 'Faculdade Professor Miguel Ângelo Da Silva Santos', 'FEMASS', 33),
(4429, 'Faculdade Unigran Capital', 'UNIGRAN CAPITAL', 50),
(4431, 'Faculdade De Enfermagem Nova Esperança De Mossoró - Facene/rn', 'FACENE/RN', 24),
(4435, 'Faculdade São Paulo', 'FACSP', 35),
(4442, 'Escola Superior Paulista De Administração - Espa', 'ESPA', 35),
(4443, 'Faculdade Rio Claro', NULL, 43),
(4446, 'Faculdade Cidade De Guanhães - Facig', 'FACIG', 31),
(4450, 'Faculdade Metropolitana Da Amazônia', 'FAMAZ', 15),
(4452, 'Faculdade Metropolitana De Marabá', 'METROPOLITANA', 15),
(4460, 'Faculdade Dom Pedro Ii De Tecnologia', 'FAB', 29),
(4492, 'Faculdade Paschoal Dantas', 'FPD', 35),
(4495, 'Faculdade Anhanguera Jaraguá Do Sul', 'FATEJA', 42),
(4496, 'Faculdade De Tecnologia Do Vale Do Ivaí', 'FATEC-IVAI', 41),
(4502, 'Faculdades Integradas Campo-grandenses', 'FIC', 33),
(4503, 'Universidade Federal Do Recôncavo Da Bahia', 'UFRB', 29),
(4504, 'Fundação Universidade Federal Da Grande Dourados', 'UFGD', 50),
(4518, 'Faculdade Regional Palmitos', 'FAP', 42),
(4522, 'Centro Universitário Católico Salesiano Auxilium', 'UNISALESIANO', 35),
(4530, 'Faculdade Integrada Tiradentes', 'FITS', 27),
(4531, 'Faculdade Adventista Da Bahia', 'FADBA', 29),
(4532, 'Faculdade De Tecnologia Senai Campo Grande', NULL, 50),
(4533, 'Faculdade São Francisco Da Paraíba', 'FASP', 25),
(4534, 'Faculdade De Tecnologia Herrero', 'FATEC', 41),
(4538, 'Faculdade Parque', 'FAP', 29),
(4566, 'Faculdade De Excelência Educacional Do Rio Grande Do Norte', 'SUDERN', 24),
(4567, 'Faculdade Centro Mato-grossense', NULL, 51),
(4584, 'Faculdade De Tecnologia Machado De Assis', 'FAMA', 41),
(4586, 'Faculdade Do Norte Goiano', 'FNG', 52),
(4588, 'Faculdade Apogeu', 'APOGEU', 53),
(4590, 'Faculdade De Tecnologia Fatep', 'FATEP', 35),
(4592, 'Faculdade De Ouro Preto Do Oeste', 'UNEOURO', 11),
(4594, 'Faculdade Católica De Rondonia', 'FCR', 11),
(4596, 'Faculdade De Administração E Negócios Em Ribeirão Preto', NULL, 35),
(4597, 'Faculdade De Ciências Gerenciais Em Votuporanga', NULL, 35),
(4598, 'Faculdade De Ciências Gerenciais Barão De Jundiaí', 'FCG', 35),
(4605, 'Faculdade De Ensino Superior Km 125', NULL, 41),
(4610, 'Faculdade De Tecnologia Assessoritec', NULL, 42),
(4613, 'Faculdade De Educação E Meio Ambiente', 'FAEMA', 11),
(4616, 'Faculdade Anhanguera De Caxias Do Sul', 'FACS', 43),
(4629, 'Faculdade De Tecnologia Fundetec', 'FATEF', 35),
(4630, 'Faculdade De Tecnologia Tecmed', 'TECMED', 35),
(4631, 'Faculdade Anglo-americano De João Pessoa', 'FAAJP', 25),
(4632, 'Faculdade Anglo-americano De Caxias Do Sul', 'FAACS', 43),
(4633, 'Faculdade Anglo-americano De Passo Fundo', 'FAAPF', 43),
(4652, 'Faculdade Anhangüera De São José', NULL, 35),
(4655, 'Faculdade Anhangüera De Sorocaba', 'FSO', 35),
(4656, 'Faculdade Anhangüera De Piracicaba', NULL, 35),
(4661, 'Faculdade De Agronegócio Paraíso Do Norte', 'FAPAN', 41),
(4667, 'Faculdade Rio Sono', 'RISO', 17),
(4669, 'Faculdade Delta', 'FACULDADE DELTA', 52),
(4674, 'Faculdade Porto Das Águas', 'FAPAG', 42),
(4681, 'Faculdade Centro Paulistano', NULL, 35),
(4693, 'Faculdade De Tecnologia De Nova Andradina', NULL, 50),
(4699, 'Faculdade Noroeste', '-', 52),
(4700, 'Faculdade Nova Roma', 'FNR', 26),
(4702, 'Faculdade De Tecnologia Gestão & Marketing', 'IBGM / FGM', 26),
(4714, 'Faculdade Alternativa De Ensino Superior Do Agreste - Faesa', NULL, 27),
(4721, 'Escola Dominicana De Teologia', NULL, 35),
(4722, 'Faculdades Integradas Vianna Júnior', 'FIVJ', 31),
(4724, 'Faculdade De Ciências Humanas De Cruzeiro', 'FACIC', 35),
(4725, 'Faculdade De Tecnologia Egídio José Da Silva', 'FATEGIDIO', 31),
(4729, 'Faculdade Cenecista De Rio Bonito', 'FACERB', 33),
(4731, 'Faculdade Messianica', NULL, 35),
(4732, 'Faculdade De Tecnologia Senac Df', 'FAC SENAC DF', 53),
(4739, 'Faculdade Presbiteriana Augusto Galvão', 'FAPAG', 29),
(4740, 'Faculdade De Patrocinio', 'IESP', 31),
(4742, 'Faculdade Santa Emília', NULL, 26),
(4746, 'Faculdade Católica Do Cariri', NULL, 23),
(4747, 'Faculdade Regional De Riachão Do Jacuípe', 'FARJ', 29),
(4748, 'Faculdade De Tecnologia De Santa Catarina', 'FATESC', 42),
(4751, 'Faculdade De Tecnologia E Ciencias Do Norte Do Paraná', 'FATECIE', 41),
(4756, 'Centro Universitário Municipal De São José', 'USJ', 42),
(4765, 'Faculdade De Tecnologia Alfa De Umuarama', NULL, 41),
(4766, 'Faculdade Una De Contagem', 'FUNAC', 31),
(4773, 'Faculdade Bi Minas', 'FACULDADE IBS', 31),
(4777, 'Faculdade Kennedy De Belo Horizonte', 'FKBH', 31),
(4780, 'Facisa-unai Faculdade De Ciências Da Saúde De Unaí', 'FACISA-UNAI', 31),
(4784, 'Faculdade De Tecnologia Cdl De Fortaleza', NULL, 23),
(4785, 'Instituto Federal De Educação Ciência E Tecnologia De Rondônia', 'IFRO', 11),
(4786, 'Instituto Federal De Educação, Ciência E Tecnologia Do Tocantins', 'IFTO', 17),
(4791, 'Faculdade De Tecnologia Centec - Cariri', 'CENTEC', 23),
(4793, 'Faculdades Integradas De Itararé', 'FAFIT-FACIC', 35),
(4810, 'Faculdade Antônio Meneghetti', 'AMF', 43),
(4814, 'Faculdade De Tecnologia Senai Felix Guisard', NULL, 35),
(4815, 'Faculdade De Tecnologia Senai Nadir Dias De Figueiredo', NULL, 35),
(4817, 'Faculdade De Tecnologia Senai Anchieta', NULL, 35),
(4819, 'Faculdade De Tecnologia Senai Mariano Ferraz', NULL, 35),
(4820, 'Faculdade De Tecnologia Senai Antônio Adolpho Lobbe', NULL, 35),
(4821, 'Faculdade De Ciências Gerenciais E Empreendedorismo - Facige', 'FACIGE', 31),
(4823, 'Faculdade De Tecnologia Evolução', 'FECET', 23),
(4826, 'Faculdade Anhangüera De Campinas', NULL, 35),
(4829, 'Escola Superior De Artes Célia Helena', NULL, 35),
(4836, 'Faculdade De Educação  Acreano Euclides Da Cunha', 'INEC', 12),
(4846, 'Faculdade Vértice', 'VÉRTICE', 31),
(4847, 'Faculdade Diocesana De Mossoró', NULL, 24),
(4849, 'Faculdade De Ciências Humanas, Econômicas E Da Saúde De Araguaína', 'FAHESA / ITPAC', 17),
(4858, 'Escola Superior De Saúde De Arcoverde', 'ESSA', 26),
(4863, 'Faculdade Pitágoras De Poços De Caldas', NULL, 31),
(4865, 'Faculdade Pitágoras De São Luiz', NULL, 21),
(4867, 'Faculdade Pitágoras De Guarapari', NULL, 32),
(4869, 'Faculdade De Tecnologia Pitágoras - Unidade Londrina', NULL, 41),
(4873, 'Faculdade De Tecnologia De Taubaté', 'ETEP', 35),
(4878, 'Faculdade Anhanguera De Itapecerica Da Serra', NULL, 35),
(4889, 'Faculdade De Conchas', NULL, 35),
(4899, 'Faculdade De Ciências Médicas Da Bahia', 'CIENCIAS MEDICAS', 29),
(4901, 'Faculdade Fasipe', 'FASIPE', 51),
(4902, 'Faculdade Batista Pioneira', NULL, 43),
(4910, 'Faculdade Do Trabalho', 'FATRA', 31),
(4915, 'Faculdade De Castanhal', 'FCAT', 15),
(4917, 'Escola Superior De Administração, Marketing E Comunicação De Piracicaba', 'ESAMC PIRACICABA', 35),
(4922, 'Faculdade Integrada Das Cataratas', NULL, 41),
(4925, 'Fundação Universidade Federal Do Abc', 'UFABC', 35),
(4926, 'Faculdade De Tecnologia De Praia Grande', 'FATECPG', 35),
(4938, 'Faculdade Claretiana De Teologia', NULL, 41),
(4943, 'Escola Superior De Administração E Gestão Da Baixada Santista', 'ESAGS BS', 35),
(4945, 'Faculdade Internacional Do Delta', 'INTA', 22),
(4950, 'Faculdade Aum', NULL, 51),
(4959, 'Faculdade Pitágoras De Feira De Santana', NULL, 29),
(4961, 'Faculdade Integrada De Araguatins', 'FAIARA', 17),
(4962, 'Centro Universitário De Sete Lagoas', 'UNIFEMM', 31),
(4964, 'Faculdade De Ciências E Tecnologia Do Maranhão', 'FACEMA', 21),
(4969, 'Faculdade Itop', 'ITOP', 17),
(4982, 'Faculdade Metropolitana Do Planalto Norte', 'FAMEPLAN', 42),
(4983, 'Faculdade De São José Dos Campos', 'BILAC', 35),
(4992, 'Faculdade De Tecnologia Centec - Sertão Central', 'FTC SERTÃO CENTRAL', 23),
(4995, 'Faculdade Cruz Azul', 'FACRAZ', 35),
(4998, 'Faculdade De Tecnologia Inesul Do Paraná', 'FIPAR', 41),
(5000, 'Faculdade Estação', 'FAEST', 41),
(5008, 'Faculdade Do Médio Parnaíba', NULL, 22),
(5013, 'Centro Universitário Estadual Da Zona Oeste', 'UEZO', 33),
(5016, 'Instituto Superior De Tecnologia Em Ciências Da Computação Do Rio De Janeiro', 'IST-RIO', 33),
(5017, 'Instituto Superior De Tecnologia Em Ciência Da Computação De Petrópolis', 'ISTCCP', 33),
(5018, 'Instituto Superior De Educação Professor Aldo Muylaert', 'ISEPAM', 33),
(5020, 'Instituto Superior De Educação De Santo Antônio De Pádua', 'ISE PÁDUA', 33),
(5021, 'Instituto Superior De Educação De Itaperuna', 'ISEI', 33),
(5023, 'Faculdade Santo Augusto', 'FAISA', 43),
(5025, 'Faculdade De Educação São Braz', NULL, 41),
(5036, 'Instituto Federal De Educação, Ciência E Tecnologia Catarinense', 'IF Catarinense', 42),
(5038, 'Faculdade De Ciências Sociais Aplicadas De Marabá', 'FACIMAB', 15),
(5044, 'Faculdade De Direito De Garanhuns', 'FDG', 26),
(5045, 'Faculdade De Tecnologia Paulista', NULL, 35),
(5046, 'Faculdade Polis Das Artes', NULL, 35),
(5048, 'Faculdade De Teologia De São Paulo Da Igreja Presbiteriana Independente Do Brasil', NULL, 35),
(5051, 'Instituto Superior De Educação Bom Jesus Do Itabapoana', 'ISEBJI', 33),
(5052, 'Instituto Superior De Educação Três Rios', 'ISE TRÊS RIOS', 33),
(5053, 'Instituto Superior De Tecnologia De Paracambi', 'IST PARACAMBI', 33),
(5066, 'Faculdade De Tecnologia Ined - Unidade Contagem', NULL, 31),
(5077, 'Universidade Estadual De Roraima', 'UERR', 14),
(5079, 'Faculdade Educacional De Matelândia', 'FAMA', 41),
(5099, 'Faculdade De Tecnologia De São Bernardo Do Campo', 'FATEC-SB', 35),
(5105, 'Faculdade Internacional Signorelli', NULL, 33),
(5107, 'Faculdade Sogipa De Educação Física', NULL, 43),
(5124, 'Faculdade Facmil', NULL, 35),
(5131, 'Faculdade De Tecnologia Senac Caçador', 'SENAC', 42),
(5133, 'Faculdade De Tecnologia Senac São Miguel Do Oeste', '5133', 42),
(5186, 'Faculdade Dinâmica', NULL, 41),
(5215, 'Faculdades Integradas Padre Albino', 'FIPA', 35),
(5216, 'Faculdade Uirapuru', 'FAU', 35),
(5217, 'Faculdades Integradas Paulista', 'FIP', 35),
(5228, 'Faculdade Raimundo Marinho', 'FRM', 27),
(5242, 'Universidade Estadual De Alagoas - Uneal', 'UNEAL', 27),
(5243, 'Faculdade De Ciências Jurídicas De Santos Dumont', 'FCJSD', 31),
(5276, 'Faculdade De Direito De Carangola', 'FDC', 31),
(5277, 'Faculdade Fortium', NULL, 53),
(5285, 'Faculdades Integradas De Taquara', 'FACCAT', 43),
(5288, 'Faculdade Anhangüera De Ribeirão Preto', NULL, 35),
(5290, 'Faculdade De Ciências E Tecnologia De Brasília', 'FACITEB', 53),
(5303, 'Faculdade Anhangüera De Dourados', 'FAD', 50),
(5305, 'Faculdade De Ciências Sociais Aplicadas E Humanas De Garanhuns', 'FAHUG', 26),
(5312, 'Faculdades Atibaia', 'FAAT', 35),
(5313, 'Faculdades Unificadas Doctum De Cataguases', 'FACULDADES DOCTUM', 31),
(5314, 'Faculdades Unificadas Doctum De Guarapari', 'FACULDADES DOCTUM', 32),
(5315, 'Faculdades Unificadas Doctum De Iúna', 'FACULDADES DOCTUM', 32),
(5316, 'Faculdades Unificadas Doctum De Leopoldina', 'FACULDADES DOCTUM', 31),
(5317, 'Faculdade Porto-alegrense', 'FAPA', 43),
(5318, 'Faculdade Guilherme Guimbala', 'FGG', 42),
(5322, 'Fundação Universidade Federal Do Pampa - Unipampa', 'UNIPAMPA', 43),
(5362, 'Faculdade Serigy', 'FASERGY', 28),
(5369, 'Faculdades Integradas Asmec', 'ASMEC', 31),
(5370, 'Faculdades Unificadas Doctum De Teófilo Otoni', 'FACULDADES DOCTUM', 31),
(5387, 'Faculdade Impacta De Tecnologia', 'FIT', 35),
(5388, 'Faculdades Universitas', NULL, 35),
(5394, 'Instituto De Ensino Superior Integrado-iesi', 'FENORD', 31),
(5403, 'Faculdades Opet', NULL, 41),
(5430, 'Faculdade De Tecnologia De Minas Gerais - Fatemig', NULL, 31),
(5439, 'Faculdades Integradas Da União Educacional Do Planalto Central - Faciplac', 'FACIPLAC', 53),
(5447, 'Faculdade Para O Desenvolvimento Do Sudeste Tocantinense', 'FADES', 17),
(5451, 'Faculdade Anhangüera De Bauru', NULL, 35),
(5473, 'Faculdade De Ciência, Tecnologia E Educação', 'FACITE', 29),
(5511, 'Faculdade Campo Real', 'CAMPO REAL', 41),
(5518, 'Faculdade Guarapuava', 'FG', 41),
(5520, 'Faculdade Cathedral', 'FACES', 14),
(5537, 'Faculdades Vale Do Carangola - Favale', 'FAVALE', 31),
(5544, 'Faculdade Presidente Antônio Carlos', 'FAPAC', 17),
(5550, 'Faculdade Anhanguera De Anápolis', 'FAAA', 52),
(5555, 'Faculdade Anhanguera De Jacareí', NULL, 35),
(5592, 'Faculdades Integradas Do Norte De Minas - Funorte', 'FUNORTE', 31),
(5593, 'Faculdade Adventista De Hortolândia', NULL, 35),
(5599, 'Libertas - Faculdades Integradas', 'LIBERTAS', 31),
(5600, 'Faculdades Integradas São Judas Tadeu', 'SJT', 43),
(5627, 'Faculdade De Tecnologia De Presidente Prudente', 'FATEC', 35),
(5633, 'Faculdade De Tecnologia De Bragança Paulista', NULL, 35),
(5663, 'Faculdade De Vargem Grande Paulista', NULL, 35),
(5664, 'Faculdade De Ciências Humanas E Sociais De Araripina - Facisa', 'FACISA', 26),
(5668, 'Faculdade Anhanguera De Joinville', NULL, 42),
(5669, 'Faculdade De Tecnologia De São José Dos Campos', 'ETEP', 35),
(5670, 'Faculdades Unidas Do Vale Do Araguaia', 'UNIVAR', 51),
(5671, 'Centro Universitário São José De Itaperuna', NULL, 33),
(5701, 'Universidade Do Estado Do Amapá', 'UEAP', 16),
(5706, 'Faculdade Municipal De Palhoça', 'FMP', 42),
(10009, 'Famac - Faculdade De Machadinho Do Oeste', 'FAMAC', 11),
(10016, 'Faculdade Oboé - Faco', 'FACO', 23),
(10020, 'Instituto Logos De Educação Superior', 'ILES', 27),
(10058, 'Faculdade De Tecnologia De Valença', 'FACTIVA', 29),
(10059, 'Faculdade De Tecnologia De Ensino Superior - Fatec', 'CENTES', 31),
(10071, 'Faculdade De Teologia E Ciências Humanas', 'ITEPAFACULDADES', 43),
(10323, 'Faculdade De Tecnologia Bandeirantes', 'BANDTEC', 35),
(10385, 'Instituto São Paulo De Estudos Superiores', 'ITESP', 35),
(10418, 'Faculdade Hsm', NULL, 35),
(10588, 'Faculdade Líder', 'FAL', 26),
(10685, 'Faculdade Norte Capixaba De Sao Mateus', NULL, 32),
(10836, 'Faculdade União Araruama De Ensino S/s Ltda.', 'FAC-UNILAGOS', 33),
(11007, 'Faculdade Centro Oeste', 'FACEOPAR', 41),
(11289, 'Escola Superior Nacional De Seguros - Unidade São Paulo', 'ESNS-SP', 35),
(11308, 'Faculdade Anhanguera De Sumaré', 'FACSUMARÉ', 35),
(11428, 'Faculdade De Tecnologia Alto Médio São Francisco', 'FAC FUNAM', 31),
(11429, 'Faculdade Especializada Na Área De Saúde Do Rio Grande Do Sul', 'FASURGS', 43),
(11544, 'Faculdade Metropolitana De Anápolis', 'FAMA', 52),
(11563, 'Faculdade De Tecnologia Da Serra Gaúcha - Caxias Do Sul', 'FTSG', 43),
(11593, 'Faculdade De Tecnologia De Macapá', 'FTA', 16),
(11604, 'Faculdade Anglo-americano De Chapecó', 'FAACH', 42),
(11645, 'Faculdade De Educação E Cultura De Vilhena', 'FAEV', 11),
(11750, 'Faculdade Pitágoras De Votorantim - Sorocaba', '-', 35),
(11751, 'Faculdade De Tecnologia Ined - Unidade Betim', 'FATECBETIM', 31),
(11752, 'Faculdade Paulo Setubal', 'FPS', 35),
(11807, 'Faculdade De Tecnologia Do Istituto Europeo Di Design', 'IED SP', 35),
(11817, 'Faculdade Do Povo', 'FAP', 35),
(11818, 'Faculdade De Tecnologia Inspirar', 'Inspirar', 41),
(11841, 'Faculdade Evolução Alto Oeste Potiguar', 'FACEP', 24),
(11860, 'Instituto Nacional De Ensino Superior E Pós-graduação Padre Gervásio', 'INAPÓS', 31),
(11861, 'Faculdade De Ciências Aplicadas E Tecnológicas Do Litoral Sul', 'FACSUL', 35),
(11895, 'Faculdade Evangélica De Taguatinga', 'FE TAGUATINGA', 53),
(11951, 'Faculdade Do Sertão Baiano', 'FASBE', 29),
(12005, 'Faculdade De Tecnologia Ined - Unidade Venda Nova', NULL, 31),
(12189, 'Faculdade Prisma', 'FAP', 31),
(12247, 'Escola De Direito De Brasília', 'EDB', 53),
(12249, 'Faculdade Padre Anchieta De Várzea Paulista', 'ANCHIETA', 35),
(12338, 'Faculdade De Tecnologia La Salle - Estrela', 'FACSALLE', 43),
(12346, 'Faculdade Metropolitana São Carlos', 'FAMESC', 33),
(12430, 'Faculdade Metropolitana São Carlos Bji', 'FAMESC-BJI', 33),
(12522, 'Faculdade Mogiana Do Estado De São Paulo', 'FAMOESP', 35),
(12523, 'Faculdade De Tecnologia Da Serra Gaúcha - Bento Conçalves', 'FTSG', 43),
(12601, 'Faculdade Brasileira De Estudos Avançados', 'FABEA', 21),
(12611, 'Faculdade De Música Souza Lima', 'FMSL', 35),
(12620, 'Faculdade De Tecnologia De Sete Lagoas', 'FASSETE', 31),
(12625, 'Escola Superior De Aviação Civil', 'ESAC', 25),
(12723, 'Faculdade De Tecnologia Finaci', 'FINACI', 35),
(12748, 'Faculdade De Educação, Tecnologia E Administração De Caarapó', 'FETAC', 50),
(12749, 'Faculdades Unidas De Pesquisa, Ciências E Saúde Ltda', 'FAPEC', 29),
(12754, 'Faculdade Teológica Da Assembléia De Deus Em Curitiba', 'FATADC', 41),
(12766, 'Faculdade União De Campo Mourão', NULL, 41),
(12784, 'Faculdade De Tecnologia Tecbrasil - Unidade Novo Hamburgo', 'Ftec Novo Hamburgo', 43),
(12803, 'Faculdade Ibmec Distrito Federal', 'IBMEC/DF', 53),
(12847, 'Faculdade Educacional De Francisco Beltrão', 'FEFB', 41),
(12916, 'Ipog - Instituto De Pós-graduação & Graduação', 'IPOG', 52),
(13106, 'Faculdade De Tecnologia Lourenço Filho', 'FATEC - FLF', 23),
(13133, 'Faculdade De Goiânia - Unidade 1', 'FAG', 52),
(13300, 'Faculdade Adjetivo Cetep', 'ADJETIVO-CETEP', 31),
(13417, 'Faculdade Princesa Do Oeste', 'FPO', 23),
(13527, 'Faculdade Canção Nova', 'FCN', 35),
(13631, 'Faculdade São Fidelis', 'FSF', 33),
(13643, 'Faculdades Evangélicas Integradas Cantares De Salomão', 'FEICS', 51),
(13657, 'Faculdade De Tecnologia Ateneu', NULL, 23),
(13663, 'Faculdade Iseib De Betim', 'FISBE', 31),
(13684, 'Faculdade Pitágoras De Contagem', 'PIT Contagem', 31),
(13717, 'Faculdades Futurão', 'CENTEFF', 42),
(13743, 'Faculdade Pitágoras De Governador Valadares', 'PIT GV', 31),
(13796, 'Faculdade De Porto Feliz', NULL, 35),
(13809, 'Faculdade Santo Agostinho De Sete Lagoas', 'FASASETE', 31),
(13812, 'Escola Superior Aberta Do Brasil', 'ESAB', 32),
(13832, 'Faculdade Sagrada Família', 'FASF', 41),
(13889, 'Faculdade Itapuranga', NULL, 52),
(13890, 'Faculdade De Tecnologia Bsg-u', 'FBSG-U', 35),
(13938, 'Faculdade De Marília', 'FAMAR', 35),
(13982, 'Faculdade Universo', 'FAUNI', 15),
(14005, 'Instituto Superior De Ciências Humanas E Sociais Aplicadas De Abaeté', 'ISAB', 31),
(14028, 'Faculdade Presidente Antônio Carlos De Betim', 'FUNEC Betim', 31),
(14029, 'Faculdade Presidente Antônio Carlos De Aimorés', 'FUNEC Aimorés', 31),
(14032, 'Faculdade Presidente Antônio Carlos De Belo Horizonte', 'FUNEC Belo Horizonte', 31),
(14090, 'Faculdade Betim', 'FABE', 31),
(14098, 'Faculdade Presidente Antônio Carlos De Almenara', 'FUNEC Almenara', 31),
(14101, 'Faculdade Presidente Antônio Carlos De Baependi', 'FUNEES Baependi', 31),
(14115, 'Faculdade Presidente Antônio Carlos De Ponte Nova', 'FUNEES Ponte Nova', 31),
(14118, 'Faculdade Presidente Antônio Carlos De Raul Soares', 'FUNEES Raul Soares', 31),
(14119, 'Faculdade Presidente Antônio Carlos De São Francisco', 'FUNEES São Francisco', 31),
(14121, 'Faculdade Presidente Antônio Carlos De São João Nepomuceno', 'FUNEES SJN', 31),
(14126, 'Faculdade Presidente Antônio Carlos De São Lourenço', 'FUNEES São Lourenço', 31),
(14127, 'Faculdade Presidente Antônio Carlos De Campo Belo', 'FUNEES Campo Belo', 31),
(14128, 'Faculdade Presidente Antônio Carlos De Vazante', 'FEES Vazante', 31),
(14129, 'Faculdade Presidente Antônio Carlos De Curvelo', 'FUNEES Curvelo', 31),
(14130, 'Faculdade Presidente Antônio Carlos De Várzea Da Palma', 'FEES Várzea da Palma', 31),
(14132, 'Faculdade Presidente Antônio Carlos De Itanhandu', 'FUNEES Itanhandu', 31),
(14133, 'Faculdade Presidente Antônio Carlos De Lambari', 'FUNEES Lambari', 31),
(14147, 'Faculdade Presidente Antônio Carlos De Barão De Cocais', NULL, 31),
(14148, 'Faculdade Presidente Antônio Carlos De Mariana', 'FUNEC Mariana', 31),
(14149, 'Faculdade Presidente Antônio Carlos De Bocaiúva', 'FUNEES Bocaiúva', 31),
(14150, 'Faculdade Presidente Antônio Carlos De Montes Claros', 'FUNEC Montes Claros', 31),
(14151, 'Faculdade Presidente Antônio Carlos De Nova Lima', 'FUNEC Nova Lima', 31),
(14153, 'Faculdade Presidente Antônio Carlos De Porteirinha', 'FUNEES Porteirinha', 31),
(14155, 'Faculdade Presidente Antônio Carlos De Sabará', 'FUNEES Sabará', 31),
(14156, 'Faculdade Presidente Antônio Carlos De Teófilo Otoni', 'FUNEES Teófilo Otoni', 31),
(14157, 'Faculdade De Educação E Estudos Sociais De Uberlândia', 'FUNEES Uberlândia', 31),
(14160, 'Faculdade Presidente Antônio Carlos De Carmópolis', 'FUNEES C. de Minas', 31),
(14161, 'Faculdade Presidente Antônio Carlos De Contagem', 'FACEC Contagem', 31),
(14162, 'Faculdade Presidente Antônio Carlos De Governador Valadares', 'FAU G. Valadares', 31),
(14163, 'Faculdade De Educação E Estudos Sociais De Governador Valadares', 'FUNEES G. Valadares', 31),
(14165, 'Faculdade Três Pontas', 'FATEP', 31),
(14166, 'Faculdade Presidente Antônio Carlos De Itabira', 'FUNEES Itabira', 31),
(14169, 'Faculdade Presidente Antônio Carlos De Itambacuri', 'FUNEES Itambacuri', 31),
(14171, 'Faculdade Presidente Antõnio Carlos De Perdões', 'FUNEES Perdões', 31),
(14173, 'Faculdade Presidente Antônio Carlos De Ribeirão Das Neves', 'FUNEES R. das Neves', 31),
(14183, 'Faculdade Presidente Antônio Carlos De São João Del Rei', 'FUNEES SJDR', 31),
(14201, 'Instituto Superior De Ciências Agrárias', 'ISAP', 31),
(14204, 'Faculdade Presidente Antônio Carlos De Arcos', 'FUNEES Arcos', 31),
(14206, 'Faculdade Presidente Antônio Carlos De Elói Mendes', 'FUNEES', 31),
(14209, 'Faculdade Presidente Antônio Carlos De Lagoa Santa', 'FUNEES', 31),
(14216, 'Faculdade Presidente Antônio Carlos De Divino', 'FUNEES', 31),
(14222, 'Faculdade Presidente Antônio Carlos De Senhora Dos Remédios', 'FUNEES', 31),
(14223, 'Faculdade Presidente Antônio Carlos De Central De Minas', 'FUNEES', 31),
(14225, 'Faculdade Presidente Antônio Carlos De Felixlândia', 'FUNEES', 31),
(14231, 'Faculdade Presidente Antônio Carlos De Uruana De Minas', 'FUNEES', 31),
(14236, 'Faculdade De Ciências Gerenciais', 'FACIG', 31),
(14242, 'Faculdade Presidente Antônio Carlos De Timóteo', 'FECT', 31),
(14243, 'Faculdade Presidente Antônio Carlos De Itabirito', NULL, 31),
(14246, 'Faculdade Presidente Antônio Carlos De Uberaba', NULL, 31),
(14247, 'Faculdade Presidente Antônio Carlos De Tupaciguara', NULL, 31),
(14248, 'Faculdade Presidente Antônio Carlos De Uberlândia', NULL, 31),
(14249, 'Faculdade Presidente Antônio Carlos De Congonhas', NULL, 31),
(14258, 'Instituto Superior De Ensino E Pesquisa De Cambuí', 'ISEPEC', 31),
(14263, 'Faculdade Presidente Antônio Carlos De Itajubá', NULL, 31),
(14313, 'Nova Faculdade', 'NF', 31),
(14367, 'Faculdade Eficaz', 'FACULDADE EFICAZ', 41),
(14401, 'Faculdade De Tecnologia Porto Das Monções', 'FAMO', 35),
(14408, 'Instituto Federal De Educação, Ciencia E Tecnologia De Brasilia', 'IFB', 53),
(14509, 'Instituto Federal De Educação, Ciência E Tecnologia Baiano', 'IFBAIANO', 29),
(14724, 'Instituto Federal De Educação, Ciência E Tecnologia Do Paraná', 'IFPR', 41),
(14858, 'Faculdade De Tecnologia Francisco Morato', 'FFRAMO', 35),
(14914, 'Faculdade Teológica Evangélica Do Rio De Janeiro', 'FATERJ', 33),
(15001, 'Universidade Federal Da Integração Latino-americana', 'UNILA', 41),
(15015, 'Universidade Estadual Do Norte Do Paraná', 'UENP', 41),
(15032, 'Universidade Alto Vale Do Rio Do Peixe', 'UNIARP', 42),
(15059, 'Universidade Federal Do Oeste Do Pará', 'UFOPA', 15),
(15121, 'Universidade Federal Da Fronteira Sul', 'UFFS', 42),
(15357, 'Faculdade Presidente Antônio Carlos De Ubá', NULL, 31),
(15428, 'Faculdade Dom Heitor Sales', '-', 24),
(15450, 'Faculdade Presidente Antônio Carlos De Ipatinga', NULL, 31),
(15451, 'Faculdade De Direito De Ipatinga', 'FADIPA', 31),
(15452, 'Faculdade Presidente Antônio Carlos De Bom Despacho', NULL, 31),
(15453, 'Faculdade Presidente Antônio Carlos De Conselheiro Lafaiete', NULL, 31),
(15467, 'Faculdade Presidente Antônio Carlos De Visconde Do Rio Branco', NULL, 31),
(15468, 'Faculdade Presidente Antônio Carlos De Leopoldina', NULL, 31),
(15497, 'Universidade Da Integração Internacional Da Lusofonia Afro-brasileira', 'UNILAB', 23),
(15507, 'Instituto Federal De Educação, Ciência E Tecnologia Do Acre', 'IFAC', 12),
(15520, 'Instituto Federal De Educação, Ciência E Tecnologia De Mato Grosso Do Sul', 'IFMS', 50),
(15522, 'Instituto Federal De Educação, Ciência E Tecnologia Do Amapá', 'IFAP', 16),
(15576, 'Faculdade De Tecnologia De Mogi Das Cruzes', 'FATEC-MC', 35),
(15581, 'Faculdade De Tecnologia De São José Dos Campos - Jessen Vidal', 'FATECSJCAMPOS', 35),
(15585, 'Faculdade De Tecnologia Santo André', 'FATEC-SA', 35),
(15639, 'Faculdade De Tecnologia De Itaquaquecetuba', 'Fatec Itaqua', 35),
(15669, 'Faculdade De Ciências Exatas De Garanhuns', 'FACEG', 26),
(15680, 'Fatec Cruzeiro Prof. Waldomiro May', NULL, 35),
(15682, 'Faculdade De Tecnologia De Piracicaba', 'Fatec Piracicaba', 35),
(15687, 'Faculdade De Tecnologia De Pindamonhangaba', 'FATEC PI', 35),
(15688, 'Faculdade De Teconologia Da Zona Sul', 'FATEC ZONASUL', 35),
(15689, 'Faculdade De Tecnologia De Bauru', 'FATEC', 35),
(15693, 'Faculdade De Tecnologia De Itapetininga - Prof.antônio Belizandro Barbosa Rezende', 'Fatec - Itapetininga', 35),
(15695, 'Faculdade De Tecnologia Dom Amaury Castanho', 'Fatec Itu', 35),
(15696, 'Faculdade De Tecnologia De Sertãozinho', 'FATEC SERTÃOZINHO', 35),
(15697, 'Faculdade De Tecnologia De Araçatuba', 'FATEC Araçatuba', 35),
(15704, 'Faculdade De Tecnologia De Capão Bonito', 'FATEC-CB', 35),
(15708, 'Faculdade De Tecnologia Dr. Thomaz Novelino', 'FATEC Franca', 35),
(15709, 'Faculdade De Tecnologia De Osasco - Prefeito Hirant Sanazar', 'Fatec Osasco', 35),
(15715, 'Faculdade De Tecnologia De Lins', 'FATEC LINS', 35),
(15745, 'Faculdade De Tecnologia De São Caetano Do Sul', 'FATEC SCS', 35),
(15746, 'Faculdade De Tecnologia Do Ipiranga', 'FATECIPI', 35),
(15752, 'Faculdade De Tecnologia De Guarulhos', 'FATEC GR', 35),
(15753, 'Faculdade De Tecnologia De Jaboticabal', 'FATEC JB', 35),
(15757, 'Faculdade De Tecnologia De Barueri', 'Fatec Barueri', 35),
(15769, 'Faculdade De Tecnologia De Jales', 'Fatec Jales', 35),
(15784, 'Faculdade De Tecnologia Estudante Rafael Almeida Camarinha - Marilia', 'Fatec Marilia', 35),
(15793, 'Faculdade De Tecnologia De São Sebastião', 'Fatec SS', 35),
(15803, 'Faculdade De Tecnologia De Tatuí - Prof. Wilson Roberto Ribeiro De Camargo', 'FATEC TATUÍ', 35),
(16395, 'Faculdade De Tecnologia De Carapicuiba', 'FATEC', 35),
(16410, 'Faculdade De Tecnologia De Catanduva', 'FATEC Catanduva', 35),
(16453, 'Faculdade De Tecnologia Apoena', 'FTA', 23),
(16759, 'Faculdade Do Bico Do Papagaio', 'FABIC', 17),
(17542, 'Faculdade De Ciências Gerenciais De Guarapari', NULL, 32),
(17543, 'Escola Nacional de Saúde Pública (ENSP)', 'ENSP', 33),
(17544, 'Universidade de Brasília-Faculdade de Ceilândia', 'UnB', 53),
(17545, 'Fundação Oswaldo Cruz (FIOCRUZ)', 'FIOCRUZ', 33),
(17546, 'Fundação Universidade Federal do Tocantins (UFT)', 'UFT', 17),
(17547, 'Grupo Hospitalar Conceição (GHC)', 'GHC', 43),
(17548, 'Instituto Nacional de Infectologia Evandro Chagas (INI)', 'INI', 33),
(17549, 'Ministério da Saúde (MS)', 'MS', 53),
(17550, 'Pontifícia Universidade Católica de São Paulo (PUC-SP)', 'PUC-SP', 35),
(17551, 'Secretaria Municipal de Saúde do Rio de Janeiro (SMS-RJ)', 'SMS-RJ', 33),
(17552, 'Freie Universitat Berlin', 'FU', NULL),
(17553, 'Escuela Andaluza de Salud Pública. Granada Andaluzia Espanha (EASP)', 'EASP', NULL),
(17554, 'Imperial College London', NULL, NULL),
(17555, 'Organização Mundial da Saúde (OMS)', 'OMS', NULL),
(17556, 'Organização Pan-Americana da Saúde (OPAS)', 'OPAS', NULL),
(17557, 'Sociedade Brasileira de Clínica Médica (SBCM)', 'SBCM', NULL),
(17558, 'The Lancet Oncology Comissão (TLO)', 'TLO', NULL),
(17559, 'Universidad Nacional de La Matanza (UNLAM)', 'UNLAM', NULL),
(17560, 'Universidade Aberta do SUS (UNASUS)', 'UNASUS', NULL),
(17561, 'Universidade de Brasília ', 'UNB', 53),
(17562, 'Universidade Nova de Lisboa (UNL)', 'UNL', NULL),
(17563, 'UNIVERSIDADE FEDERAL DO SUL DA BAHIA (UFSB)', 'UFSB', 29),
(17564, 'Fundação Joaquim Nabuco ', 'FUNDAJ', 26),
(17565, 'Universidade Federal de Pernambuco-Campus Vitória', 'UFPE', 26),
(17566, 'Fundação Oswaldo Cruz-Instituto Aggeu Magalhães', 'FIOCRUZ', 26),
(17567, 'Fundação Oswaldo Cruz-Instituto Leônidas e Maria Deane (FIOCRUZ-ILMD)', 'FIOCRUZ', 13),
(17568, 'Ministerio de Salud Pública de Cuba  (MINSAP)', 'MINSAP', NULL),
(17569, 'Secretaria de Planejamento e Gestão do Estado de São Paulo', NULL, 35),
(17570, 'Fundação Oswaldo Cruz-Ceará', 'FIOCRUZ', 23),
(17571, 'Fundação Oswaldo Cruz-Brasília', 'FIOCRUZ', 53),
(17572, ' Secretaria de Estado de Saúde do Distrito Federal', 'SES-DF', 53),
(17574, 'Sociedade Brasileira de Ortopedia e Traumatologia', 'SBOT', NULL),
(17575, 'Secretaria Municipal de Saúde de Florianópolis', 'SMS', 42),
(17576, 'Prefeitura Municipal de Sapucaia do Sul', 'Sapucaia do Sul - RS', 43),
(17577, 'Prefeitura Municipal de Três Lagoas', 'Três Lagoas - MS', 50),
(17578, 'Ministério da Educação', 'MEC', NULL),
(17579, ' Secretaria Municipal de Saúde - Prefeitura Municipal de Pedras de Fogo', 'SMS - Pedras de Fogo', 25),
(17580, 'Escola Paulista de Ciências Médicas', 'EPCM', 35),
(17581, 'Fundação João Pinheiro', NULL, 31),
(17582, 'Université de Montréal', NULL, NULL),
(17583, ' Instituto René Rachou (Fiocruz Minas)', NULL, 31),
(17584, 'Prefeitura Municipal de Sobral', NULL, 23),
(17585, 'Hospital Regional Norte, Sobral (CE)', NULL, 23),
(17586, 'Centro Universitário Estácio do Ceará', NULL, 23),
(17587, 'Faculdade Integrada do Ceará', 'FIC', 23),
(17588, 'Programa Saúde da Família - Jardim Carlos Aldrovandi', NULL, 35),
(17589, 'Secretaria de Saúde do Distrito Federal', NULL, 53),
(17590, 'Instituto Brasiliense de Direito Público', 'IDP', 53),
(17591, 'Imperial College of London', NULL, NULL),
(17592, 'Stanford University', NULL, NULL);

-- --------------------------------------------------------

--
-- Estrutura para tabela `ObjetoPesquisa`
--

CREATE TABLE IF NOT EXISTS `ObjetoPesquisa` (
  `CodObjetoPesquisa` int(11) NOT NULL,
  `NomeObjetoPesquisa` varchar(100) NOT NULL,
  `CodObjetoPesquisaPai` int(11) DEFAULT NULL,
  `IndicadorExclusao` varchar(1) DEFAULT NULL
) ENGINE=InnoDB DEFAULT CHARSET=utf8;

--
-- Fazendo dump de dados para tabela `ObjetoPesquisa`
--

INSERT INTO `ObjetoPesquisa` (`CodObjetoPesquisa`, `NomeObjetoPesquisa`, `CodObjetoPesquisaPai`, `IndicadorExclusao`) VALUES
(1, 'Programa Mais Médicos', NULL, NULL),
(2, 'Provimento emergencial de médicos', NULL, NULL),
(3, 'Formação de médicos', NULL, NULL),
(4, 'Expandir a infraestrutura física', NULL, NULL),
(5, 'Outros temas sobre o PMM', NULL, NULL),
(6, 'Prática profissional', 5, 'S');

-- --------------------------------------------------------

--
-- Estrutura para tabela `Palavra`
--

CREATE TABLE IF NOT EXISTS `Palavra` (
  `CodPalavra` int(11) NOT NULL,
  `NomePalavra` varchar(100) NOT NULL
) ENGINE=InnoDB DEFAULT CHARSET=utf8;

--
-- Fazendo dump de dados para tabela `Palavra`
--

INSERT INTO `Palavra` (`CodPalavra`, `NomePalavra`) VALUES
(3, 'Atração'),
(4, 'Provimento de profissionais de saúde'),
(5, 'Médicos rurais'),
(6, 'Escassez de médicos'),
(7, 'Distribuição desigual'),
(8, 'Retenção e recrutamento de força de trabalho'),
(10, 'Enfermeiros'),
(11, 'Avaliação de serviços de saúde'),
(12, 'Médicos de atenção primária'),
(13, 'Distribuição de médicos'),
(15, 'Qualidade'),
(16, 'Acesso e avaliação da assistência á saúde'),
(17, 'Satisfação dos usuários'),
(23, 'Integralidade em saúde'),
(24, 'Estratégia Saúde da Família'),
(25, 'Programas nacionais de saúde'),
(26, 'Sistema Único de Saúde'),
(27, 'Educação Médica'),
(28, 'Narrativa e Memória'),
(29, 'Currículo'),
(30, 'Programa Mais Médicos'),
(31, 'Ensino Baseado na Comunidade'),
(32, 'Cobertura universal em saúde'),
(33, 'Políticas públicas'),
(34, 'Planejamento e administração em Saúde'),
(35, 'Programas governamentais'),
(38, 'Análise fatorial'),
(39, 'Avaliação de programa'),
(40, 'Saúde pública'),
(41, 'Médicos'),
(42, 'Atenção Primária à Saúde'),
(43, ' Médicos de Atenção Primária'),
(44, ' Enfermeiros'),
(45, ' Avaliação de serviços de saúde'),
(46, ' Estratégia de Saúde da Família'),
(47, 'Cuidados primários'),
(48, 'Médicos graduados estrangeiros'),
(49, 'Saúde Coletiva'),
(50, 'Formulação e Implementação'),
(51, ' Insulamento Burocrático'),
(52, 'SUS'),
(53, ' Janela de Oportunidades'),
(54, ' Arranjos institucionais '),
(55, 'não se aplica'),
(56, 'Comunicação em saúde'),
(57, 'Gestão em saúde'),
(58, 'Mídias sociais'),
(59, ' Sociedades médicas'),
(60, ' Programas médicos regionais'),
(61, 'Políticas'),
(62, ' Cooperação Internacional'),
(63, 'Recursos humanos em saúde'),
(64, 'Mercado de trabalho de saúde'),
(65, 'Políticas públicas em saúde'),
(66, 'Acesso à atenção médica'),
(67, 'recursos humanos para a saúde '),
(68, 'Brasil'),
(69, 'Inglaterra'),
(70, 'Atenção Básica em Saúde'),
(71, 'Avaliação em Saúde'),
(72, 'Programas Médicos Regionais'),
(73, 'Mais Médicos'),
(74, 'Avaliação de Políticas de Saúde'),
(75, 'Cidades pequenas'),
(76, 'Política de Saúde'),
(77, ' Iniquidades em saúde'),
(78, ' Provisão de médicos'),
(79, 'Avaliação de sistemas de saúde'),
(80, 'Cooperação internacional'),
(81, 'Programas de cooperação bilateral'),
(82, ' Múltiplos Fluxos'),
(83, 'Manifestações Populares'),
(84, 'Políticas de saúde'),
(85, 'Atores sociais'),
(86, ' Políticas públicas'),
(87, 'Atores'),
(88, ' Ciclo de políticas públicas '),
(89, 'Sociedade'),
(90, ' Áreas rurais'),
(91, ' Saúde '),
(92, 'PMM'),
(93, 'Infraestrutura'),
(94, 'IDHM'),
(95, 'UBS'),
(96, 'Indicadores'),
(97, 'Gestão do Trabalho e Educação em Saúde'),
(98, ' Humanismo'),
(99, ' Educação Médica'),
(100, 'Cuba'),
(101, 'recursos humanos   '),
(102, 'Saúde da Mulher'),
(103, 'Cuidado Pré-Natal'),
(104, ' Período Pós-Parto '),
(105, 'não consta'),
(106, 'Brazil'),
(107, 'doctors'),
(108, 'indigenous population'),
(109, 'maroon communities'),
(110, 'primary healthcare'),
(111, 'Atenção Básica   '),
(112, 'Projeto Mais Médicos para o Brasil'),
(113, ' Programas Nacionais de Saúde;'),
(114, 'Humanização da Assistência; '),
(115, 'Cuidados Médicos '),
(116, 'Medicina de família e comunidade'),
(117, 'Vulnerabilidade Social'),
(118, 'Acesso aos serviços de saúde'),
(119, 'Serviços Básicos de Saúde'),
(120, 'Médicos de Atenção  Primária'),
(121, 'Políticas  públicas'),
(122, ' Infraestrutura sanitária'),
(123, 'Atenção Básica à Saúde'),
(124, 'Estados Unidos da América'),
(125, 'Austrália'),
(126, 'Programa Mais Médicos '),
(127, ' Atenção Básica à Saúde'),
(128, 'Avaliação Educaciona'),
(129, 'Escolas Médicas '),
(130, 'Políticas públicas de saúde'),
(131, 'Demografia'),
(132, 'Provisão'),
(133, 'Distribuição   '),
(134, 'Internato '),
(135, 'Residência'),
(136, 'Planejamento em saúde'),
(137, 'Identidade social'),
(138, 'Favorecimento Endogrupal'),
(139, 'Preconceito'),
(140, 'Provimento de profissionais   '),
(141, 'Mídia   '),
(142, 'Atenção Primária em Saúde'),
(143, 'Estratégia Saúde da Família'),
(144, 'Educação baseada na comunidade'),
(145, ' política pública de saúde'),
(146, ' populações vulneráveis'),
(147, 'Acesso         '),
(148, 'Cobertura universal       '),
(149, 'Saúde Indígena'),
(150, ' Projeto Mais Médicos para o Brasil'),
(151, 'Pesquisa de opinião'),
(152, ' Bioética'),
(153, ' Tutoria    '),
(154, ' Cuidados médicos'),
(155, 'Residência médica'),
(156, 'Medicina de Família e  Comunidade'),
(157, 'Educação à distância'),
(158, 'Educação Permanente'),
(159, 'Provab'),
(160, 'Precedência'),
(161, 'Supervisão Acadêmica'),
(162, 'Trabalho'),
(163, 'Educação   '),
(164, 'Saúde   '),
(165, 'Área carente de assistência médica'),
(166, 'Antropologia'),
(167, 'Método paideia'),
(168, 'Assistência à Saúde'),
(169, 'Medicina   '),
(170, 'Reforma dos serviços de saúde'),
(171, 'Políticas planejamento e administração em saúde'),
(172, 'Testes linguísticos'),
(173, 'ideologias linguísticas'),
(174, 'políticas linguísticas'),
(175, 'migração'),
(176, 'Psicossociologia do trabalho'),
(177, 'Teoria e método'),
(178, 'Médicos estrangeiros'),
(179, ' Políticas Públicas de Saúde'),
(180, 'Formulação de Políticas'),
(181, 'Apoio institucional'),
(182, 'Arte'),
(183, 'Internato e Residência'),
(184, 'Gestão do Trabalho   '),
(185, 'Saúde da Família '),
(186, 'Trabalhadores'),
(187, 'Gestor em Saúde'),
(188, 'Teste'),
(189, 'Trabalho imigrante'),
(190, 'Temporalidade'),
(191, 'Flexibilidade'),
(192, 'Marítimos globais '),
(193, 'Mercado de trabalho    '),
(194, ' Política de Saúde'),
(195, 'Formação Médica'),
(196, 'Teoria da Argumentação'),
(197, 'Pragma-dialética'),
(198, 'prática profissional    '),
(199, 'sistemas de saúde '),
(200, 'População Rural'),
(201, 'Educação em Saúde'),
(202, 'Hipertensão Arterial'),
(203, 'Diabetes Mellitus'),
(204, 'Conhecimentos   '),
(205, 'Atitudes e Prática em Saúde '),
(206, 'Relações Interprofissionais'),
(207, 'Equipe de Assistência ao Paciente'),
(208, 'Comportamento Cooperativo'),
(209, 'setor público'),
(210, 'economia'),
(211, 'Formação        '),
(212, 'Centralização  '),
(213, 'Pessoal de saúde'),
(214, 'Associação político-partidária'),
(215, ' Estrutura de incentivos'),
(216, 'Meios de Comunicação de Massa'),
(217, 'IstoÉ'),
(218, 'meios de comunicação   '),
(219, 'medicina comunitária'),
(220, 'Educação continuada'),
(221, 'preceptoria'),
(222, 'Atenção Primária'),
(223, 'Estudo série histórica'),
(224, 'alocação de recursos para a atenção à saúde'),
(225, 'pesquisa sobre serviços de saúde '),
(226, 'Custos e análise de custo'),
(227, 'economia da saúde'),
(228, 'Zona rural'),
(229, ' Habitus'),
(230, ' Nutrição'),
(231, 'Bourdieu'),
(232, 'Atenção Médica'),
(233, 'Direito à Saúde'),
(234, 'Constitucionalidade'),
(235, 'Avaliação Educacional'),
(236, 'Saúde Pública brasileira'),
(237, 'Processo Legislativo'),
(238, 'VER-SUS'),
(239, 'Saúde'),
(240, ' Política e Sociedade'),
(241, 'Educação Interprofissional'),
(242, 'Especialização'),
(243, 'Estudo de Caso'),
(244, 'Estudo quanti-qualitativo'),
(245, 'Análise de Conteúdo'),
(246, 'Planos e programas de saúde'),
(247, 'Política pública'),
(248, 'Capacitação em serviço'),
(249, 'Narrativa'),
(250, 'Ensino de graduação em Medicina'),
(251, 'Ensino em saúde'),
(252, 'Expansão de cursos médicos'),
(253, 'Análise institucional'),
(254, 'Educação permanente em saúde'),
(255, 'Expansão'),
(256, 'Interiorização de Escolas Médicas'),
(257, 'Evaluation of health programs and health projects'),
(258, 'Medical education'),
(259, 'Primary health care'),
(260, 'Unified health system'),
(261, 'Gestão   '),
(262, 'diretrizes curriculares '),
(263, 'Administração de recursos humanos em saúde'),
(264, 'Saúde do Idoso'),
(265, 'Estratégia de Saúde da Famíla'),
(266, 'Primary care'),
(267, 'Health system financing'),
(268, 'Mortality'),
(269, 'Microsimulation');

-- --------------------------------------------------------

--
-- Estrutura para tabela `Revista`
--

CREATE TABLE IF NOT EXISTS `Revista` (
  `CodRevista` int(11) NOT NULL,
  `NomeRevista` varchar(300) NOT NULL
) ENGINE=InnoDB DEFAULT CHARSET=utf8;

--
-- Fazendo dump de dados para tabela `Revista`
--

INSERT INTO `Revista` (`CodRevista`, `NomeRevista`) VALUES
(1, 'Ciência e Saúde Coletiva'),
(2, 'Revista Brasileira de Educação Médica'),
(3, 'SCIELO'),
(4, 'Revista Brasileira de Medicina de Família e Comunidade'),
(5, 'Cadernos EBAPE.BR'),
(6, 'Revista Eletrônica Tempus'),
(7, 'Interface-Comunicação, Saúde, Educação'),
(8, 'Revista de APS'),
(9, 'Bulletin Of The World Health Organization'),
(10, 'The International Eletronic Journal of Rural and Remote Health Research, Education, Practice and Policy'),
(11, 'Saúde e Sociedade'),
(12, 'Revista Brasileira de Ortopedia'),
(13, 'Divulgação em Saúde para Debate (CEBES)'),
(14, 'Revista Psico (EdiPUCRS)'),
(15, ' Revista da Associação Médica Brasileira'),
(16, 'Escola Anna Nery Revista de Enfermagem'),
(17, 'Observatorio Special Issue - OBS'),
(18, 'Saúde em Debate (CEBES)'),
(19, 'Psicologia em Revista (PUC-Minas)'),
(20, 'Cadernos de Saúde Pública (ENSP)'),
(21, 'Physis: Revista de Saúde Coletiva'),
(22, 'Cadernos CRH - Centro de Estudos e Pesquisas em Humanidades (UFBA)'),
(23, 'Trabalho, Educação e Saúde (Escola Politécnica de Saúde Joaquim Venâncio-FIOCRUZ)'),
(24, 'Revista Latinoamericana de Enfermagem'),
(25, 'Revice  - Revista de Ciências do Estado (UFMG)'),
(26, 'Educación Médica'),
(27, 'Portal Regional da BVS'),
(28, 'Revista Eletrônica de Comunicação, Informação & Inovação em Saúde'),
(29, 'Revista de Salud Pública'),
(30, ' Revista Panamericana de Salud Pública / Pan American Journal of Public Health'),
(31, 'HU Revista (Juiz de Fora-MG)'),
(32, 'Revista Brasileira de Pesquisa em Saúde/Brazilian Journal of Health Research (RBPS-UFES)'),
(33, 'Cadernos Ibero-Americanos de Direito Sanitário'),
(34, 'Revista Brasileira em Promoção da Saúde'),
(35, 'Psico-USF'),
(36, 'Revista da Sociedade Brasileira de Clínica Médica'),
(37, 'Revista Escola de Enfermagem da USP'),
(38, 'Edumecentro - Cuba'),
(39, 'Revista Espacios'),
(40, 'Revista de Administração, Contabilidade e Sustentabilidade'),
(41, 'Revista Brasileira de Linguística Aplicada - RBLA'),
(42, 'BMC Health Services Research');

-- --------------------------------------------------------

--
-- Estrutura para tabela `TipoAnalise`
--

CREATE TABLE IF NOT EXISTS `TipoAnalise` (
  `CodTipoAnalise` int(11) NOT NULL,
  `NomeTipoAnalise` varchar(100) NOT NULL,
  `IndicadorExclusao` varchar(1) DEFAULT NULL
) ENGINE=InnoDB DEFAULT CHARSET=utf8;

--
-- Fazendo dump de dados para tabela `TipoAnalise`
--

INSERT INTO `TipoAnalise` (`CodTipoAnalise`, `NomeTipoAnalise`, `IndicadorExclusao`) VALUES
(1, 'Quantitativas', NULL),
(2, 'Qualitativas', NULL),
(3, 'Triangulação de Métodos', NULL),
(4, 'Outros', 'S');

-- --------------------------------------------------------

--
-- Estrutura para tabela `TipoObjetivo`
--

CREATE TABLE IF NOT EXISTS `TipoObjetivo` (
  `CodTipoObjetivo` int(11) NOT NULL,
  `NomeTipoObjetivo` varchar(100) NOT NULL,
  `IndicadorExclusao` varchar(1) DEFAULT NULL
) ENGINE=InnoDB DEFAULT CHARSET=utf8;

--
-- Fazendo dump de dados para tabela `TipoObjetivo`
--

INSERT INTO `TipoObjetivo` (`CodTipoObjetivo`, `NomeTipoObjetivo`, `IndicadorExclusao`) VALUES
(1, 'Exploratório', NULL),
(2, 'Descritiva', NULL),
(3, 'Explicativa', NULL);

-- --------------------------------------------------------

--
-- Estrutura para tabela `TipoProcedimento`
--

CREATE TABLE IF NOT EXISTS `TipoProcedimento` (
  `CodTipoProcedimento` int(11) NOT NULL,
  `NomeTipoProcedimento` varchar(100) NOT NULL,
  `IndicadorExclusao` varchar(1) DEFAULT NULL
) ENGINE=InnoDB DEFAULT CHARSET=utf8;

--
-- Fazendo dump de dados para tabela `TipoProcedimento`
--

INSERT INTO `TipoProcedimento` (`CodTipoProcedimento`, `NomeTipoProcedimento`, `IndicadorExclusao`) VALUES
(1, 'Bibliográfico', NULL),
(2, 'Documental', NULL),
(3, 'Campo', NULL);

-- --------------------------------------------------------

--
-- Estrutura para tabela `UnidadeFederacao`
--

CREATE TABLE IF NOT EXISTS `UnidadeFederacao` (
  `CodUF` int(11) NOT NULL,
  `NomeUF` varchar(30) NOT NULL,
  `SiglaUF` varchar(2) NOT NULL
) ENGINE=InnoDB DEFAULT CHARSET=utf8;

--
-- Fazendo dump de dados para tabela `UnidadeFederacao`
--

INSERT INTO `UnidadeFederacao` (`CodUF`, `NomeUF`, `SiglaUF`) VALUES
(11, 'Rondônia', 'RO'),
(12, 'Acre', 'AC'),
(13, 'Amazonas', 'AM'),
(14, 'Roraima', 'RR'),
(15, 'Pará', 'PA'),
(16, 'Amapá', 'AP'),
(17, 'Tocantins', 'TO'),
(21, 'Maranhão', 'MA'),
(22, 'Piauí', 'PI'),
(23, 'Ceará', 'CE'),
(24, 'Rio Grande do Norte', 'RN'),
(25, 'Paraíba', 'PB'),
(26, 'Pernambuco', 'PE'),
(27, 'Alagoas', 'AL'),
(28, 'Sergipe', 'SE'),
(29, 'Bahia', 'BA'),
(31, 'Minas Gerais', 'MG'),
(32, 'Espírito Santo', 'ES'),
(33, 'Rio de Janeiro', 'RJ'),
(35, 'São Paulo', 'SP'),
(41, 'Paraná', 'PR'),
(42, 'Santa Catarina', 'SC'),
(43, 'Rio Grande do Sul', 'RS'),
(50, 'Mato Grosso do Sul', 'MS'),
(51, 'Mato Grosso', 'MT'),
(52, 'Goiás', 'GO'),
(53, 'Distrito Federal', 'DF');

-- --------------------------------------------------------

--
-- Estrutura para tabela `Usuario`
--

CREATE TABLE IF NOT EXISTS `Usuario` (
  `CodUsuario` int(11) NOT NULL,
  `NomeUsuario` varchar(100) NOT NULL,
  `EmailUsuario` varchar(45) NOT NULL,
  `SenhaUsuario` varchar(255) NOT NULL,
  `IndicadorExclusao` varchar(1) DEFAULT NULL
) ENGINE=InnoDB DEFAULT CHARSET=utf8;

--
-- Fazendo dump de dados para tabela `Usuario`
--

INSERT INTO `Usuario` (`CodUsuario`, `NomeUsuario`, `EmailUsuario`, `SenhaUsuario`, `IndicadorExclusao`) VALUES
(1, 'Matheus Michel', 'matmic08@gmail.com', '$2y$10$D0GOoFW6Kal.LQ3H35.e5.kL5UtMlfuSztyAZiPBayXgExOSN6RG2', NULL),
(2, 'Renata Galante', 'galante@inf.ufrgs.br', '$2y$10$604JSJZn2Ihp/9GTIWiMeOTxL5ZmtUPvIt5zqEWmfi4paI2MvZw9m', NULL),
(3, 'Giovanni Kuhn', 'giovannikuhn@gmail.com', '$2y$10$ByXsGYWBEz.ZOBqGtmDF4uuALQmgUMc1xBxTO0HycMrqFet/hdMLO', NULL),
(4, 'Alessandra Mendez', 'alessandramendezbr@gmail.com', '$2y$10$688Ta0j7S67izpxkXGY7CuyNgKD1JgqOA2u.ZQMFom/ZmXxO8xcaW', NULL),
(5, 'Vladimir Jardim', 'vladimirfjardim@gmail.com', '$2y$10$gg5wbgrEKEvZu3X/dV9AEOG7HgC2hnVywFBt4ELmhXnI26pT5.r4K', NULL);

--
-- Índices de tabelas apagadas
--

--
-- Índices de tabela `Abrangencia`
--
ALTER TABLE `Abrangencia`
  ADD PRIMARY KEY (`CodAbrangencia`);

--
-- Índices de tabela `Artigo`
--
ALTER TABLE `Artigo`
  ADD PRIMARY KEY (`CodArtigo`),
  ADD KEY `fkIdx_99` (`CodAbrangencia`),
  ADD KEY `fkIdx_103` (`CodObjetoPesquisa`),
  ADD KEY `fkIdx_215` (`CodUsuarioInsercao`),
  ADD KEY `fkIdx_218` (`CodUsuarioUltimaAtu`),
  ADD KEY `FK_200` (`CodRevista`);

--
-- Índices de tabela `ArtigoAutor`
--
ALTER TABLE `ArtigoAutor`
  ADD PRIMARY KEY (`CodArtigo`,`CodAutor`),
  ADD KEY `fkIdx_179` (`CodArtigo`),
  ADD KEY `fkIdx_184` (`CodAutor`);

--
-- Índices de tabela `ArtigoCoordenador`
--
ALTER TABLE `ArtigoCoordenador`
  ADD PRIMARY KEY (`CodArtigo`,`CodCoordenador`),
  ADD KEY `fkIdx_235` (`CodArtigo`),
  ADD KEY `fkIdx_239` (`CodCoordenador`);

--
-- Índices de tabela `ArtigoInstituicao`
--
ALTER TABLE `ArtigoInstituicao`
  ADD PRIMARY KEY (`CodArtigo`,`CodInstituicao`),
  ADD KEY `fkIdx_120` (`CodArtigo`),
  ADD KEY `fkIdx_125` (`CodInstituicao`);

--
-- Índices de tabela `ArtigoPalavra`
--
ALTER TABLE `ArtigoPalavra`
  ADD PRIMARY KEY (`CodArtigo`,`CodPalavra`),
  ADD KEY `fkIdx_222` (`CodArtigo`),
  ADD KEY `fkIdx_226` (`CodPalavra`);

--
-- Índices de tabela `ArtigoTipoAnalise`
--
ALTER TABLE `ArtigoTipoAnalise`
  ADD PRIMARY KEY (`CodArtigo`,`CodTipoAnalise`),
  ADD KEY `fkIdx_47` (`CodTipoAnalise`),
  ADD KEY `fkIdx_66` (`CodArtigo`);

--
-- Índices de tabela `ArtigoTipoObjetivo`
--
ALTER TABLE `ArtigoTipoObjetivo`
  ADD PRIMARY KEY (`CodArtigo`,`CodTipoObjetivo`),
  ADD KEY `fkIdx_109` (`CodArtigo`),
  ADD KEY `fkIdx_114` (`CodTipoObjetivo`);

--
-- Índices de tabela `ArtigoTipoProcedimento`
--
ALTER TABLE `ArtigoTipoProcedimento`
  ADD PRIMARY KEY (`CodArtigo`,`CodTipoProcedimento`),
  ADD KEY `fkIdx_75` (`CodArtigo`),
  ADD KEY `fkIdx_80` (`CodTipoProcedimento`);

--
-- Índices de tabela `Autor`
--
ALTER TABLE `Autor`
  ADD PRIMARY KEY (`CodAutor`);

--
-- Índices de tabela `Coordenador`
--
ALTER TABLE `Coordenador`
  ADD PRIMARY KEY (`CodCoordenador`);

--
-- Índices de tabela `Instituicao`
--
ALTER TABLE `Instituicao`
  ADD PRIMARY KEY (`CodInstituicao`),
  ADD KEY `fkIdx_195` (`CodUF`);

--
-- Índices de tabela `ObjetoPesquisa`
--
ALTER TABLE `ObjetoPesquisa`
  ADD PRIMARY KEY (`CodObjetoPesquisa`),
  ADD KEY `fkIdx_164` (`CodObjetoPesquisaPai`);

--
-- Índices de tabela `Palavra`
--
ALTER TABLE `Palavra`
  ADD PRIMARY KEY (`CodPalavra`);

--
-- Índices de tabela `Revista`
--
ALTER TABLE `Revista`
  ADD PRIMARY KEY (`CodRevista`);

--
-- Índices de tabela `TipoAnalise`
--
ALTER TABLE `TipoAnalise`
  ADD PRIMARY KEY (`CodTipoAnalise`);

--
-- Índices de tabela `TipoObjetivo`
--
ALTER TABLE `TipoObjetivo`
  ADD PRIMARY KEY (`CodTipoObjetivo`);

--
-- Índices de tabela `TipoProcedimento`
--
ALTER TABLE `TipoProcedimento`
  ADD PRIMARY KEY (`CodTipoProcedimento`);

--
-- Índices de tabela `UnidadeFederacao`
--
ALTER TABLE `UnidadeFederacao`
  ADD PRIMARY KEY (`CodUF`);

--
-- Índices de tabela `Usuario`
--
ALTER TABLE `Usuario`
  ADD PRIMARY KEY (`CodUsuario`),
  ADD UNIQUE KEY `Ind_233` (`EmailUsuario`);

--
-- Restrições para dumps de tabelas
--

--
-- Restrições para tabelas `Artigo`
--
ALTER TABLE `Artigo`
  ADD CONSTRAINT `FK_103` FOREIGN KEY (`CodObjetoPesquisa`) REFERENCES `ObjetoPesquisa` (`CodObjetoPesquisa`),
  ADD CONSTRAINT `FK_200` FOREIGN KEY (`CodRevista`) REFERENCES `Revista` (`CodRevista`),
  ADD CONSTRAINT `FK_215` FOREIGN KEY (`CodUsuarioInsercao`) REFERENCES `Usuario` (`CodUsuario`),
  ADD CONSTRAINT `FK_218` FOREIGN KEY (`CodUsuarioUltimaAtu`) REFERENCES `Usuario` (`CodUsuario`),
  ADD CONSTRAINT `FK_99` FOREIGN KEY (`CodAbrangencia`) REFERENCES `Abrangencia` (`CodAbrangencia`);

--
-- Restrições para tabelas `ArtigoAutor`
--
ALTER TABLE `ArtigoAutor`
  ADD CONSTRAINT `FK_179` FOREIGN KEY (`CodArtigo`) REFERENCES `Artigo` (`CodArtigo`),
  ADD CONSTRAINT `FK_184` FOREIGN KEY (`CodAutor`) REFERENCES `Autor` (`CodAutor`);

--
-- Restrições para tabelas `ArtigoCoordenador`
--
ALTER TABLE `ArtigoCoordenador`
  ADD CONSTRAINT `FK_235` FOREIGN KEY (`CodArtigo`) REFERENCES `Artigo` (`CodArtigo`),
  ADD CONSTRAINT `FK_239` FOREIGN KEY (`CodCoordenador`) REFERENCES `Coordenador` (`CodCoordenador`);

--
-- Restrições para tabelas `ArtigoInstituicao`
--
ALTER TABLE `ArtigoInstituicao`
  ADD CONSTRAINT `FK_120` FOREIGN KEY (`CodArtigo`) REFERENCES `Artigo` (`CodArtigo`),
  ADD CONSTRAINT `FK_125` FOREIGN KEY (`CodInstituicao`) REFERENCES `Instituicao` (`CodInstituicao`);

--
-- Restrições para tabelas `ArtigoPalavra`
--
ALTER TABLE `ArtigoPalavra`
  ADD CONSTRAINT `FK_222` FOREIGN KEY (`CodArtigo`) REFERENCES `Artigo` (`CodArtigo`),
  ADD CONSTRAINT `FK_226` FOREIGN KEY (`CodPalavra`) REFERENCES `Palavra` (`CodPalavra`);

--
-- Restrições para tabelas `ArtigoTipoAnalise`
--
ALTER TABLE `ArtigoTipoAnalise`
  ADD CONSTRAINT `FK_47` FOREIGN KEY (`CodTipoAnalise`) REFERENCES `TipoAnalise` (`CodTipoAnalise`),
  ADD CONSTRAINT `FK_66` FOREIGN KEY (`CodArtigo`) REFERENCES `Artigo` (`CodArtigo`);

--
-- Restrições para tabelas `ArtigoTipoObjetivo`
--
ALTER TABLE `ArtigoTipoObjetivo`
  ADD CONSTRAINT `FK_109` FOREIGN KEY (`CodArtigo`) REFERENCES `Artigo` (`CodArtigo`),
  ADD CONSTRAINT `FK_114` FOREIGN KEY (`CodTipoObjetivo`) REFERENCES `TipoObjetivo` (`CodTipoObjetivo`);

--
-- Restrições para tabelas `ArtigoTipoProcedimento`
--
ALTER TABLE `ArtigoTipoProcedimento`
  ADD CONSTRAINT `FK_75` FOREIGN KEY (`CodArtigo`) REFERENCES `Artigo` (`CodArtigo`),
  ADD CONSTRAINT `FK_80` FOREIGN KEY (`CodTipoProcedimento`) REFERENCES `TipoProcedimento` (`CodTipoProcedimento`);

--
-- Restrições para tabelas `Instituicao`
--
ALTER TABLE `Instituicao`
  ADD CONSTRAINT `FK_195` FOREIGN KEY (`CodUF`) REFERENCES `UnidadeFederacao` (`CodUF`);

--
-- Restrições para tabelas `ObjetoPesquisa`
--
ALTER TABLE `ObjetoPesquisa`
  ADD CONSTRAINT `FK_164` FOREIGN KEY (`CodObjetoPesquisaPai`) REFERENCES `ObjetoPesquisa` (`CodObjetoPesquisa`);

/*!40101 SET CHARACTER_SET_CLIENT=@OLD_CHARACTER_SET_CLIENT */;
/*!40101 SET CHARACTER_SET_RESULTS=@OLD_CHARACTER_SET_RESULTS */;
/*!40101 SET COLLATION_CONNECTION=@OLD_COLLATION_CONNECTION */;
